"transactionRecordId","dataSource","externalReference","amountPaise","currencyCode","transactionDate","ingestedAt","rawDescription","rawPayload"
tx_mm7r5t6gfj,GATEWAY_SETTLEMENT,pay_ZT4YOOO4,3305949,INR,2026-08-17,2026-08-23T17:18:01.993Z,GATEWAY_SETTLEMENT: 33059.49 INR,"{""reference"":""pay_ZT4YOOO4""}"
tx_9lhq9xrixk8,GATEWAY_SETTLEMENT,pay_7BGYCZAI,2088578,INR,2026-07-12,2026-08-22T21:24:36.993Z,GATEWAY_SETTLEMENT: 20885.78 INR,"{""reference"":""pay_7BGYCZAI""}"
tx_qz5vt71a1fq,GATEWAY_SETTLEMENT, pay_KAGBNX8U ,2096067,INR,2026-07-15,2026-08-23T00:03:00.993Z,GATEWAY_SETTLEMENT: 20960.67 INR,"{""reference"":"" pay_KAGBNX8U ""}"
tx_59scc5mft8r,GATEWAY_SETTLEMENT,pay_KI5C5SXO_1,122694,INR,2026-07-20,2026-08-23T00:24:46.993Z,GATEWAY_SPLIT_SETTLEMENT: 1226.94 INR,"{""reference"":""pay_KI5C5SXO_1""}"
tx_nvridh46fp,GATEWAY_SETTLEMENT,pay_KI5C5SXO_2,122694,INR,2026-07-20,2026-08-23T10:49:22.993Z,GATEWAY_SPLIT_SETTLEMENT: 1226.94 INR,"{""reference"":""pay_KI5C5SXO_2""}"
tx_55gxo4uc6ga,GATEWAY_SETTLEMENT,pay_KI5C5SXO_3,122694,INR,2026-07-20,2026-08-23T16:27:12.993Z,GATEWAY_SPLIT_SETTLEMENT: 1226.94 INR,"{""reference"":""pay_KI5C5SXO_3""}"
tx_ylm4jspd19,GATEWAY_SETTLEMENT,pay_MO611ZN7,3847737,INR,2026-08-12,2026-08-23T12:37:58.993Z,GATEWAY_SETTLEMENT: 38477.37 INR,"{""reference"":""pay_MO611ZN7""}"
tx_tzzn0f1f3om,GATEWAY_SETTLEMENT,pay_HEHKPJ3F,2234315,INR,2026-08-10,2026-08-23T09:57:30.993Z,GATEWAY_SALE: 22343.15 INR,"{""reference"":""pay_HEHKPJ3F""}"
tx_9h5asmravzl,GATEWAY_SETTLEMENT,pay_HEHKPJ3F-REF,-558579,INR,2026-08-10,2026-08-23T15:23:05.993Z,GATEWAY_REFUND: -5585.79 INR,"{""reference"":""pay_HEHKPJ3F-REF""}"
tx_xy0qdook89e,GATEWAY_SETTLEMENT,pay_CT8UKVOB_1,2128247,INR,2026-08-15,2026-08-23T14:01:58.993Z,GATEWAY_SPLIT_SETTLEMENT: 21282.47 INR,"{""reference"":""pay_CT8UKVOB_1""}"
tx_ljvz5hkdveo,GATEWAY_SETTLEMENT,pay_CT8UKVOB_2,2128246,INR,2026-08-15,2026-08-23T13:57:00.993Z,GATEWAY_SPLIT_SETTLEMENT: 21282.46 INR,"{""reference"":""pay_CT8UKVOB_2""}"
tx_csmqfj97kio,GATEWAY_SETTLEMENT,pay_DUAV0L39,1642781,INR,2026-07-27,2026-08-22T03:36:43.993Z,PAYPAL PAYMENT: 16427.81 INR,"{""gatewayProvider"":""BRAINTREE""}"
tx_rt9byu4z4wh,GATEWAY_SETTLEMENT,pay_8CE2F7G1_1,419226,INR,2026-08-13,2026-08-22T23:57:52.993Z,GATEWAY_SPLIT_SETTLEMENT: 4192.26 INR,"{""reference"":""pay_8CE2F7G1_1""}"
tx_ji3o37wlfp9,GATEWAY_SETTLEMENT,pay_8CE2F7G1_2,419226,INR,2026-08-13,2026-08-23T03:17:11.993Z,GATEWAY_SPLIT_SETTLEMENT: 4192.26 INR,"{""reference"":""pay_8CE2F7G1_2""}"
tx_ci95egaycnv,GATEWAY_SETTLEMENT,pay_8CE2F7G1_3,419226,INR,2026-08-13,2026-08-23T11:07:14.993Z,GATEWAY_SPLIT_SETTLEMENT: 4192.26 INR,"{""reference"":""pay_8CE2F7G1_3""}"
tx_kdd01278nor,GATEWAY_SETTLEMENT,pay_8CE2F7G1_4,419226,INR,2026-08-13,2026-08-23T07:13:20.993Z,GATEWAY_SPLIT_SETTLEMENT: 4192.26 INR,"{""reference"":""pay_8CE2F7G1_4""}"
tx_vr0rz42xcen,GATEWAY_SETTLEMENT,pay_8CE2F7G1_5,419228,INR,2026-08-13,2026-08-22T20:39:11.993Z,GATEWAY_SPLIT_SETTLEMENT: 4192.28 INR,"{""reference"":""pay_8CE2F7G1_5""}"
tx_4h5rlz0jcj5,GATEWAY_SETTLEMENT,pay_76R1YU2H,2508816,INR,2026-08-07,2026-08-23T17:26:51.993Z,GATEWAY_SALE: 25088.16 INR,"{""reference"":""pay_76R1YU2H""}"
tx_qdgt79nesg8,GATEWAY_SETTLEMENT,pay_76R1YU2H-REF,-627204,INR,2026-08-07,2026-08-23T13:46:36.993Z,GATEWAY_REFUND: -6272.04 INR,"{""reference"":""pay_76R1YU2H-REF""}"
tx_1dbs36wcmgt,GATEWAY_SETTLEMENT,pay_4CEZW4IC,371814,INR,2026-08-02,2026-08-22T11:06:18.993Z,SQUARE PAYMENT: 3718.14 INR,"{""gatewayProvider"":""RAZORPAY""}"
tx_4bhvvwlnxzd,GATEWAY_SETTLEMENT,pay_0Q75DLW2,1067412,INR,2026-08-07,2026-08-23T15:37:21.993Z,GATEWAY_SETTLEMENT: 10674.12 INR,"{""reference"":""pay_0Q75DLW2""}"
tx_9w4w7l64n8e,GATEWAY_SETTLEMENT,pa_yVRL3GHR0,314699,INR,2026-08-16,2026-08-22T22:46:10.993Z,GATEWAY_SETTLEMENT: 3146.99 INR,"{""reference"":""pa_yVRL3GHR0""}"
tx_sig9hsxyuh,GATEWAY_SETTLEMENT,pay_QN9ZOIKJ,2000084,INR,2026-07-27,2026-08-22T14:57:00.993Z,PAYPAL PAYMENT: 20000.84 INR,"{""gatewayProvider"":""SQUARE""}"
tx_qk1qrdtdqz,GATEWAY_SETTLEMENT,pay_N28Q498W,1096475,INR,2026-07-28,2026-08-23T05:36:39.993Z,GATEWAY_SETTLEMENT: 10964.75 INR,"{""reference"":""pay_N28Q498W""}"
tx_bgjdyi9iqig,GATEWAY_SETTLEMENT,pay_HCCD77KJ,1269229,INR,2026-07-09,2026-08-23T09:24:13.993Z,GATEWAY_SETTLEMENT: 12692.29 INR,"{""reference"":""pay_HCCD77KJ""}"
tx_knedd71cz6,GATEWAY_SETTLEMENT,pay_A2GZX8U6_1,790949,INR,2026-07-18,2026-08-23T10:09:08.993Z,GATEWAY_SPLIT_SETTLEMENT: 7909.49 INR,"{""reference"":""pay_A2GZX8U6_1""}"
tx_eb3kth8uiab,GATEWAY_SETTLEMENT,pay_A2GZX8U6_2,790949,INR,2026-07-18,2026-08-23T08:59:52.993Z,GATEWAY_SPLIT_SETTLEMENT: 7909.49 INR,"{""reference"":""pay_A2GZX8U6_2""}"
tx_e3hjhvra64n,GATEWAY_SETTLEMENT,pay_A2GZX8U6_3,790948,INR,2026-07-18,2026-08-22T21:49:32.993Z,GATEWAY_SPLIT_SETTLEMENT: 7909.48 INR,"{""reference"":""pay_A2GZX8U6_3""}"
tx_8rbahia7wrt,GATEWAY_SETTLEMENT,pay_0F5YO9UJ,3968120,INR,2026-07-26,2026-08-23T12:17:43.993Z,GATEWAY_SETTLEMENT: 39681.2 INR,"{""reference"":""pay_0F5YO9UJ""}"
tx_w3xn5xf7r4p,GATEWAY_SETTLEMENT,pay_OAXEO1MX,3010229,INR,2026-08-14,2026-08-23T07:12:29.993Z,GATEWAY_SETTLEMENT: 30102.29 INR,"{""reference"":""pay_OAXEO1MX""}"
tx_rchvqggtjnb,GATEWAY_SETTLEMENT,pay_S8OPCZPC,2506018,INR,2026-08-13,2026-08-23T04:52:13.993Z,GATEWAY_SETTLEMENT: 25060.18 INR,"{""reference"":""pay_S8OPCZPC""}"
tx_8u1r19yltnc,GATEWAY_SETTLEMENT,pay_3EK2F5PG_1,332826,INR,2026-07-23,2026-08-23T14:55:05.993Z,GATEWAY_SPLIT_SETTLEMENT: 3328.26 INR,"{""reference"":""pay_3EK2F5PG_1""}"
tx_tl0ykpx1aaq,GATEWAY_SETTLEMENT,pay_3EK2F5PG_2,332826,INR,2026-07-23,2026-08-23T17:37:32.993Z,GATEWAY_SPLIT_SETTLEMENT: 3328.26 INR,"{""reference"":""pay_3EK2F5PG_2""}"
tx_3pzv9eou3y,GATEWAY_SETTLEMENT,pay_REV9VOM1,955405,INR,2026-08-09,2026-08-23T11:06:41.993Z,GATEWAY_SALE: 9554.05 INR,"{""reference"":""pay_REV9VOM1""}"
tx_r6kjn3fg4gp,GATEWAY_SETTLEMENT,pay_REV9VOM1-REF,-238851,INR,2026-08-09,2026-08-23T12:01:17.993Z,GATEWAY_REFUND: -2388.51 INR,"{""reference"":""pay_REV9VOM1-REF""}"
tx_9f42qjh7jkh,GATEWAY_SETTLEMENT,pay_DEVGD0OL,1574747,INR,2026-08-12,2026-08-22T23:35:40.993Z,GATEWAY_SETTLEMENT: 15747.47 INR,"{""reference"":""pay_DEVGD0OL""}"
tx_07qrr8oogg8y,GATEWAY_SETTLEMENT,pay_LIULTLDJ,486447,INR,2026-07-19,2026-08-23T10:46:23.993Z,GATEWAY_SALE: 4864.47 INR,"{""reference"":""pay_LIULTLDJ""}"
tx_m6gfexeyyjn,GATEWAY_SETTLEMENT,pay_LIULTLDJ-REF,-121612,INR,2026-07-19,2026-08-22T23:58:57.993Z,GATEWAY_REFUND: -1216.12 INR,"{""reference"":""pay_LIULTLDJ-REF""}"
tx_4bib850xfa6,GATEWAY_SETTLEMENT,pay_409N0BG2,1266924,INR,2026-08-17,2026-08-23T12:03:49.993Z,GATEWAY_SETTLEMENT: 12669.24 INR,"{""reference"":""pay_409N0BG2""}"
tx_0e7c57nm39mi,GATEWAY_SETTLEMENT,pay_TC3SYZ6P,1343497,INR,2026-07-16,2026-08-23T06:46:38.993Z,GATEWAY_SETTLEMENT: 13434.97 INR,"{""reference"":""pay_TC3SYZ6P""}"
tx_s8vsubxlk7g,GATEWAY_SETTLEMENT,pay_P0N96I18,2276526,INR,2026-07-15,2026-08-23T07:44:28.993Z,GATEWAY_SETTLEMENT: 22765.26 INR,"{""reference"":""pay_P0N96I18""}"
tx_d47gdaesfqt,GATEWAY_SETTLEMENT,pay_A1CKORE7,273779,INR,2026-08-04,2026-08-23T08:36:52.994Z,GATEWAY_SETTLEMENT: 2737.79 INR,"{""reference"":""pay_A1CKORE7""}"
tx_o9elj3jb1aj,GATEWAY_SETTLEMENT,pay_U7U20URX,675013,INR,2026-07-30,2026-08-23T02:01:48.994Z,GATEWAY_SETTLEMENT: 6750.13 INR,"{""reference"":""pay_U7U20URX""}"
tx_o8d4lpb8qe,GATEWAY_SETTLEMENT,pay_87DAJWR4,2701115,INR,2026-07-14,2026-08-22T16:58:57.994Z,BRAINTREE PAYMENT: 27011.15 INR,"{""gatewayProvider"":""PAYPAL""}"
tx_d8xn8htqopt,GATEWAY_SETTLEMENT,pay_W1HW0PU2,2188817,INR,2026-07-16,2026-08-23T01:45:35.994Z,GATEWAY_SETTLEMENT: 21888.17 INR,"{""reference"":""pay_W1HW0PU2""}"
tx_smr9jprbd3,GATEWAY_SETTLEMENT,pay_D7DHR6ZF,965550,INR,2026-08-13,2026-08-23T13:29:19.994Z,GATEWAY_SETTLEMENT: 9655.5 INR,"{""reference"":""pay_D7DHR6ZF""}"
tx_8wwfrqn2f1u,GATEWAY_SETTLEMENT,pay_1VSXFBIN,309987,INR,2026-08-02,2026-08-23T05:48:54.994Z,GATEWAY_SETTLEMENT: 3099.87 INR,"{""reference"":""pay_1VSXFBIN""}"
tx_t0sfx1xiw0h,GATEWAY_SETTLEMENT,pay_JJ32L9UG,4208872,INR,2026-07-26,2026-08-22T16:12:02.994Z,STRIPE PAYMENT: 42088.72 INR,"{""gatewayProvider"":""STRIPE""}"
tx_0gbc96unwamd,GATEWAY_SETTLEMENT,pay_PGGIZ5QI,1323243,INR,2026-07-09,2026-08-23T02:04:53.994Z,GATEWAY_SALE: 13232.43 INR,"{""reference"":""pay_PGGIZ5QI""}"
tx_acjffptehd,GATEWAY_SETTLEMENT,pay_PGGIZ5QI-REF,-330811,INR,2026-07-09,2026-08-23T10:09:30.994Z,GATEWAY_REFUND: -3308.11 INR,"{""reference"":""pay_PGGIZ5QI-REF""}"
tx_gtqcr04ml0w,GATEWAY_SETTLEMENT,pay_NL654JBK_1,886994,INR,2026-07-12,2026-08-23T13:06:04.994Z,GATEWAY_SPLIT_SETTLEMENT: 8869.94 INR,"{""reference"":""pay_NL654JBK_1""}"
tx_nx3iwrgu2vp,GATEWAY_SETTLEMENT,pay_NL654JBK_2,886994,INR,2026-07-12,2026-08-23T13:41:14.994Z,GATEWAY_SPLIT_SETTLEMENT: 8869.94 INR,"{""reference"":""pay_NL654JBK_2""}"
tx_cd5o4tb9gjh,GATEWAY_SETTLEMENT,pay_NL654JBK_3,886994,INR,2026-07-12,2026-08-23T00:15:08.994Z,GATEWAY_SPLIT_SETTLEMENT: 8869.94 INR,"{""reference"":""pay_NL654JBK_3""}"
tx_mawc9mblebc,GATEWAY_SETTLEMENT,pay_NL654JBK_4,886992,INR,2026-07-12,2026-08-23T16:34:34.994Z,GATEWAY_SPLIT_SETTLEMENT: 8869.92 INR,"{""reference"":""pay_NL654JBK_4""}"
tx_tv5lvynz87,GATEWAY_SETTLEMENT,pay_9WXUYHNT,2901414,INR,2026-07-08,2026-08-23T07:54:08.994Z,GATEWAY_SETTLEMENT: 29014.14 INR,"{""reference"":""pay_9WXUYHNT""}"
tx_198jiw15rjs,GATEWAY_SETTLEMENT,pay_S0VVVDJ8,3505429,INR,2026-07-15,2026-08-23T05:52:53.994Z,GATEWAY_SETTLEMENT: 35054.29 INR,"{""reference"":""pay_S0VVVDJ8""}"
tx_ynbhj7qaqw,GATEWAY_SETTLEMENT,pay_N4NRR4GS,4322137,INR,2026-08-10,2026-08-23T15:45:50.994Z,GATEWAY_SETTLEMENT: 43221.37 INR,"{""reference"":""pay_N4NRR4GS""}"
tx_hznnpdwmgje,GATEWAY_SETTLEMENT,pay_SU1J4RUU,1806128,INR,2026-08-10,2026-08-23T11:13:24.994Z,GATEWAY_SETTLEMENT: 18061.28 INR,"{""reference"":""pay_SU1J4RUU""}"
tx_h9jtzdvb1xl,GATEWAY_SETTLEMENT,pay_EMUP6B7E,3958732,INR,2026-07-24,2026-08-23T17:42:41.994Z,GATEWAY_SETTLEMENT: 39587.32 INR,"{""reference"":""pay_EMUP6B7E""}"
tx_8pdj37no2ae,GATEWAY_SETTLEMENT,pay_8RMKSZHL,2038608,INR,2026-08-18,2026-08-23T12:09:48.994Z,GATEWAY_SETTLEMENT: 20386.08 INR,"{""reference"":""pay_8RMKSZHL""}"
tx_f8d8pi5v4ju,GATEWAY_SETTLEMENT,pay_8E0Q39ZV,864973,INR,2026-07-28,2026-08-23T02:57:42.994Z,GATEWAY_SETTLEMENT: 8649.73 INR,"{""reference"":""pay_8E0Q39ZV""}"
tx_0hlck6hqkjua,GATEWAY_SETTLEMENT,pay_A98NQ80W,1763607,INR,2026-07-20,2026-08-22T20:30:14.994Z,GATEWAY_SETTLEMENT: 17636.07 INR,"{""reference"":""pay_A98NQ80W""}"
tx_zcx1wbcrhha,GATEWAY_SETTLEMENT,pay_M5N7YXOW,2481906,INR,2026-07-18,2026-08-22T02:01:08.994Z,PAYPAL PAYMENT: 24819.06 INR,"{""gatewayProvider"":""BRAINTREE""}"
tx_2nofjh9g4k7,GATEWAY_SETTLEMENT,pay_TJ1KRMIK,1099665,INR,2026-08-04,2026-08-23T08:19:07.994Z,GATEWAY_SETTLEMENT: 10996.65 INR,"{""reference"":""pay_TJ1KRMIK""}"
tx_g790ci81xi7,GATEWAY_SETTLEMENT,pay_7ZZT7HJ5,205509,INR,2026-07-25,2026-08-23T04:32:26.994Z,GATEWAY_SETTLEMENT: 2055.09 INR,"{""reference"":""pay_7ZZT7HJ5""}"
tx_2k7gq6qklfr,GATEWAY_SETTLEMENT,pay_JDM9DHVF_1,880626,INR,2026-08-15,2026-08-23T07:40:21.994Z,GATEWAY_SPLIT_SETTLEMENT: 8806.26 INR,"{""reference"":""pay_JDM9DHVF_1""}"
tx_fx2kiy54chr,GATEWAY_SETTLEMENT,pay_JDM9DHVF_2,880625,INR,2026-08-15,2026-08-23T08:55:06.994Z,GATEWAY_SPLIT_SETTLEMENT: 8806.25 INR,"{""reference"":""pay_JDM9DHVF_2""}"
tx_ic77cyy9g8,GATEWAY_SETTLEMENT,pay_KWSRBSYP,211766,INR,2026-07-08,2026-08-23T15:13:05.994Z,GATEWAY_SALE: 2117.66 INR,"{""reference"":""pay_KWSRBSYP""}"
tx_11vhfx7v4s1d,GATEWAY_SETTLEMENT,pay_KWSRBSYP-REF,-52942,INR,2026-07-08,2026-08-23T03:46:34.994Z,GATEWAY_REFUND: -529.42 INR,"{""reference"":""pay_KWSRBSYP-REF""}"
tx_syk73gnxles,GATEWAY_SETTLEMENT,pay_GPMA9W1Y,1649286,INR,2026-07-30,2026-08-23T01:37:52.994Z,GATEWAY_SETTLEMENT: 16492.86 INR,"{""reference"":""pay_GPMA9W1Y""}"
tx_i4yvfr0jkl,GATEWAY_SETTLEMENT,pay_80A8KVFY,4140711,INR,2026-08-11,2026-08-23T06:25:49.994Z,GATEWAY_SETTLEMENT: 41407.11 INR,"{""reference"":""pay_80A8KVFY""}"
tx_kvoxed3lv6,GATEWAY_SETTLEMENT,pay_IAN7O2P8,3072752,INR,2026-07-19,2026-08-23T01:29:23.994Z,GATEWAY_SETTLEMENT: 30727.52 INR,"{""reference"":""pay_IAN7O2P8""}"
tx_dqhcgx50yne,GATEWAY_SETTLEMENT,pay_PJ3ELNDC,2278756,INR,2026-07-11,2026-08-23T14:09:35.994Z,GATEWAY_SETTLEMENT: 22787.56 INR,"{""reference"":""pay_PJ3ELNDC""}"
tx_1w82zwgkf0e,GATEWAY_SETTLEMENT,pay_KVARVEHF,543670,INR,2026-08-17,2026-08-23T16:05:39.994Z,GATEWAY_SETTLEMENT: 5436.7 INR,"{""reference"":""pay_KVARVEHF""}"
tx_r710wnojab,GATEWAY_SETTLEMENT,pay_LVGKDFWA,3291618,INR,2026-08-16,2026-08-23T16:30:21.994Z,GATEWAY_SALE: 32916.18 INR,"{""reference"":""pay_LVGKDFWA""}"
tx_vmq5oxxhhqn,GATEWAY_SETTLEMENT,pay_LVGKDFWA-REF,-822905,INR,2026-08-16,2026-08-23T06:42:15.994Z,GATEWAY_REFUND: -8229.05 INR,"{""reference"":""pay_LVGKDFWA-REF""}"
tx_c54dlo8h2k,GATEWAY_SETTLEMENT,pay_K9RQXKIP_1,1321614,INR,2026-08-14,2026-08-23T03:14:11.994Z,GATEWAY_SPLIT_SETTLEMENT: 13216.14 INR,"{""reference"":""pay_K9RQXKIP_1""}"
tx_31d5wo95nc1,GATEWAY_SETTLEMENT,pay_K9RQXKIP_2,1321613,INR,2026-08-14,2026-08-23T15:51:45.994Z,GATEWAY_SPLIT_SETTLEMENT: 13216.13 INR,"{""reference"":""pay_K9RQXKIP_2""}"
tx_mzxonislo3p,GATEWAY_SETTLEMENT,pay_KV9SS81I,1743838,INR,2026-08-02,2026-08-23T09:50:46.994Z,GATEWAY_SETTLEMENT: 17438.38 INR,"{""reference"":""pay_KV9SS81I""}"
tx_xbf7zv6qoub,GATEWAY_SETTLEMENT,pay_U6QL4MAM,3883952,INR,2026-07-17,2026-08-23T06:49:15.994Z,GATEWAY_SETTLEMENT: 38839.52 INR,"{""reference"":""pay_U6QL4MAM""}"
tx_8aexxmgjrbe,GATEWAY_SETTLEMENT,pay_BKE62AW7,2737711,INR,2026-07-14,2026-08-22T17:35:28.994Z,SQUARE PAYMENT: 27377.11 INR,"{""gatewayProvider"":""STRIPE""}"
tx_32dsq3kgv03,GATEWAY_SETTLEMENT,pay_PRCSHLHF,1198414,INR,2026-08-12,2026-08-22T22:09:07.994Z,GATEWAY_SETTLEMENT: 11984.14 INR,"{""reference"":""pay_PRCSHLHF""}"
tx_6zh0dejai0y,GATEWAY_SETTLEMENT,pay_ZU7KQJG7,306969,INR,2026-07-10,2026-08-22T20:39:09.994Z,GATEWAY_SETTLEMENT: 3069.69 INR,"{""reference"":""pay_ZU7KQJG7""}"
tx_zynnjmy586,GATEWAY_SETTLEMENT,pay_RC5BDA86_1,330351,INR,2026-08-15,2026-08-23T00:14:01.994Z,GATEWAY_SPLIT_SETTLEMENT: 3303.51 INR,"{""reference"":""pay_RC5BDA86_1""}"
tx_x57e2un7ugf,GATEWAY_SETTLEMENT,pay_RC5BDA86_2,330351,INR,2026-08-15,2026-08-23T02:50:05.994Z,GATEWAY_SPLIT_SETTLEMENT: 3303.51 INR,"{""reference"":""pay_RC5BDA86_2""}"
tx_t8f3a444aj,GATEWAY_SETTLEMENT,pay_RC5BDA86_3,330351,INR,2026-08-15,2026-08-22T20:08:38.994Z,GATEWAY_SPLIT_SETTLEMENT: 3303.51 INR,"{""reference"":""pay_RC5BDA86_3""}"
tx_ywo3nev7x7,GATEWAY_SETTLEMENT,pay_RC5BDA86_4,330349,INR,2026-08-15,2026-08-23T07:19:00.994Z,GATEWAY_SPLIT_SETTLEMENT: 3303.49 INR,"{""reference"":""pay_RC5BDA86_4""}"
tx_7w0tr539xst,GATEWAY_SETTLEMENT,pay_11NTZXVY,4279699,INR,2026-08-12,2026-08-22T00:40:30.994Z,SQUARE PAYMENT: 42796.99 INR,"{""gatewayProvider"":""RAZORPAY""}"
tx_zlvjthbywag,GATEWAY_SETTLEMENT,pay_VE56CUCD,2435940,INR,2026-08-03,2026-08-23T04:32:09.994Z,GATEWAY_SETTLEMENT: 24359.4 INR,"{""reference"":""pay_VE56CUCD""}"
tx_65layf8vu56,GATEWAY_SETTLEMENT,pay_20KXW0O0,1178732,INR,2026-08-10,2026-08-23T02:04:14.994Z,GATEWAY_SETTLEMENT: 11787.32 INR,"{""reference"":""pay_20KXW0O0""}"
tx_wexs35smfjk,GATEWAY_SETTLEMENT,pay_J585GT2H_1,1105707,INR,2026-08-10,2026-08-22T20:31:29.994Z,GATEWAY_SPLIT_SETTLEMENT: 11057.07 INR,"{""reference"":""pay_J585GT2H_1""}"
tx_guzjf1rox84,GATEWAY_SETTLEMENT,pay_J585GT2H_2,1105707,INR,2026-08-10,2026-08-22T19:11:46.994Z,GATEWAY_SPLIT_SETTLEMENT: 11057.07 INR,"{""reference"":""pay_J585GT2H_2""}"
tx_hqffv5jwx8o,GATEWAY_SETTLEMENT,pay_J585GT2H_3,1105708,INR,2026-08-10,2026-08-23T01:26:25.994Z,GATEWAY_SPLIT_SETTLEMENT: 11057.08 INR,"{""reference"":""pay_J585GT2H_3""}"
tx_e5mmunyzd1t,GATEWAY_SETTLEMENT,pay_0IGFWUZX,311738,INR,2026-07-30,2026-08-23T16:00:48.994Z,GATEWAY_SETTLEMENT: 3117.38 INR,"{""reference"":""pay_0IGFWUZX""}"
tx_4hnbh4qtuuy,GATEWAY_SETTLEMENT,pay_YLJWSAEP,2618658,INR,2026-07-21,2026-08-23T18:04:05.994Z,GATEWAY_SETTLEMENT: 26186.58 INR,"{""reference"":""pay_YLJWSAEP""}"
tx_q614rmx6j0g,GATEWAY_SETTLEMENT,pay_IVEME1BO,3569574,INR,2026-07-09,2026-08-23T12:14:14.994Z,GATEWAY_SETTLEMENT: 35695.74 INR,"{""reference"":""pay_IVEME1BO""}"
tx_rsw03j3yqod,GATEWAY_SETTLEMENT,pay_NN01O6PW,2719274,INR,2026-07-28,2026-08-22T13:40:02.994Z,SQUARE PAYMENT: 27192.74 INR,"{""gatewayProvider"":""SQUARE""}"
tx_lk6l6qj932l,GATEWAY_SETTLEMENT,pay_GU8J0SM1,4051594,INR,2026-07-12,2026-08-22T12:33:11.994Z,SQUARE PAYMENT: 40515.94 INR,"{""gatewayProvider"":""BRAINTREE""}"
tx_zzhfvzd6i1n,GATEWAY_SETTLEMENT,pay_YM60JJGK,1209253,INR,2026-08-02,2026-08-22T18:50:19.994Z,GATEWAY_SETTLEMENT: 12092.53 INR,"{""reference"":""pay_YM60JJGK""}"
tx_woztk4eys5n,GATEWAY_SETTLEMENT,pay_PIKS461B,144126,INR,2026-07-16,2026-08-23T10:40:03.994Z,GATEWAY_SETTLEMENT: 1441.26 INR,"{""reference"":""pay_PIKS461B""}"
tx_1t0zay8fi7p,GATEWAY_SETTLEMENT,pay_RFQ1XIY6,2237675,INR,2026-07-07,2026-08-23T04:33:51.994Z,GATEWAY_SETTLEMENT: 22376.75 INR,"{""reference"":""pay_RFQ1XIY6""}"
tx_y1dpcgm6zh,GATEWAY_SETTLEMENT,pay_ZSGV56Z9,872511,INR,2026-07-10,2026-08-23T03:32:12.994Z,GATEWAY_SETTLEMENT: 8725.11 INR,"{""reference"":""pay_ZSGV56Z9""}"
tx_rjdap1t6du,GATEWAY_SETTLEMENT,pay_2220GNI5,1112966,INR,2026-08-10,2026-08-23T12:50:56.994Z,GATEWAY_SALE: 11129.66 INR,"{""reference"":""pay_2220GNI5""}"
tx_m19r09l4h8k,GATEWAY_SETTLEMENT,pay_2220GNI5-REF,-278242,INR,2026-08-10,2026-08-23T11:14:05.994Z,GATEWAY_REFUND: -2782.42 INR,"{""reference"":""pay_2220GNI5-REF""}"
tx_ut61klc9ete,GATEWAY_SETTLEMENT,pay_VX97NJW7,4329705,INR,2026-07-23,2026-08-23T05:58:51.994Z,GATEWAY_SALE: 43297.05 INR,"{""reference"":""pay_VX97NJW7""}"
tx_oz9zj8qsuw,GATEWAY_SETTLEMENT,pay_VX97NJW7-REF,-1082426,INR,2026-07-23,2026-08-23T12:43:39.994Z,GATEWAY_REFUND: -10824.26 INR,"{""reference"":""pay_VX97NJW7-REF""}"
tx_t9zkmesb9hs,GATEWAY_SETTLEMENT,PAY_SJ9BM052,953770,INR,2026-07-14,2026-08-23T03:56:47.994Z,GATEWAY_SALE: 9537.7 INR,"{""reference"":""PAY_SJ9BM052""}"
tx_uo23nsytvw,GATEWAY_SETTLEMENT,PAY_SJ9BM052-REF,-238443,INR,2026-07-14,2026-08-23T12:02:07.994Z,GATEWAY_REFUND: -2384.43 INR,"{""reference"":""PAY_SJ9BM052-REF""}"
tx_s8wnoojg37,GATEWAY_SETTLEMENT,pay_GKQQHGJ4_1,1011545,INR,2026-08-07,2026-08-23T05:54:03.994Z,GATEWAY_SPLIT_SETTLEMENT: 10115.45 INR,"{""reference"":""pay_GKQQHGJ4_1""}"
tx_qvf12yw0k29,GATEWAY_SETTLEMENT,pay_GKQQHGJ4_2,1011545,INR,2026-08-07,2026-08-22T22:35:13.994Z,GATEWAY_SPLIT_SETTLEMENT: 10115.45 INR,"{""reference"":""pay_GKQQHGJ4_2""}"
tx_ndshshmh75q,GATEWAY_SETTLEMENT,pay_GKQQHGJ4_3,1011545,INR,2026-08-07,2026-08-23T11:25:13.994Z,GATEWAY_SPLIT_SETTLEMENT: 10115.45 INR,"{""reference"":""pay_GKQQHGJ4_3""}"
tx_95vnmpa0477,GATEWAY_SETTLEMENT,pay_GKQQHGJ4_4,1011546,INR,2026-08-07,2026-08-23T08:41:32.994Z,GATEWAY_SPLIT_SETTLEMENT: 10115.46 INR,"{""reference"":""pay_GKQQHGJ4_4""}"
tx_e8ztbwi9omr,GATEWAY_SETTLEMENT,pay_NYHU7MBQ_1,270306,INR,2026-07-19,2026-08-23T13:00:54.994Z,GATEWAY_SPLIT_SETTLEMENT: 2703.06 INR,"{""reference"":""pay_NYHU7MBQ_1""}"
tx_62kowbevt9k,GATEWAY_SETTLEMENT,pay_NYHU7MBQ_2,270306,INR,2026-07-19,2026-08-23T17:15:46.994Z,GATEWAY_SPLIT_SETTLEMENT: 2703.06 INR,"{""reference"":""pay_NYHU7MBQ_2""}"
tx_mmpsxtpow4,GATEWAY_SETTLEMENT,pay_NYHU7MBQ_3,270305,INR,2026-07-19,2026-08-23T03:25:02.994Z,GATEWAY_SPLIT_SETTLEMENT: 2703.05 INR,"{""reference"":""pay_NYHU7MBQ_3""}"
tx_9iwmrgiswr,GATEWAY_SETTLEMENT,pay_7DKPOZOO,3601627,INR,2026-07-27,2026-08-23T14:32:39.994Z,GATEWAY_SETTLEMENT: 36016.27 INR,"{""reference"":""pay_7DKPOZOO""}"
tx_msy8bjo4mk8,GATEWAY_SETTLEMENT,pay_1N0I7R51_1,2070713,INR,2026-08-10,2026-08-23T01:43:53.994Z,GATEWAY_SPLIT_SETTLEMENT: 20707.13 INR,"{""reference"":""pay_1N0I7R51_1""}"
tx_foc2i9ur49c,GATEWAY_SETTLEMENT,pay_1N0I7R51_2,2070712,INR,2026-08-10,2026-08-23T16:00:36.994Z,GATEWAY_SPLIT_SETTLEMENT: 20707.12 INR,"{""reference"":""pay_1N0I7R51_2""}"
tx_mgkp23xgm8b,GATEWAY_SETTLEMENT,pay_GMFWMVM7,3997297,INR,2026-07-19,2026-08-23T06:39:32.994Z,GATEWAY_SETTLEMENT: 39972.97 INR,"{""reference"":""pay_GMFWMVM7""}"
tx_h62tauyqbng,GATEWAY_SETTLEMENT,pay_9XHN1NP4,3112381,INR,2026-08-03,2026-08-22T09:23:16.994Z,SQUARE PAYMENT: 31123.81 INR,"{""gatewayProvider"":""PAYPAL""}"
tx_opyitqit9lc,GATEWAY_SETTLEMENT,pay_YTD898TK,3837548,INR,2026-08-11,2026-08-22T21:21:52.994Z,GATEWAY_SALE: 38375.48 INR,"{""reference"":""pay_YTD898TK""}"
tx_2ujyorxcz1y,GATEWAY_SETTLEMENT,pay_YTD898TK-REF,-959387,INR,2026-08-11,2026-08-22T19:37:52.994Z,GATEWAY_REFUND: -9593.87 INR,"{""reference"":""pay_YTD898TK-REF""}"
tx_kcl74hllkq,GATEWAY_SETTLEMENT,pay_MTIUQFTL,3947766,INR,2026-08-16,2026-08-23T02:58:18.994Z,GATEWAY_SALE: 39477.66 INR,"{""reference"":""pay_MTIUQFTL""}"
tx_28z1lvsxzum,GATEWAY_SETTLEMENT,pay_MTIUQFTL-REF,-986942,INR,2026-08-16,2026-08-23T17:00:51.994Z,GATEWAY_REFUND: -9869.42 INR,"{""reference"":""pay_MTIUQFTL-REF""}"
tx_hy1zylm441,GATEWAY_SETTLEMENT,pay_N5XLAD62,2356346,INR,2026-07-19,2026-08-23T09:48:08.994Z,GATEWAY_SETTLEMENT: 23563.46 INR,"{""reference"":""pay_N5XLAD62""}"
tx_pjr545dmi69,GATEWAY_SETTLEMENT,pay_FM1E6U76,2211741,INR,2026-07-11,2026-08-23T04:03:02.994Z,GATEWAY_SALE: 22117.41 INR,"{""reference"":""pay_FM1E6U76""}"
tx_okk041kr2ua,GATEWAY_SETTLEMENT,pay_FM1E6U76-REF,-552935,INR,2026-07-11,2026-08-22T20:46:40.994Z,GATEWAY_REFUND: -5529.35 INR,"{""reference"":""pay_FM1E6U76-REF""}"
tx_ffufehuh2x5,GATEWAY_SETTLEMENT,pay_A9YRUAA7_1,756946,INR,2026-07-11,2026-08-22T20:39:36.994Z,GATEWAY_SPLIT_SETTLEMENT: 7569.46 INR,"{""reference"":""pay_A9YRUAA7_1""}"
tx_tg1txdfspvq,GATEWAY_SETTLEMENT,pay_A9YRUAA7_2,756946,INR,2026-07-11,2026-08-22T22:26:20.994Z,GATEWAY_SPLIT_SETTLEMENT: 7569.46 INR,"{""reference"":""pay_A9YRUAA7_2""}"
tx_4x7jbyf1w3p,GATEWAY_SETTLEMENT,pay_A9YRUAA7_3,756946,INR,2026-07-11,2026-08-23T12:37:01.994Z,GATEWAY_SPLIT_SETTLEMENT: 7569.46 INR,"{""reference"":""pay_A9YRUAA7_3""}"
tx_dqvmdelxbp,GATEWAY_SETTLEMENT,pay_A9YRUAA7_4,756946,INR,2026-07-11,2026-08-23T00:23:48.994Z,GATEWAY_SPLIT_SETTLEMENT: 7569.46 INR,"{""reference"":""pay_A9YRUAA7_4""}"
tx_6xh8alx6qmv,GATEWAY_SETTLEMENT,pay_A9YRUAA7_5,756944,INR,2026-07-11,2026-08-23T15:17:40.994Z,GATEWAY_SPLIT_SETTLEMENT: 7569.44 INR,"{""reference"":""pay_A9YRUAA7_5""}"
tx_hiqzwahbnwv,GATEWAY_SETTLEMENT,pay_HO8FKG07_1,972171,INR,2026-08-15,2026-08-23T12:35:08.994Z,GATEWAY_SPLIT_SETTLEMENT: 9721.71 INR,"{""reference"":""pay_HO8FKG07_1""}"
tx_wesy0p5esl,GATEWAY_SETTLEMENT,pay_HO8FKG07_2,972171,INR,2026-08-15,2026-08-23T06:46:37.994Z,GATEWAY_SPLIT_SETTLEMENT: 9721.71 INR,"{""reference"":""pay_HO8FKG07_2""}"
tx_8bbznkbjuji,GATEWAY_SETTLEMENT,pay_HO8FKG07_3,972170,INR,2026-08-15,2026-08-23T04:07:28.994Z,GATEWAY_SPLIT_SETTLEMENT: 9721.7 INR,"{""reference"":""pay_HO8FKG07_3""}"
tx_rvtod0glq5,GATEWAY_SETTLEMENT,pay_66N7JFL1,4354481,INR,2026-07-20,2026-08-23T11:48:55.994Z,GATEWAY_SETTLEMENT: 43544.81 INR,"{""reference"":""pay_66N7JFL1""}"
tx_0tdy6wszq08n,GATEWAY_SETTLEMENT,pay_YQD416D7,1108208,INR,2026-08-08,2026-08-23T04:17:00.994Z,GATEWAY_SALE: 11082.08 INR,"{""reference"":""pay_YQD416D7""}"
tx_3ta6yzqxv05,GATEWAY_SETTLEMENT,pay_YQD416D7-REF,-277052,INR,2026-08-08,2026-08-23T16:48:45.994Z,GATEWAY_REFUND: -2770.52 INR,"{""reference"":""pay_YQD416D7-REF""}"
tx_91guwthkm76,GATEWAY_SETTLEMENT,pay_BX4NKMI5_1,1102242,INR,2026-07-25,2026-08-23T04:26:21.994Z,GATEWAY_SPLIT_SETTLEMENT: 11022.42 INR,"{""reference"":""pay_BX4NKMI5_1""}"
tx_fkw94jcy6xv,GATEWAY_SETTLEMENT,pay_BX4NKMI5_2,1102242,INR,2026-07-25,2026-08-23T12:02:52.994Z,GATEWAY_SPLIT_SETTLEMENT: 11022.42 INR,"{""reference"":""pay_BX4NKMI5_2""}"
tx_lqw15labf7,GATEWAY_SETTLEMENT,pay_BX4NKMI5_3,1102242,INR,2026-07-25,2026-08-22T23:01:26.994Z,GATEWAY_SPLIT_SETTLEMENT: 11022.42 INR,"{""reference"":""pay_BX4NKMI5_3""}"
tx_6q0kdcz7grw,GATEWAY_SETTLEMENT,pay_5UFEWB7Y,3515337,INR,2026-07-27,2026-08-22T19:28:56.994Z,GATEWAY_SETTLEMENT: 35153.37 INR,"{""reference"":""pay_5UFEWB7Y""}"
tx_j9nqvk7i3f,GATEWAY_SETTLEMENT,pay_3K886A1M,806876,INR,2026-07-25,2026-08-23T08:16:11.994Z,GATEWAY_SALE: 8068.76 INR,"{""reference"":""pay_3K886A1M""}"
tx_8lz7m1g5j3,GATEWAY_SETTLEMENT,pay_3K886A1M-REF,-201719,INR,2026-07-25,2026-08-23T05:44:10.994Z,GATEWAY_REFUND: -2017.19 INR,"{""reference"":""pay_3K886A1M-REF""}"
tx_l5ix0fwjz,GATEWAY_SETTLEMENT,pay_JDJ159RX_1,535783,INR,2026-08-08,2026-08-23T14:08:42.994Z,GATEWAY_SPLIT_SETTLEMENT: 5357.83 INR,"{""reference"":""pay_JDJ159RX_1""}"
tx_uluq1deg9fe,GATEWAY_SETTLEMENT,pay_JDJ159RX_2,535783,INR,2026-08-08,2026-08-23T07:02:41.994Z,GATEWAY_SPLIT_SETTLEMENT: 5357.83 INR,"{""reference"":""pay_JDJ159RX_2""}"
tx_n0ha4cxhd9,GATEWAY_SETTLEMENT,pay_JDJ159RX_3,535783,INR,2026-08-08,2026-08-22T22:32:06.994Z,GATEWAY_SPLIT_SETTLEMENT: 5357.83 INR,"{""reference"":""pay_JDJ159RX_3""}"
tx_gwnydxagcpi,GATEWAY_SETTLEMENT,pay_JDJ159RX_4,535781,INR,2026-08-08,2026-08-22T20:33:08.994Z,GATEWAY_SPLIT_SETTLEMENT: 5357.81 INR,"{""reference"":""pay_JDJ159RX_4""}"
tx_mzto7whcekk,GATEWAY_SETTLEMENT,pay_90D52PNW,2349450,INR,2026-07-26,2026-08-23T11:10:19.994Z,GATEWAY_SETTLEMENT: 23494.5 INR,"{""reference"":""pay_90D52PNW""}"
tx_zaxncmiggq,GATEWAY_SETTLEMENT,pay_3C2052CW,2045812,INR,2026-08-07,2026-08-22T22:21:32.994Z,GATEWAY_SALE: 20458.12 INR,"{""reference"":""pay_3C2052CW""}"
tx_xmelatdjla8,GATEWAY_SETTLEMENT,pay_3C2052CW-REF,-511453,INR,2026-08-07,2026-08-23T11:14:52.994Z,GATEWAY_REFUND: -5114.53 INR,"{""reference"":""pay_3C2052CW-REF""}"
tx_ujjym7439o,GATEWAY_SETTLEMENT,pay_Y2I1A4P9_1,937457,INR,2026-07-09,2026-08-23T10:11:14.994Z,GATEWAY_SPLIT_SETTLEMENT: 9374.57 INR,"{""reference"":""pay_Y2I1A4P9_1""}"
tx_u8ivkwp54em,GATEWAY_SETTLEMENT,pay_Y2I1A4P9_2,937457,INR,2026-07-09,2026-08-23T08:39:25.994Z,GATEWAY_SPLIT_SETTLEMENT: 9374.57 INR,"{""reference"":""pay_Y2I1A4P9_2""}"
tx_hmiqksml5ek,GATEWAY_SETTLEMENT,pay_Y2I1A4P9_3,937456,INR,2026-07-09,2026-08-22T23:51:02.994Z,GATEWAY_SPLIT_SETTLEMENT: 9374.56 INR,"{""reference"":""pay_Y2I1A4P9_3""}"
tx_9kcg4tce13,GATEWAY_SETTLEMENT,pay_QJ33L4M0,2168468,INR,2026-08-08,2026-08-23T05:03:31.994Z,GATEWAY_SETTLEMENT: 21684.68 INR,"{""reference"":""pay_QJ33L4M0""}"
tx_20mdccr70p5,GATEWAY_SETTLEMENT,pay_1CWHSY43,3758935,INR,2026-07-28,2026-08-23T02:24:22.994Z,GATEWAY_SALE: 37589.35 INR,"{""reference"":""pay_1CWHSY43""}"
tx_y6j6f7751hl,GATEWAY_SETTLEMENT,pay_1CWHSY43-REF,-939734,INR,2026-07-28,2026-08-23T11:25:57.994Z,GATEWAY_REFUND: -9397.34 INR,"{""reference"":""pay_1CWHSY43-REF""}"
tx_2epixnitfjq,GATEWAY_SETTLEMENT,pay_S6RHU0KF_1,602063,INR,2026-08-06,2026-08-23T14:25:57.994Z,GATEWAY_SPLIT_SETTLEMENT: 6020.63 INR,"{""reference"":""pay_S6RHU0KF_1""}"
tx_tw7kttmenz,GATEWAY_SETTLEMENT,pay_S6RHU0KF_2,602063,INR,2026-08-06,2026-08-23T02:27:16.994Z,GATEWAY_SPLIT_SETTLEMENT: 6020.63 INR,"{""reference"":""pay_S6RHU0KF_2""}"
tx_qqcp49lwzx9,GATEWAY_SETTLEMENT,pay_S6RHU0KF_3,602063,INR,2026-08-06,2026-08-23T06:05:21.994Z,GATEWAY_SPLIT_SETTLEMENT: 6020.63 INR,"{""reference"":""pay_S6RHU0KF_3""}"
tx_2toao1bw3qp,GATEWAY_SETTLEMENT,pay_XNIV088T,1064146,INR,2026-07-18,2026-08-22T20:14:56.994Z,GATEWAY_SETTLEMENT: 10641.46 INR,"{""reference"":""pay_XNIV088T""}"
tx_14gvgkvsq7,GATEWAY_SETTLEMENT,pay_8WH6XDY2,3993760,INR,2026-07-28,2026-08-22T23:57:22.994Z,GATEWAY_SETTLEMENT: 39937.6 INR,"{""reference"":""pay_8WH6XDY2""}"
tx_1q01ykwqtzb,GATEWAY_SETTLEMENT,pay_HTC8V42C,2929378,INR,2026-08-10,2026-08-23T07:46:28.994Z,GATEWAY_SETTLEMENT: 29293.78 INR,"{""reference"":""pay_HTC8V42C""}"
tx_lyk90naaxr,GATEWAY_SETTLEMENT,pay_KDXJN1FF,3518698,INR,2026-07-28,2026-08-23T02:00:39.994Z,GATEWAY_SALE: 35186.98 INR,"{""reference"":""pay_KDXJN1FF""}"
tx_n1xpcj59fo,GATEWAY_SETTLEMENT,pay_KDXJN1FF-REF,-879675,INR,2026-07-28,2026-08-23T11:44:45.994Z,GATEWAY_REFUND: -8796.75 INR,"{""reference"":""pay_KDXJN1FF-REF""}"
tx_znejiojti,GATEWAY_SETTLEMENT,pay_GLV1QSUF_1,609437,INR,2026-08-16,2026-08-23T14:57:22.994Z,GATEWAY_SPLIT_SETTLEMENT: 6094.37 INR,"{""reference"":""pay_GLV1QSUF_1""}"
tx_oischw7369,GATEWAY_SETTLEMENT,pay_GLV1QSUF_2,609437,INR,2026-08-16,2026-08-23T10:08:16.994Z,GATEWAY_SPLIT_SETTLEMENT: 6094.37 INR,"{""reference"":""pay_GLV1QSUF_2""}"
tx_mm6rkecol5,GATEWAY_SETTLEMENT,pay_GLV1QSUF_3,609437,INR,2026-08-16,2026-08-23T12:26:29.994Z,GATEWAY_SPLIT_SETTLEMENT: 6094.37 INR,"{""reference"":""pay_GLV1QSUF_3""}"
tx_fdww0su0qfu,GATEWAY_SETTLEMENT,pay_GLV1QSUF_4,609438,INR,2026-08-16,2026-08-23T14:40:08.994Z,GATEWAY_SPLIT_SETTLEMENT: 6094.38 INR,"{""reference"":""pay_GLV1QSUF_4""}"
tx_oxl4ot0b8es,GATEWAY_SETTLEMENT,pay_VK7K9KFQ,1794139,INR,2026-07-25,2026-08-23T05:15:12.994Z,GATEWAY_SETTLEMENT: 17941.39 INR,"{""reference"":""pay_VK7K9KFQ""}"
tx_ztfj3n29apq,GATEWAY_SETTLEMENT,pay_X2W5DKPW,3630513,INR,2026-07-22,2026-08-23T17:44:35.994Z,GATEWAY_SETTLEMENT: 36305.13 INR,"{""reference"":""pay_X2W5DKPW""}"
tx_1rwibcv1y9b,GATEWAY_SETTLEMENT,pay_VO05IXVB,699800,INR,2026-08-08,2026-08-22T18:32:17.994Z,GATEWAY_SETTLEMENT: 6998 INR,"{""reference"":""pay_VO05IXVB""}"
tx_mfg3fjsq44d,GATEWAY_SETTLEMENT,pay_1992DLA6_1,420480,INR,2026-08-18,2026-08-22T23:49:23.994Z,GATEWAY_SPLIT_SETTLEMENT: 4204.8 INR,"{""reference"":""pay_1992DLA6_1""}"
tx_dl64fpw3lie,GATEWAY_SETTLEMENT,pay_1992DLA6_2,420479,INR,2026-08-18,2026-08-23T17:04:24.994Z,GATEWAY_SPLIT_SETTLEMENT: 4204.79 INR,"{""reference"":""pay_1992DLA6_2""}"
tx_vyl84blc83k,GATEWAY_SETTLEMENT,pay_7GZPZ9AG,1429763,INR,2026-07-25,2026-08-23T15:08:03.994Z,GATEWAY_SETTLEMENT: 14297.63 INR,"{""reference"":""pay_7GZPZ9AG""}"
tx_xe2bfxfmr9e,GATEWAY_SETTLEMENT,pay_IXJMDDWX,1058557,INR,2026-07-26,2026-08-22T20:48:28.994Z,GATEWAY_SETTLEMENT: 10585.57 INR,"{""reference"":""pay_IXJMDDWX""}"
tx_pizyxhl74ab,GATEWAY_SETTLEMENT,pay_61T2HRDQ_1,157179,INR,2026-07-15,2026-08-22T23:59:46.994Z,GATEWAY_SPLIT_SETTLEMENT: 1571.79 INR,"{""reference"":""pay_61T2HRDQ_1""}"
tx_s4ebzmqfgag,GATEWAY_SETTLEMENT,pay_61T2HRDQ_2,157179,INR,2026-07-15,2026-08-23T12:16:31.994Z,GATEWAY_SPLIT_SETTLEMENT: 1571.79 INR,"{""reference"":""pay_61T2HRDQ_2""}"
tx_1aejvp41crj,GATEWAY_SETTLEMENT,pay_61T2HRDQ_3,157179,INR,2026-07-15,2026-08-23T00:58:16.994Z,GATEWAY_SPLIT_SETTLEMENT: 1571.79 INR,"{""reference"":""pay_61T2HRDQ_3""}"
tx_eknf591q06l,GATEWAY_SETTLEMENT,pay_61T2HRDQ_4,157179,INR,2026-07-15,2026-08-23T04:14:47.994Z,GATEWAY_SPLIT_SETTLEMENT: 1571.79 INR,"{""reference"":""pay_61T2HRDQ_4""}"
tx_j7jt8uxf0ra,GATEWAY_SETTLEMENT,pay_61T2HRDQ_5,157180,INR,2026-07-15,2026-08-23T08:31:50.994Z,GATEWAY_SPLIT_SETTLEMENT: 1571.8 INR,"{""reference"":""pay_61T2HRDQ_5""}"
tx_tdd7eedj77q,GATEWAY_SETTLEMENT,pay_I5JLN6EE,2770342,INR,2026-08-06,2026-08-23T08:37:20.994Z,GATEWAY_SETTLEMENT: 27703.42 INR,"{""reference"":""pay_I5JLN6EE""}"
tx_f4ag41f42y,GATEWAY_SETTLEMENT,pay_QVJ0MG1X,1114784,INR,2026-08-08,2026-08-23T06:41:06.994Z,GATEWAY_SETTLEMENT: 11147.84 INR,"{""reference"":""pay_QVJ0MG1X""}"
tx_uu8ma0wtwt,GATEWAY_SETTLEMENT,pay_IN5HJGBI,2791837,INR,2026-07-25,2026-08-22T02:56:30.994Z,STRIPE PAYMENT: 27918.37 INR,"{""gatewayProvider"":""BRAINTREE""}"
tx_l9tcwtrtpfm,GATEWAY_SETTLEMENT,pay_76EMB77M_1,1219753,INR,2026-07-07,2026-08-23T06:56:52.994Z,GATEWAY_SPLIT_SETTLEMENT: 12197.53 INR,"{""reference"":""pay_76EMB77M_1""}"
tx_t9otb0eawq,GATEWAY_SETTLEMENT,pay_76EMB77M_2,1219753,INR,2026-07-07,2026-08-22T23:16:35.994Z,GATEWAY_SPLIT_SETTLEMENT: 12197.53 INR,"{""reference"":""pay_76EMB77M_2""}"
tx_8eohj3c2onb,GATEWAY_SETTLEMENT,pay_76EMB77M_3,1219752,INR,2026-07-07,2026-08-23T07:15:14.994Z,GATEWAY_SPLIT_SETTLEMENT: 12197.52 INR,"{""reference"":""pay_76EMB77M_3""}"
tx_0hkqcosmwmyi,GATEWAY_SETTLEMENT,pay_HTBLOF02,2214140,INR,2026-08-13,2026-08-23T11:26:24.994Z,GATEWAY_SETTLEMENT: 22141.4 INR,"{""reference"":""pay_HTBLOF02""}"
tx_yhe6noz789b,GATEWAY_SETTLEMENT,pay_FCE5G7Y3,282951,INR,2026-07-30,2026-08-23T07:38:50.994Z,GATEWAY_SALE: 2829.51 INR,"{""reference"":""pay_FCE5G7Y3""}"
tx_73s85lai1zj,GATEWAY_SETTLEMENT,pay_FCE5G7Y3-REF,-70738,INR,2026-07-30,2026-08-23T09:23:08.994Z,GATEWAY_REFUND: -707.38 INR,"{""reference"":""pay_FCE5G7Y3-REF""}"
tx_4edw8uy58cy,GATEWAY_SETTLEMENT,pay_ETLZJJOJ,3819026,INR,2026-08-19,2026-08-23T00:40:01.994Z,GATEWAY_SETTLEMENT: 38190.26 INR,"{""reference"":""pay_ETLZJJOJ""}"
tx_juqpgjywff,GATEWAY_SETTLEMENT,pay_LLREHTDZ,1455786,INR,2026-08-19,2026-08-22T20:03:51.994Z,GATEWAY_SETTLEMENT: 14557.86 INR,"{""reference"":""pay_LLREHTDZ""}"
tx_zomvgit0qrb,GATEWAY_SETTLEMENT,pay_6YWDR6VW,2011813,INR,2026-08-16,2026-08-23T13:46:26.994Z,GATEWAY_SALE: 20118.13 INR,"{""reference"":""pay_6YWDR6VW""}"
tx_1pu7p2clebb,GATEWAY_SETTLEMENT,pay_6YWDR6VW-REF,-502953,INR,2026-08-16,2026-08-22T18:42:00.994Z,GATEWAY_REFUND: -5029.53 INR,"{""reference"":""pay_6YWDR6VW-REF""}"
tx_97ykki7j424,GATEWAY_SETTLEMENT,pay_WRSDQ9FD_1,494477,INR,2026-08-15,2026-08-23T11:09:07.994Z,GATEWAY_SPLIT_SETTLEMENT: 4944.77 INR,"{""reference"":""pay_WRSDQ9FD_1""}"
tx_odftvc6qcq,GATEWAY_SETTLEMENT,pay_WRSDQ9FD_2,494476,INR,2026-08-15,2026-08-23T09:55:22.994Z,GATEWAY_SPLIT_SETTLEMENT: 4944.76 INR,"{""reference"":""pay_WRSDQ9FD_2""}"
tx_0n25yagfp4ij,GATEWAY_SETTLEMENT,pay_BK1V2WH2,4116766,INR,2026-07-23,2026-08-23T16:31:30.994Z,GATEWAY_SETTLEMENT: 41167.66 INR,"{""reference"":""pay_BK1V2WH2""}"
tx_hw49zzvzal,GATEWAY_SETTLEMENT,pay_4JFW2L8R,753132,INR,2026-08-04,2026-08-23T08:56:08.995Z,GATEWAY_SETTLEMENT: 7531.32 INR,"{""reference"":""pay_4JFW2L8R""}"
tx_rzpe56mbqc,GATEWAY_SETTLEMENT,pay_BGI10K3Y,982349,INR,2026-08-07,2026-08-22T21:10:07.995Z,GATEWAY_SETTLEMENT: 9823.49 INR,"{""reference"":""pay_BGI10K3Y""}"
tx_0vzuamx6goai,GATEWAY_SETTLEMENT,pay_MA0DMLV7,1994277,INR,2026-07-21,2026-08-23T13:07:23.995Z,GATEWAY_SETTLEMENT: 19942.77 INR,"{""reference"":""pay_MA0DMLV7""}"
tx_1mpgdi97hfs,GATEWAY_SETTLEMENT,pay_0SIZ6GHJ,551698,INR,2026-07-25,2026-08-22T00:32:26.995Z,STRIPE PAYMENT: 5516.98 INR,"{""gatewayProvider"":""PAYPAL""}"
tx_6dzyhnbeetn,GATEWAY_SETTLEMENT,pay_VN687AHO,2105761,INR,2026-07-28,2026-08-22T22:30:40.995Z,GATEWAY_SALE: 21057.61 INR,"{""reference"":""pay_VN687AHO""}"
tx_td5zsn53p,GATEWAY_SETTLEMENT,pay_VN687AHO-REF,-526440,INR,2026-07-28,2026-08-23T17:50:37.995Z,GATEWAY_REFUND: -5264.4 INR,"{""reference"":""pay_VN687AHO-REF""}"
tx_k2b73pxv8ni,GATEWAY_SETTLEMENT,pay_HTIW3LB8_1,793157,INR,2026-07-06,2026-08-23T08:56:25.995Z,GATEWAY_SPLIT_SETTLEMENT: 7931.57 INR,"{""reference"":""pay_HTIW3LB8_1""}"
tx_xfv8j8e9fzo,GATEWAY_SETTLEMENT,pay_HTIW3LB8_2,793157,INR,2026-07-06,2026-08-23T01:16:23.995Z,GATEWAY_SPLIT_SETTLEMENT: 7931.57 INR,"{""reference"":""pay_HTIW3LB8_2""}"
tx_cuq5pepy567,GATEWAY_SETTLEMENT,pay_HTIW3LB8_3,793157,INR,2026-07-06,2026-08-23T11:46:28.995Z,GATEWAY_SPLIT_SETTLEMENT: 7931.57 INR,"{""reference"":""pay_HTIW3LB8_3""}"
tx_zdg1igaeayr,GATEWAY_SETTLEMENT,pay_HTIW3LB8_4,793157,INR,2026-07-06,2026-08-23T17:03:09.995Z,GATEWAY_SPLIT_SETTLEMENT: 7931.57 INR,"{""reference"":""pay_HTIW3LB8_4""}"
tx_slrocxrcfn,GATEWAY_SETTLEMENT,pay_IX9NMKKT_1,875765,INR,2026-08-07,2026-08-23T04:27:56.995Z,GATEWAY_SPLIT_SETTLEMENT: 8757.65 INR,"{""reference"":""pay_IX9NMKKT_1""}"
tx_6m6wt9nk8ko,GATEWAY_SETTLEMENT,pay_IX9NMKKT_2,875765,INR,2026-08-07,2026-08-23T03:00:19.995Z,GATEWAY_SPLIT_SETTLEMENT: 8757.65 INR,"{""reference"":""pay_IX9NMKKT_2""}"
tx_la49c0ugbph,GATEWAY_SETTLEMENT,pay_IX9NMKKT_3,875765,INR,2026-08-07,2026-08-22T22:40:56.995Z,GATEWAY_SPLIT_SETTLEMENT: 8757.65 INR,"{""reference"":""pay_IX9NMKKT_3""}"
tx_axrg7je6nxm,GATEWAY_SETTLEMENT,pay_IX9NMKKT_4,875764,INR,2026-08-07,2026-08-23T03:44:00.995Z,GATEWAY_SPLIT_SETTLEMENT: 8757.64 INR,"{""reference"":""pay_IX9NMKKT_4""}"
tx_b4z89yby4wa,GATEWAY_SETTLEMENT,pay_403HDNB4,654729,INR,2026-07-06,2026-08-23T03:12:42.995Z,GATEWAY_SETTLEMENT: 6547.29 INR,"{""reference"":""pay_403HDNB4""}"
tx_zh303bgxlno,GATEWAY_SETTLEMENT,pay_VUCX42ER,2128621,INR,2026-07-23,2026-08-23T17:33:11.995Z,GATEWAY_SETTLEMENT: 21286.21 INR,"{""reference"":""pay_VUCX42ER""}"
tx_4a31xvzuom4,GATEWAY_SETTLEMENT,pay_MUMF37TE,3338732,INR,2026-07-31,2026-08-23T04:01:29.995Z,GATEWAY_SETTLEMENT: 33387.32 INR,"{""reference"":""pay_MUMF37TE""}"
tx_6jayidozqmp,GATEWAY_SETTLEMENT,pay_SD8KJVGU,1623368,INR,2026-08-09,2026-08-23T15:51:18.995Z,GATEWAY_SETTLEMENT: 16233.68 INR,"{""reference"":""pay_SD8KJVGU""}"
tx_hp9ygzc3aom,GATEWAY_SETTLEMENT,pay_EP0GU7H6,3831808,INR,2026-08-17,2026-08-23T04:35:07.995Z,GATEWAY_SETTLEMENT: 38318.08 INR,"{""reference"":""pay_EP0GU7H6""}"
tx_3qn5lokxxny,GATEWAY_SETTLEMENT,pay_8CXAJATD_1,1949125,INR,2026-08-10,2026-08-23T10:10:39.995Z,GATEWAY_SPLIT_SETTLEMENT: 19491.25 INR,"{""reference"":""pay_8CXAJATD_1""}"
tx_bfmo6lqndw,GATEWAY_SETTLEMENT,pay_8CXAJATD_2,1949125,INR,2026-08-10,2026-08-23T16:39:53.995Z,GATEWAY_SPLIT_SETTLEMENT: 19491.25 INR,"{""reference"":""pay_8CXAJATD_2""}"
tx_296oryw3v4,GATEWAY_SETTLEMENT,pay_I1A5789B_1,45695,INR,2026-07-10,2026-08-23T15:52:34.995Z,GATEWAY_SPLIT_SETTLEMENT: 456.95 INR,"{""reference"":""pay_I1A5789B_1""}"
tx_9g3jaah8j8,GATEWAY_SETTLEMENT,pay_I1A5789B_2,45695,INR,2026-07-10,2026-08-23T00:46:29.995Z,GATEWAY_SPLIT_SETTLEMENT: 456.95 INR,"{""reference"":""pay_I1A5789B_2""}"
tx_pe820nmcjte,GATEWAY_SETTLEMENT,pay_I1A5789B_3,45695,INR,2026-07-10,2026-08-23T11:07:27.995Z,GATEWAY_SPLIT_SETTLEMENT: 456.95 INR,"{""reference"":""pay_I1A5789B_3""}"
tx_peh61d698h,GATEWAY_SETTLEMENT,pay_I1A5789B_4,45695,INR,2026-07-10,2026-08-23T04:35:00.995Z,GATEWAY_SPLIT_SETTLEMENT: 456.95 INR,"{""reference"":""pay_I1A5789B_4""}"
tx_ln27wre0rsa,GATEWAY_SETTLEMENT,pay_I1A5789B_5,45694,INR,2026-07-10,2026-08-23T16:33:54.995Z,GATEWAY_SPLIT_SETTLEMENT: 456.94 INR,"{""reference"":""pay_I1A5789B_5""}"
tx_ob3q5itbba9,GATEWAY_SETTLEMENT,pay_J9B8BPAF,2009128,INR,2026-07-27,2026-08-23T05:42:18.995Z,GATEWAY_SETTLEMENT: 20091.28 INR,"{""reference"":""pay_J9B8BPAF""}"
tx_vk7yqtoid5k,GATEWAY_SETTLEMENT,pay_5Q5E8PUM,3940962,INR,2026-08-02,2026-08-23T11:52:09.995Z,GATEWAY_SALE: 39409.62 INR,"{""reference"":""pay_5Q5E8PUM""}"
tx_1icddspzou1,GATEWAY_SETTLEMENT,pay_5Q5E8PUM-REF,-985241,INR,2026-08-02,2026-08-23T14:39:18.995Z,GATEWAY_REFUND: -9852.41 INR,"{""reference"":""pay_5Q5E8PUM-REF""}"
tx_1urangqzxbv,GATEWAY_SETTLEMENT,pay_3MQTP0SV,2015401,INR,2026-07-30,2026-08-22T20:22:09.995Z,GATEWAY_SETTLEMENT: 20154.01 INR,"{""reference"":""pay_3MQTP0SV""}"
tx_2nzbr369wmk,GATEWAY_SETTLEMENT,pay_SSUP61NF,2001185,INR,2026-07-10,2026-08-23T11:20:51.995Z,GATEWAY_SETTLEMENT: 20011.85 INR,"{""reference"":""pay_SSUP61NF""}"
tx_sra3zxrhx4,GATEWAY_SETTLEMENT,pay_WRHOHBEY,3747853,INR,2026-07-21,2026-08-23T10:59:12.995Z,GATEWAY_SETTLEMENT: 37478.53 INR,"{""reference"":""pay_WRHOHBEY""}"
tx_6iwsxigio0t,GATEWAY_SETTLEMENT,pay_49YQF4OF,1923015,INR,2026-08-03,2026-08-23T12:32:09.995Z,GATEWAY_SETTLEMENT: 19230.15 INR,"{""reference"":""pay_49YQF4OF""}"
tx_87lj231vx5v,GATEWAY_SETTLEMENT,pay_O28SH648_1,1219033,INR,2026-07-09,2026-08-23T12:06:22.995Z,GATEWAY_SPLIT_SETTLEMENT: 12190.33 INR,"{""reference"":""pay_O28SH648_1""}"
tx_8kt3fcjnauj,GATEWAY_SETTLEMENT,pay_O28SH648_2,1219033,INR,2026-07-09,2026-08-23T03:44:28.995Z,GATEWAY_SPLIT_SETTLEMENT: 12190.33 INR,"{""reference"":""pay_O28SH648_2""}"
tx_ae881m72g2,GATEWAY_SETTLEMENT,pay_O28SH648_3,1219033,INR,2026-07-09,2026-08-22T19:05:57.995Z,GATEWAY_SPLIT_SETTLEMENT: 12190.33 INR,"{""reference"":""pay_O28SH648_3""}"
tx_73ifx7kbovf,GATEWAY_SETTLEMENT,pay_1SNMKSNO,709230,INR,2026-07-24,2026-08-23T17:03:14.995Z,GATEWAY_SALE: 7092.3 INR,"{""reference"":""pay_1SNMKSNO""}"
tx_t96msyf1r5n,GATEWAY_SETTLEMENT,pay_1SNMKSNO-REF,-177308,INR,2026-07-24,2026-08-23T14:22:12.995Z,GATEWAY_REFUND: -1773.08 INR,"{""reference"":""pay_1SNMKSNO-REF""}"
tx_91h68y4es2l,GATEWAY_SETTLEMENT,pay_C2OMCZ9D,632430,INR,2026-08-18,2026-08-23T06:34:15.995Z,GATEWAY_SALE: 6324.3 INR,"{""reference"":""pay_C2OMCZ9D""}"
tx_ccwqk6ev4ci,GATEWAY_SETTLEMENT,pay_C2OMCZ9D-REF,-158108,INR,2026-08-18,2026-08-23T11:33:35.995Z,GATEWAY_REFUND: -1581.08 INR,"{""reference"":""pay_C2OMCZ9D-REF""}"
tx_iesunyev42,GATEWAY_SETTLEMENT,pay_HAZQRC6R_1,742795,INR,2026-07-23,2026-08-22T18:53:19.995Z,GATEWAY_SPLIT_SETTLEMENT: 7427.95 INR,"{""reference"":""pay_HAZQRC6R_1""}"
tx_4vpcwt3c0lv,GATEWAY_SETTLEMENT,pay_HAZQRC6R_2,742795,INR,2026-07-23,2026-08-23T10:23:18.995Z,GATEWAY_SPLIT_SETTLEMENT: 7427.95 INR,"{""reference"":""pay_HAZQRC6R_2""}"
tx_u0na91t0h8q,GATEWAY_SETTLEMENT,pay_HAZQRC6R_3,742795,INR,2026-07-23,2026-08-22T20:22:14.995Z,GATEWAY_SPLIT_SETTLEMENT: 7427.95 INR,"{""reference"":""pay_HAZQRC6R_3""}"
tx_6f0sv4avz6v,GATEWAY_SETTLEMENT,pay_HAZQRC6R_4,742795,INR,2026-07-23,2026-08-23T12:56:17.995Z,GATEWAY_SPLIT_SETTLEMENT: 7427.95 INR,"{""reference"":""pay_HAZQRC6R_4""}"
tx_h13rpmu28hs,GATEWAY_SETTLEMENT,pay_HAZQRC6R_5,742795,INR,2026-07-23,2026-08-23T11:25:12.995Z,GATEWAY_SPLIT_SETTLEMENT: 7427.95 INR,"{""reference"":""pay_HAZQRC6R_5""}"
tx_p3can194j2p,GATEWAY_SETTLEMENT,pay_5XOY5EZW_1,1238384,INR,2026-07-08,2026-08-23T17:47:48.995Z,GATEWAY_SPLIT_SETTLEMENT: 12383.84 INR,"{""reference"":""pay_5XOY5EZW_1""}"
tx_ctazmhkqbm4,GATEWAY_SETTLEMENT,pay_5XOY5EZW_2,1238384,INR,2026-07-08,2026-08-23T13:35:33.995Z,GATEWAY_SPLIT_SETTLEMENT: 12383.84 INR,"{""reference"":""pay_5XOY5EZW_2""}"
tx_dcpxv65a9x,GATEWAY_SETTLEMENT,pay_5XOY5EZW_3,1238385,INR,2026-07-08,2026-08-23T15:51:06.995Z,GATEWAY_SPLIT_SETTLEMENT: 12383.85 INR,"{""reference"":""pay_5XOY5EZW_3""}"
tx_l7xzol8jpn,GATEWAY_SETTLEMENT,pay_CUCRRP81,3496701,INR,2026-07-29,2026-08-23T10:18:24.995Z,GATEWAY_SETTLEMENT: 34967.01 INR,"{""reference"":""pay_CUCRRP81""}"
tx_bgo2r5vqj5r,GATEWAY_SETTLEMENT,pay_ZFZERBN9,2299187,INR,2026-08-02,2026-08-23T17:01:23.995Z,GATEWAY_SETTLEMENT: 22991.87 INR,"{""reference"":""pay_ZFZERBN9""}"
tx_cyum34dnggt,GATEWAY_SETTLEMENT,pay_6O1HX8B1,2047293,INR,2026-07-10,2026-08-23T05:36:01.995Z,GATEWAY_SETTLEMENT: 20472.93 INR,"{""reference"":""pay_6O1HX8B1""}"
tx_3g5vramff47,GATEWAY_SETTLEMENT,pay_ZSX0SN98,368281,INR,2026-08-05,2026-08-22T04:13:20.995Z,RAZORPAY PAYMENT: 3682.81 INR,"{""gatewayProvider"":""BRAINTREE""}"
tx_bsix0e3j3yf,GATEWAY_SETTLEMENT, pay_F9B2EZ27 ,1783141,INR,2026-07-31,2026-08-23T18:19:44.995Z,GATEWAY_SETTLEMENT: 17831.41 INR,"{""reference"":"" pay_F9B2EZ27 ""}"
tx_hnnawxnrrss,GATEWAY_SETTLEMENT,pay_D9TTVFKC,4167391,INR,2026-08-14,2026-08-23T07:34:27.995Z,GATEWAY_SETTLEMENT: 41673.91 INR,"{""reference"":""pay_D9TTVFKC""}"
tx_cg6wb13v29q,GATEWAY_SETTLEMENT,pay_BZXTYF8V,2284537,INR,2026-07-19,2026-08-23T00:10:04.995Z,GATEWAY_SETTLEMENT: 22845.37 INR,"{""reference"":""pay_BZXTYF8V""}"
tx_fo2ctbmgwr,GATEWAY_SETTLEMENT,pay_5VUT0Z2H_1,411066,INR,2026-08-16,2026-08-23T17:31:08.995Z,GATEWAY_SPLIT_SETTLEMENT: 4110.66 INR,"{""reference"":""pay_5VUT0Z2H_1""}"
tx_7a52rrqru5s,GATEWAY_SETTLEMENT,pay_5VUT0Z2H_2,411066,INR,2026-08-16,2026-08-22T22:28:49.995Z,GATEWAY_SPLIT_SETTLEMENT: 4110.66 INR,"{""reference"":""pay_5VUT0Z2H_2""}"
tx_ql6976a1btj,GATEWAY_SETTLEMENT,pay_3J26ZPTW,2377920,INR,2026-08-05,2026-08-23T13:03:34.995Z,GATEWAY_SETTLEMENT: 23779.2 INR,"{""reference"":""pay_3J26ZPTW""}"
tx_txiivcak7z8,GATEWAY_SETTLEMENT,pay_RTAV9UG6,177282,INR,2026-08-16,2026-08-23T18:16:29.995Z,GATEWAY_SETTLEMENT: 1772.82 INR,"{""reference"":""pay_RTAV9UG6""}"
tx_8w1ej3y6yq,GATEWAY_SETTLEMENT,4U0W060Q,673270,INR,2026-08-14,2026-08-23T15:48:06.995Z,GATEWAY_SETTLEMENT: 6732.7 INR,"{""reference"":""4U0W060Q""}"
tx_bjnycqeo7lc,GATEWAY_SETTLEMENT,pay_8ZCG81ES_1,636558,INR,2026-08-01,2026-08-23T15:27:21.995Z,GATEWAY_SPLIT_SETTLEMENT: 6365.58 INR,"{""reference"":""pay_8ZCG81ES_1""}"
tx_udegdcrxyy,GATEWAY_SETTLEMENT,pay_8ZCG81ES_2,636557,INR,2026-08-01,2026-08-23T06:25:27.995Z,GATEWAY_SPLIT_SETTLEMENT: 6365.57 INR,"{""reference"":""pay_8ZCG81ES_2""}"
tx_1qibssv3mn,GATEWAY_SETTLEMENT,pay_91V5Y9KK,3854968,INR,2026-07-18,2026-08-23T09:15:15.995Z,GATEWAY_SETTLEMENT: 38549.68 INR,"{""reference"":""pay_91V5Y9KK""}"
tx_d2ou3rlbgyw,GATEWAY_SETTLEMENT,pay_2mcbycbj,126207,INR,2026-07-15,2026-08-23T15:56:22.995Z,GATEWAY_SETTLEMENT: 1262.07 INR,"{""reference"":""pay_2mcbycbj""}"
tx_dvinzuvfwnt,GATEWAY_SETTLEMENT,pay_981R96QB,588189,INR,2026-07-14,2026-08-23T13:59:53.995Z,GATEWAY_SETTLEMENT: 5881.89 INR,"{""reference"":""pay_981R96QB""}"
tx_6i3ov1ero8,GATEWAY_SETTLEMENT,pay_RE5ARAHD_1,365806,INR,2026-07-25,2026-08-22T20:51:35.995Z,GATEWAY_SPLIT_SETTLEMENT: 3658.06 INR,"{""reference"":""pay_RE5ARAHD_1""}"
tx_763afd25n3,GATEWAY_SETTLEMENT,pay_RE5ARAHD_2,365806,INR,2026-07-25,2026-08-23T17:04:07.995Z,GATEWAY_SPLIT_SETTLEMENT: 3658.06 INR,"{""reference"":""pay_RE5ARAHD_2""}"
tx_6tlrelhmwz6,GATEWAY_SETTLEMENT,pay_RE5ARAHD_3,365806,INR,2026-07-25,2026-08-23T18:17:32.995Z,GATEWAY_SPLIT_SETTLEMENT: 3658.06 INR,"{""reference"":""pay_RE5ARAHD_3""}"
tx_qgms7hblx1,GATEWAY_SETTLEMENT,pay_RE5ARAHD_4,365806,INR,2026-07-25,2026-08-23T03:43:41.995Z,GATEWAY_SPLIT_SETTLEMENT: 3658.06 INR,"{""reference"":""pay_RE5ARAHD_4""}"
tx_oiqp639aw3,GATEWAY_SETTLEMENT,pay_RE5ARAHD_5,365805,INR,2026-07-25,2026-08-22T22:27:37.995Z,GATEWAY_SPLIT_SETTLEMENT: 3658.05 INR,"{""reference"":""pay_RE5ARAHD_5""}"
tx_o5ychugx9e,GATEWAY_SETTLEMENT,pay_243WHJEZ_1,335310,INR,2026-07-13,2026-08-23T13:15:57.995Z,GATEWAY_SPLIT_SETTLEMENT: 3353.1 INR,"{""reference"":""pay_243WHJEZ_1""}"
tx_xm6gfy0i2tp,GATEWAY_SETTLEMENT,pay_243WHJEZ_2,335310,INR,2026-07-13,2026-08-22T21:14:27.995Z,GATEWAY_SPLIT_SETTLEMENT: 3353.1 INR,"{""reference"":""pay_243WHJEZ_2""}"
tx_8j5x7k4pgfl,GATEWAY_SETTLEMENT,pay_243WHJEZ_3,335309,INR,2026-07-13,2026-08-23T09:01:28.995Z,GATEWAY_SPLIT_SETTLEMENT: 3353.09 INR,"{""reference"":""pay_243WHJEZ_3""}"
tx_5n1rdz5c6yc,GATEWAY_SETTLEMENT,pay_LC4PLS3S_1,1066375,INR,2026-07-31,2026-08-23T01:19:37.995Z,GATEWAY_SPLIT_SETTLEMENT: 10663.75 INR,"{""reference"":""pay_LC4PLS3S_1""}"
tx_0u81kpa1rw9m,GATEWAY_SETTLEMENT,pay_LC4PLS3S_2,1066375,INR,2026-07-31,2026-08-23T02:50:10.995Z,GATEWAY_SPLIT_SETTLEMENT: 10663.75 INR,"{""reference"":""pay_LC4PLS3S_2""}"
tx_zvda3q1m8pj,GATEWAY_SETTLEMENT,pay_LC4PLS3S_3,1066375,INR,2026-07-31,2026-08-23T17:19:54.995Z,GATEWAY_SPLIT_SETTLEMENT: 10663.75 INR,"{""reference"":""pay_LC4PLS3S_3""}"
tx_zgzy1zito0r,GATEWAY_SETTLEMENT,pay_LC4PLS3S_4,1066375,INR,2026-07-31,2026-08-22T19:48:34.995Z,GATEWAY_SPLIT_SETTLEMENT: 10663.75 INR,"{""reference"":""pay_LC4PLS3S_4""}"
tx_63algrqu1h3,GATEWAY_SETTLEMENT,pay_RQ41LFDM,2012825,INR,2026-08-16,2026-08-23T08:25:28.995Z,GATEWAY_SALE: 20128.25 INR,"{""reference"":""pay_RQ41LFDM""}"
tx_a2g47y7dfv,GATEWAY_SETTLEMENT,pay_RQ41LFDM-REF,-503206,INR,2026-08-16,2026-08-23T01:53:32.995Z,GATEWAY_REFUND: -5032.06 INR,"{""reference"":""pay_RQ41LFDM-REF""}"
tx_cjvz7u8rwdo,GATEWAY_SETTLEMENT,pay_IF5XLYJY,1588814,INR,2026-08-11,2026-08-23T03:49:36.995Z,GATEWAY_SETTLEMENT: 15888.14 INR,"{""reference"":""pay_IF5XLYJY""}"
tx_5nf3wjuwivs,GATEWAY_SETTLEMENT,pay_ISMFATWQ_1,369411,INR,2026-07-18,2026-08-23T02:56:53.995Z,GATEWAY_SPLIT_SETTLEMENT: 3694.11 INR,"{""reference"":""pay_ISMFATWQ_1""}"
tx_gsbs2grdxqn,GATEWAY_SETTLEMENT,pay_ISMFATWQ_2,369411,INR,2026-07-18,2026-08-23T16:07:43.995Z,GATEWAY_SPLIT_SETTLEMENT: 3694.11 INR,"{""reference"":""pay_ISMFATWQ_2""}"
tx_tlfddzaung,GATEWAY_SETTLEMENT,pay_ISMFATWQ_3,369411,INR,2026-07-18,2026-08-23T07:06:11.995Z,GATEWAY_SPLIT_SETTLEMENT: 3694.11 INR,"{""reference"":""pay_ISMFATWQ_3""}"
tx_taudanu2l89,GATEWAY_SETTLEMENT,pay_ISMFATWQ_4,369411,INR,2026-07-18,2026-08-23T05:07:52.995Z,GATEWAY_SPLIT_SETTLEMENT: 3694.11 INR,"{""reference"":""pay_ISMFATWQ_4""}"
tx_1w6t81sabj8,GATEWAY_SETTLEMENT,pay_ISMFATWQ_5,369411,INR,2026-07-18,2026-08-23T06:44:34.995Z,GATEWAY_SPLIT_SETTLEMENT: 3694.11 INR,"{""reference"":""pay_ISMFATWQ_5""}"
tx_3agq4e2yyw,GATEWAY_SETTLEMENT,pay_LZJ765TL,2518871,INR,2026-07-07,2026-08-23T06:14:20.995Z,GATEWAY_SETTLEMENT: 25188.71 INR,"{""reference"":""pay_LZJ765TL""}"
tx_3t1iktl62b3,GATEWAY_SETTLEMENT,pay_J3FDVTBV,892994,INR,2026-07-06,2026-08-23T00:37:13.995Z,GATEWAY_SETTLEMENT: 8929.94 INR,"{""reference"":""pay_J3FDVTBV""}"
tx_mysj1icqo89,GATEWAY_SETTLEMENT,pay_1L3ZZ4WB,3077511,INR,2026-07-06,2026-08-23T10:26:59.995Z,GATEWAY_SETTLEMENT: 30775.11 INR,"{""reference"":""pay_1L3ZZ4WB""}"
tx_xakwnamcpja,GATEWAY_SETTLEMENT,pay_6IU11G17,1265554,INR,2026-07-25,2026-08-23T15:51:24.995Z,GATEWAY_SETTLEMENT: 12655.54 INR,"{""reference"":""pay_6IU11G17""}"
tx_g0q3hk8l8d9,GATEWAY_SETTLEMENT,pay_4JGIN952,684259,INR,2026-07-19,2026-08-23T15:06:43.995Z,GATEWAY_SETTLEMENT: 6842.59 INR,"{""reference"":""pay_4JGIN952""}"
tx_jhm1dlw7vq,GATEWAY_SETTLEMENT,pay_9HEAP62U_1,161897,INR,2026-08-13,2026-08-23T14:44:38.995Z,GATEWAY_SPLIT_SETTLEMENT: 1618.97 INR,"{""reference"":""pay_9HEAP62U_1""}"
tx_mfa6xx0o77s,GATEWAY_SETTLEMENT,pay_9HEAP62U_2,161897,INR,2026-08-13,2026-08-22T19:20:10.995Z,GATEWAY_SPLIT_SETTLEMENT: 1618.97 INR,"{""reference"":""pay_9HEAP62U_2""}"
tx_7x17iaeo50w,GATEWAY_SETTLEMENT,pay_9HEAP62U_3,161897,INR,2026-08-13,2026-08-23T12:15:38.995Z,GATEWAY_SPLIT_SETTLEMENT: 1618.97 INR,"{""reference"":""pay_9HEAP62U_3""}"
tx_j0p4of12k8,GATEWAY_SETTLEMENT,pay_0LQBDOVU,4293483,INR,2026-08-19,2026-08-22T21:27:15.995Z,GATEWAY_SALE: 42934.83 INR,"{""reference"":""pay_0LQBDOVU""}"
tx_xgpmptljisj,GATEWAY_SETTLEMENT,pay_0LQBDOVU-REF,-1073371,INR,2026-08-19,2026-08-23T04:50:00.995Z,GATEWAY_REFUND: -10733.71 INR,"{""reference"":""pay_0LQBDOVU-REF""}"
tx_ds74u0lohc8,GATEWAY_SETTLEMENT,pay_8H3E5HTP_1,60895,INR,2026-08-09,2026-08-23T02:03:05.995Z,GATEWAY_SPLIT_SETTLEMENT: 608.95 INR,"{""reference"":""pay_8H3E5HTP_1""}"
tx_p5zcn1wln7a,GATEWAY_SETTLEMENT,pay_8H3E5HTP_2,60895,INR,2026-08-09,2026-08-23T12:20:40.995Z,GATEWAY_SPLIT_SETTLEMENT: 608.95 INR,"{""reference"":""pay_8H3E5HTP_2""}"
tx_6luvilff78k,GATEWAY_SETTLEMENT,pay_8H3E5HTP_3,60895,INR,2026-08-09,2026-08-22T22:22:02.995Z,GATEWAY_SPLIT_SETTLEMENT: 608.95 INR,"{""reference"":""pay_8H3E5HTP_3""}"
tx_4wqd72lr9q4,GATEWAY_SETTLEMENT,pay_8H3E5HTP_4,60895,INR,2026-08-09,2026-08-22T22:14:08.995Z,GATEWAY_SPLIT_SETTLEMENT: 608.95 INR,"{""reference"":""pay_8H3E5HTP_4""}"
tx_i4ateq2czz,GATEWAY_SETTLEMENT,pay_8H3E5HTP_5,60895,INR,2026-08-09,2026-08-23T09:13:10.995Z,GATEWAY_SPLIT_SETTLEMENT: 608.95 INR,"{""reference"":""pay_8H3E5HTP_5""}"
tx_0fccvax1hy3u,GATEWAY_SETTLEMENT,pay_C09T3RQT,3690827,INR,2026-07-08,2026-08-23T00:08:41.995Z,GATEWAY_SETTLEMENT: 36908.27 INR,"{""reference"":""pay_C09T3RQT""}"
tx_3zttn2ipn76,GATEWAY_SETTLEMENT,pay_4AVRJHLF,3612202,INR,2026-08-14,2026-08-23T12:40:00.995Z,GATEWAY_SETTLEMENT: 36122.02 INR,"{""reference"":""pay_4AVRJHLF""}"
tx_wfdkkrtlzz,GATEWAY_SETTLEMENT,EATWR1ZB,848231,INR,2026-07-21,2026-08-23T01:19:12.995Z,GATEWAY_SETTLEMENT: 8482.31 INR,"{""reference"":""EATWR1ZB""}"
tx_xs56jft7ic,GATEWAY_SETTLEMENT,pay_N61QQA82,2090970,INR,2026-08-16,2026-08-23T00:59:15.995Z,GATEWAY_SETTLEMENT: 20909.7 INR,"{""reference"":""pay_N61QQA82""}"
tx_0qhp4ov9mijn,GATEWAY_SETTLEMENT,pay_F95YGCGD_1,869587,INR,2026-07-06,2026-08-23T13:10:35.995Z,GATEWAY_SPLIT_SETTLEMENT: 8695.87 INR,"{""reference"":""pay_F95YGCGD_1""}"
tx_q0c4jgp5ks,GATEWAY_SETTLEMENT,pay_F95YGCGD_2,869587,INR,2026-07-06,2026-08-23T18:20:03.995Z,GATEWAY_SPLIT_SETTLEMENT: 8695.87 INR,"{""reference"":""pay_F95YGCGD_2""}"
tx_pyq3e5gpw5q,GATEWAY_SETTLEMENT,pay_F95YGCGD_3,869587,INR,2026-07-06,2026-08-23T09:05:58.995Z,GATEWAY_SPLIT_SETTLEMENT: 8695.87 INR,"{""reference"":""pay_F95YGCGD_3""}"
tx_8t7bytiiml8,GATEWAY_SETTLEMENT,pay_F95YGCGD_4,869587,INR,2026-07-06,2026-08-23T12:30:44.995Z,GATEWAY_SPLIT_SETTLEMENT: 8695.87 INR,"{""reference"":""pay_F95YGCGD_4""}"
tx_qn8t080wu0e,GATEWAY_SETTLEMENT,pay_F95YGCGD_5,869589,INR,2026-07-06,2026-08-22T23:11:23.995Z,GATEWAY_SPLIT_SETTLEMENT: 8695.89 INR,"{""reference"":""pay_F95YGCGD_5""}"
tx_5w9y2fzjv6r,GATEWAY_SETTLEMENT,B374ZGAO,828156,INR,2026-07-13,2026-08-23T06:06:40.995Z,GATEWAY_SETTLEMENT: 8281.56 INR,"{""reference"":""B374ZGAO""}"
tx_17lr378i5jn,GATEWAY_SETTLEMENT,pay_VGEGWVRS,1265053,INR,2026-08-02,2026-08-23T18:13:18.995Z,GATEWAY_SETTLEMENT: 12650.53 INR,"{""reference"":""pay_VGEGWVRS""}"
tx_s8yd94u49s,GATEWAY_SETTLEMENT,pay_XM30UEQC,2778907,INR,2026-07-16,2026-08-23T16:49:41.995Z,GATEWAY_SETTLEMENT: 27789.07 INR,"{""reference"":""pay_XM30UEQC""}"
tx_09zpqhxcav6i,GATEWAY_SETTLEMENT,pay_PO1LO1NF,1495589,INR,2026-08-15,2026-08-23T02:28:33.995Z,GATEWAY_SETTLEMENT: 14955.89 INR,"{""reference"":""pay_PO1LO1NF""}"
tx_jb91a1640zb,GATEWAY_SETTLEMENT,pay_D61K4FLL_1,769705,INR,2026-08-17,2026-08-22T22:26:11.995Z,GATEWAY_SPLIT_SETTLEMENT: 7697.05 INR,"{""reference"":""pay_D61K4FLL_1""}"
tx_jbj5fj1mhm,GATEWAY_SETTLEMENT,pay_D61K4FLL_2,769705,INR,2026-08-17,2026-08-23T11:23:30.995Z,GATEWAY_SPLIT_SETTLEMENT: 7697.05 INR,"{""reference"":""pay_D61K4FLL_2""}"
tx_xfvtrs3spts,GATEWAY_SETTLEMENT,pay_D61K4FLL_3,769705,INR,2026-08-17,2026-08-23T13:31:43.995Z,GATEWAY_SPLIT_SETTLEMENT: 7697.05 INR,"{""reference"":""pay_D61K4FLL_3""}"
tx_jonydiv1lf,GATEWAY_SETTLEMENT,pay_D61K4FLL_4,769706,INR,2026-08-17,2026-08-23T11:07:35.995Z,GATEWAY_SPLIT_SETTLEMENT: 7697.06 INR,"{""reference"":""pay_D61K4FLL_4""}"
tx_zwpz6r6m4ti,GATEWAY_SETTLEMENT,pay_Z62XVYVP_1,263692,INR,2026-08-02,2026-08-23T07:58:00.995Z,GATEWAY_SPLIT_SETTLEMENT: 2636.92 INR,"{""reference"":""pay_Z62XVYVP_1""}"
tx_a60i8lbu8yw,GATEWAY_SETTLEMENT,pay_Z62XVYVP_2,263692,INR,2026-08-02,2026-08-22T22:13:33.995Z,GATEWAY_SPLIT_SETTLEMENT: 2636.92 INR,"{""reference"":""pay_Z62XVYVP_2""}"
tx_u7rui7n9ula,GATEWAY_SETTLEMENT,pay_Z62XVYVP_3,263693,INR,2026-08-02,2026-08-23T14:53:27.995Z,GATEWAY_SPLIT_SETTLEMENT: 2636.93 INR,"{""reference"":""pay_Z62XVYVP_3""}"
tx_kzrrsjlgcai,GATEWAY_SETTLEMENT,pay_E13Y7FMP,866481,INR,2026-07-08,2026-08-23T17:12:10.995Z,GATEWAY_SETTLEMENT: 8664.81 INR,"{""reference"":""pay_E13Y7FMP""}"
tx_0acbsxheok1,GATEWAY_SETTLEMENT,pay_J6TW8Q7X,4448249,INR,2026-08-05,2026-08-23T04:39:44.995Z,GATEWAY_SETTLEMENT: 44482.49 INR,"{""reference"":""pay_J6TW8Q7X""}"
tx_gtr4jhrrmy6,GATEWAY_SETTLEMENT,pay_SUDS3DQM,1699254,INR,2026-07-13,2026-08-22T15:11:26.995Z,STRIPE PAYMENT: 16992.54 INR,"{""gatewayProvider"":""BRAINTREE""}"
tx_hym3i37b9z4,GATEWAY_SETTLEMENT,pay_DS1JP7MI,3872413,INR,2026-08-10,2026-08-23T13:49:06.995Z,GATEWAY_SETTLEMENT: 38724.13 INR,"{""reference"":""pay_DS1JP7MI""}"
tx_lmj823vmxq,GATEWAY_SETTLEMENT,pay_M7ANTIPU,3224663,INR,2026-07-08,2026-08-23T18:03:38.995Z,GATEWAY_SALE: 32246.63 INR,"{""reference"":""pay_M7ANTIPU""}"
tx_b0qdcbrndrr,GATEWAY_SETTLEMENT,pay_M7ANTIPU-REF,-806166,INR,2026-07-08,2026-08-23T07:35:26.995Z,GATEWAY_REFUND: -8061.66 INR,"{""reference"":""pay_M7ANTIPU-REF""}"
tx_mswo96rz1qd,GATEWAY_SETTLEMENT,pay_VGPWG5SU,2790457,INR,2026-07-10,2026-08-22T19:43:31.995Z,GATEWAY_SALE: 27904.57 INR,"{""reference"":""pay_VGPWG5SU""}"
tx_a2f61pwzkqt,GATEWAY_SETTLEMENT,pay_VGPWG5SU-REF,-697614,INR,2026-07-10,2026-08-23T06:54:18.995Z,GATEWAY_REFUND: -6976.14 INR,"{""reference"":""pay_VGPWG5SU-REF""}"
tx_gz8swwzz0jl,GATEWAY_SETTLEMENT, pay_H5I8I8OQ ,3121101,INR,2026-07-11,2026-08-23T05:51:13.995Z,GATEWAY_SALE: 31211.01 INR,"{""reference"":"" pay_H5I8I8OQ ""}"
tx_qh5oisk3qln,GATEWAY_SETTLEMENT, pay_H5I8I8OQ -REF,-780275,INR,2026-07-11,2026-08-23T05:56:10.995Z,GATEWAY_REFUND: -7802.75 INR,"{""reference"":"" pay_H5I8I8OQ -REF""}"
tx_m7755iyxjz,GATEWAY_SETTLEMENT,pay_Z2U251FZ_1,1406473,INR,2026-07-25,2026-08-23T03:45:11.995Z,GATEWAY_SPLIT_SETTLEMENT: 14064.73 INR,"{""reference"":""pay_Z2U251FZ_1""}"
tx_4j1iiawy2v,GATEWAY_SETTLEMENT,pay_Z2U251FZ_2,1406473,INR,2026-07-25,2026-08-23T14:01:24.995Z,GATEWAY_SPLIT_SETTLEMENT: 14064.73 INR,"{""reference"":""pay_Z2U251FZ_2""}"
tx_8sdp6j0uy33,GATEWAY_SETTLEMENT,pay_F9X2PAJL,817296,INR,2026-07-21,2026-08-23T01:36:17.995Z,GATEWAY_SETTLEMENT: 8172.96 INR,"{""reference"":""pay_F9X2PAJL""}"
tx_xo1vvkvzwcp,GATEWAY_SETTLEMENT,pay_OJKZ6PJQ,2856751,INR,2026-08-12,2026-08-23T08:44:20.995Z,GATEWAY_SETTLEMENT: 28567.51 INR,"{""reference"":""pay_OJKZ6PJQ""}"
tx_4vaz6twqiq,GATEWAY_SETTLEMENT,pay_8O5WN7P8,1584706,INR,2026-08-05,2026-08-22T23:37:54.995Z,GATEWAY_SETTLEMENT: 15847.06 INR,"{""reference"":""pay_8O5WN7P8""}"
tx_1uqmpiaowli,GATEWAY_SETTLEMENT,pay_WQDCDXYH,3886066,INR,2026-07-25,2026-08-23T06:55:34.995Z,GATEWAY_SETTLEMENT: 38860.66 INR,"{""reference"":""pay_WQDCDXYH""}"
tx_iy9xt9021wr,GATEWAY_SETTLEMENT,pay_AORQFXW3,1846607,INR,2026-07-16,2026-08-23T04:35:02.995Z,GATEWAY_SETTLEMENT: 18466.07 INR,"{""reference"":""pay_AORQFXW3""}"
tx_udhxfenj548,GATEWAY_SETTLEMENT,pay_P18B802A,1267459,INR,2026-08-06,2026-08-22T21:25:26.995Z,GATEWAY_SALE: 12674.59 INR,"{""reference"":""pay_P18B802A""}"
tx_d7rqgewyzt7,GATEWAY_SETTLEMENT,pay_P18B802A-REF,-316865,INR,2026-08-06,2026-08-23T00:13:57.995Z,GATEWAY_REFUND: -3168.65 INR,"{""reference"":""pay_P18B802A-REF""}"
tx_vdb30jerwf,GATEWAY_SETTLEMENT,pay_VJOZRRU0,2706434,INR,2026-07-08,2026-08-23T05:29:39.995Z,GATEWAY_SETTLEMENT: 27064.34 INR,"{""reference"":""pay_VJOZRRU0""}"
tx_1pz6e96n82k,GATEWAY_SETTLEMENT,pay_MREHVDMP,439618,INR,2026-08-04,2026-08-23T04:02:09.995Z,GATEWAY_SETTLEMENT: 4396.18 INR,"{""reference"":""pay_MREHVDMP""}"
tx_cpinc6w90o,GATEWAY_SETTLEMENT,PAY_3S5M6VVZ,285986,INR,2026-07-06,2026-08-22T19:28:02.995Z,GATEWAY_SETTLEMENT: 2859.86 INR,"{""reference"":""PAY_3S5M6VVZ""}"
tx_fqqhfnhlt3,GATEWAY_SETTLEMENT,pay_HOPMBSFA_1,1051489,INR,2026-08-16,2026-08-22T22:21:01.995Z,GATEWAY_SPLIT_SETTLEMENT: 10514.89 INR,"{""reference"":""pay_HOPMBSFA_1""}"
tx_ye7wbwwk8v8,GATEWAY_SETTLEMENT,pay_HOPMBSFA_2,1051489,INR,2026-08-16,2026-08-23T10:00:01.995Z,GATEWAY_SPLIT_SETTLEMENT: 10514.89 INR,"{""reference"":""pay_HOPMBSFA_2""}"
tx_zvtjnxe8nws,GATEWAY_SETTLEMENT,pay_HOPMBSFA_3,1051488,INR,2026-08-16,2026-08-23T12:54:05.995Z,GATEWAY_SPLIT_SETTLEMENT: 10514.88 INR,"{""reference"":""pay_HOPMBSFA_3""}"
tx_byv439o7sab,GATEWAY_SETTLEMENT,pay_YR863JO9_1,972871,INR,2026-08-04,2026-08-22T19:05:35.995Z,GATEWAY_SPLIT_SETTLEMENT: 9728.71 INR,"{""reference"":""pay_YR863JO9_1""}"
tx_yfshpy8ptdj,GATEWAY_SETTLEMENT,pay_YR863JO9_2,972871,INR,2026-08-04,2026-08-23T18:08:00.995Z,GATEWAY_SPLIT_SETTLEMENT: 9728.71 INR,"{""reference"":""pay_YR863JO9_2""}"
tx_xd3a3d4poqj,GATEWAY_SETTLEMENT,pay_YR863JO9_3,972872,INR,2026-08-04,2026-08-23T11:22:26.995Z,GATEWAY_SPLIT_SETTLEMENT: 9728.72 INR,"{""reference"":""pay_YR863JO9_3""}"
tx_e5u22658kwn,GATEWAY_SETTLEMENT,pay_9045WJ95,1313142,INR,2026-07-14,2026-08-23T10:40:21.995Z,GATEWAY_SETTLEMENT: 13131.42 INR,"{""reference"":""pay_9045WJ95""}"
tx_cqldpjembc,GATEWAY_SETTLEMENT,pay_VUKF3EZW,2512073,INR,2026-08-05,2026-08-23T13:17:39.995Z,GATEWAY_SALE: 25120.73 INR,"{""reference"":""pay_VUKF3EZW""}"
tx_5ra62f7pueh,GATEWAY_SETTLEMENT,pay_VUKF3EZW-REF,-628018,INR,2026-08-05,2026-08-23T13:11:09.995Z,GATEWAY_REFUND: -6280.18 INR,"{""reference"":""pay_VUKF3EZW-REF""}"
tx_j2t4kfoxgw,GATEWAY_SETTLEMENT,pay_9CSKP3XW,844387,INR,2026-07-30,2026-08-23T11:36:00.995Z,GATEWAY_SETTLEMENT: 8443.87 INR,"{""reference"":""pay_9CSKP3XW""}"
tx_dwgrnxzoxnl,GATEWAY_SETTLEMENT,pay_B27XGBN9,1918444,INR,2026-07-13,2026-08-23T13:51:06.995Z,GATEWAY_SETTLEMENT: 19184.44 INR,"{""reference"":""pay_B27XGBN9""}"
tx_xhxpp304u2,GATEWAY_SETTLEMENT, pay_HECIH9FO ,2709644,INR,2026-07-18,2026-08-23T13:20:42.995Z,GATEWAY_SETTLEMENT: 27096.44 INR,"{""reference"":"" pay_HECIH9FO ""}"
tx_oddss9acbrd,GATEWAY_SETTLEMENT,pay_365IJZPS,2753851,INR,2026-08-06,2026-08-23T01:55:06.995Z,GATEWAY_SETTLEMENT: 27538.51 INR,"{""reference"":""pay_365IJZPS""}"
tx_9u7y1gkfbp,GATEWAY_SETTLEMENT,pay_4I6XQA9Y,1359410,INR,2026-08-12,2026-08-22T19:01:01.995Z,GATEWAY_SALE: 13594.1 INR,"{""reference"":""pay_4I6XQA9Y""}"
tx_8f0r9znkf62,GATEWAY_SETTLEMENT,pay_4I6XQA9Y-REF,-339853,INR,2026-08-12,2026-08-22T23:25:36.995Z,GATEWAY_REFUND: -3398.53 INR,"{""reference"":""pay_4I6XQA9Y-REF""}"
tx_gugub21twj,GATEWAY_SETTLEMENT,pay_KQQICCXE,1914548,INR,2026-07-10,2026-08-23T14:00:14.995Z,GATEWAY_SETTLEMENT: 19145.48 INR,"{""reference"":""pay_KQQICCXE""}"
tx_y59n5m1qtmj,GATEWAY_SETTLEMENT,pay_DCCXNX8W_1,864942,INR,2026-08-02,2026-08-23T13:52:57.995Z,GATEWAY_SPLIT_SETTLEMENT: 8649.42 INR,"{""reference"":""pay_DCCXNX8W_1""}"
tx_6zqum0r7bw,GATEWAY_SETTLEMENT,pay_DCCXNX8W_2,864942,INR,2026-08-02,2026-08-23T13:25:02.995Z,GATEWAY_SPLIT_SETTLEMENT: 8649.42 INR,"{""reference"":""pay_DCCXNX8W_2""}"
tx_pdumsyhw9te,GATEWAY_SETTLEMENT,pay_DCCXNX8W_3,864943,INR,2026-08-02,2026-08-22T21:55:53.995Z,GATEWAY_SPLIT_SETTLEMENT: 8649.43 INR,"{""reference"":""pay_DCCXNX8W_3""}"
tx_voq0tztwoq9,GATEWAY_SETTLEMENT,pa_yO5Z958WM,2381371,INR,2026-07-28,2026-08-22T20:16:38.995Z,GATEWAY_SETTLEMENT: 23813.71 INR,"{""reference"":""pa_yO5Z958WM""}"
tx_c4a27ddt98v,GATEWAY_SETTLEMENT,pay_Q1I5XM7C_1,373874,INR,2026-07-07,2026-08-23T16:22:20.995Z,GATEWAY_SPLIT_SETTLEMENT: 3738.74 INR,"{""reference"":""pay_Q1I5XM7C_1""}"
tx_3nvq8mkejqt,GATEWAY_SETTLEMENT,pay_Q1I5XM7C_2,373874,INR,2026-07-07,2026-08-23T05:33:07.995Z,GATEWAY_SPLIT_SETTLEMENT: 3738.74 INR,"{""reference"":""pay_Q1I5XM7C_2""}"
tx_xm9ywz2h5y,GATEWAY_SETTLEMENT,pay_Q1I5XM7C_3,373874,INR,2026-07-07,2026-08-23T14:29:57.995Z,GATEWAY_SPLIT_SETTLEMENT: 3738.74 INR,"{""reference"":""pay_Q1I5XM7C_3""}"
tx_50aclz6n4k7,GATEWAY_SETTLEMENT,pay_Q1I5XM7C_4,373874,INR,2026-07-07,2026-08-22T22:23:38.995Z,GATEWAY_SPLIT_SETTLEMENT: 3738.74 INR,"{""reference"":""pay_Q1I5XM7C_4""}"
tx_jqw7ajzywbs,GATEWAY_SETTLEMENT,pay_Q1I5XM7C_5,373875,INR,2026-07-07,2026-08-22T19:08:20.995Z,GATEWAY_SPLIT_SETTLEMENT: 3738.75 INR,"{""reference"":""pay_Q1I5XM7C_5""}"
tx_a4wuhdn06gr,GATEWAY_SETTLEMENT,pay_CWZLWIRO,2073976,INR,2026-07-16,2026-08-22T21:29:01.995Z,GATEWAY_SETTLEMENT: 20739.76 INR,"{""reference"":""pay_CWZLWIRO""}"
tx_87b6l0pl0pi,GATEWAY_SETTLEMENT,pay_CL5S52V8,1071141,INR,2026-07-09,2026-08-23T04:51:54.995Z,GATEWAY_SETTLEMENT: 10711.41 INR,"{""reference"":""pay_CL5S52V8""}"
tx_ki583swc16g,GATEWAY_SETTLEMENT,pay_EZ6XYKEO,4280666,INR,2026-08-05,2026-08-23T09:50:00.995Z,GATEWAY_SETTLEMENT: 42806.66 INR,"{""reference"":""pay_EZ6XYKEO""}"
tx_g8vrocimzbk,GATEWAY_SETTLEMENT,pay_NTFQJ7NT,750798,INR,2026-07-13,2026-08-23T00:22:00.995Z,GATEWAY_SALE: 7507.98 INR,"{""reference"":""pay_NTFQJ7NT""}"
tx_vnfwg7s10ke,GATEWAY_SETTLEMENT,pay_NTFQJ7NT-REF,-187700,INR,2026-07-13,2026-08-23T07:03:15.995Z,GATEWAY_REFUND: -1877 INR,"{""reference"":""pay_NTFQJ7NT-REF""}"
tx_rp9jwroaodd,GATEWAY_SETTLEMENT,pay_Z9BFMCQV,940787,INR,2026-07-17,2026-08-23T11:21:13.995Z,GATEWAY_SETTLEMENT: 9407.87 INR,"{""reference"":""pay_Z9BFMCQV""}"
tx_6o7n5slf5g6,GATEWAY_SETTLEMENT,pay_TU42B3C6_1,1114768,INR,2026-08-18,2026-08-23T13:33:53.995Z,GATEWAY_SPLIT_SETTLEMENT: 11147.68 INR,"{""reference"":""pay_TU42B3C6_1""}"
tx_20dl2q4y5qh,GATEWAY_SETTLEMENT,pay_TU42B3C6_2,1114768,INR,2026-08-18,2026-08-23T09:42:58.995Z,GATEWAY_SPLIT_SETTLEMENT: 11147.68 INR,"{""reference"":""pay_TU42B3C6_2""}"
tx_ju15bmwtuom,GATEWAY_SETTLEMENT,pay_TU42B3C6_3,1114768,INR,2026-08-18,2026-08-22T22:08:54.995Z,GATEWAY_SPLIT_SETTLEMENT: 11147.68 INR,"{""reference"":""pay_TU42B3C6_3""}"
tx_1v6yp62l8ylj,GATEWAY_SETTLEMENT,pay_TU42B3C6_4,1114767,INR,2026-08-18,2026-08-22T22:59:42.995Z,GATEWAY_SPLIT_SETTLEMENT: 11147.67 INR,"{""reference"":""pay_TU42B3C6_4""}"
tx_0jqwzxmea5x7,GATEWAY_SETTLEMENT,pay_G7TB5W58,788648,INR,2026-07-26,2026-08-23T07:19:54.995Z,GATEWAY_SETTLEMENT: 7886.48 INR,"{""reference"":""pay_G7TB5W58""}"
tx_1rqbqqh4d1k,GATEWAY_SETTLEMENT,pay_N884HD9S,3660743,INR,2026-08-06,2026-08-23T07:20:25.995Z,GATEWAY_SETTLEMENT: 36607.43 INR,"{""reference"":""pay_N884HD9S""}"
tx_pzghdmdmreo,GATEWAY_SETTLEMENT,pay_2HMJ7H5V,3538123,INR,2026-07-12,2026-08-22T19:40:17.995Z,GATEWAY_SALE: 35381.23 INR,"{""reference"":""pay_2HMJ7H5V""}"
tx_qxy308qe0bf,GATEWAY_SETTLEMENT,pay_2HMJ7H5V-REF,-884531,INR,2026-07-12,2026-08-23T11:26:34.995Z,GATEWAY_REFUND: -8845.31 INR,"{""reference"":""pay_2HMJ7H5V-REF""}"
tx_5jibqukv7ba,GATEWAY_SETTLEMENT,pay_ZJKRF4KR,2552121,INR,2026-08-14,2026-08-22T17:51:19.995Z,RAZORPAY PAYMENT: 25521.21 INR,"{""gatewayProvider"":""PAYPAL""}"
tx_thm09vi5gph,GATEWAY_SETTLEMENT,pay_YCN4LT3S,3044109,INR,2026-08-08,2026-08-23T03:04:04.995Z,GATEWAY_SETTLEMENT: 30441.09 INR,"{""reference"":""pay_YCN4LT3S""}"
tx_x11ad092p1,GATEWAY_SETTLEMENT,pay_O9NEW2QC_1,505059,INR,2026-07-28,2026-08-23T13:16:56.995Z,GATEWAY_SPLIT_SETTLEMENT: 5050.59 INR,"{""reference"":""pay_O9NEW2QC_1""}"
tx_p27iwaoxfzl,GATEWAY_SETTLEMENT,pay_O9NEW2QC_2,505059,INR,2026-07-28,2026-08-23T00:27:10.995Z,GATEWAY_SPLIT_SETTLEMENT: 5050.59 INR,"{""reference"":""pay_O9NEW2QC_2""}"
tx_i4g3vvcijq,GATEWAY_SETTLEMENT,pay_O9NEW2QC_3,505059,INR,2026-07-28,2026-08-23T07:30:39.995Z,GATEWAY_SPLIT_SETTLEMENT: 5050.59 INR,"{""reference"":""pay_O9NEW2QC_3""}"
tx_a4vprvqod1,GATEWAY_SETTLEMENT,pay_O9NEW2QC_4,505059,INR,2026-07-28,2026-08-23T14:10:46.995Z,GATEWAY_SPLIT_SETTLEMENT: 5050.59 INR,"{""reference"":""pay_O9NEW2QC_4""}"
tx_e2x8hwxc3yp,GATEWAY_SETTLEMENT,pay_O9NEW2QC_5,505057,INR,2026-07-28,2026-08-22T18:34:27.995Z,GATEWAY_SPLIT_SETTLEMENT: 5050.57 INR,"{""reference"":""pay_O9NEW2QC_5""}"
tx_50uli296vuu,GATEWAY_SETTLEMENT,pay_BMW1S5JT,3302265,INR,2026-07-21,2026-08-23T07:49:32.995Z,GATEWAY_SETTLEMENT: 33022.65 INR,"{""reference"":""pay_BMW1S5JT""}"
tx_qu4z7e4wmbj,GATEWAY_SETTLEMENT,pay_BX22IER0,3186881,INR,2026-07-17,2026-08-23T16:27:30.995Z,GATEWAY_SETTLEMENT: 31868.81 INR,"{""reference"":""pay_BX22IER0""}"
tx_hglphrvymsn,GATEWAY_SETTLEMENT,pay_R20C0TFK_1,48521,INR,2026-08-06,2026-08-23T06:18:31.995Z,GATEWAY_SPLIT_SETTLEMENT: 485.21 INR,"{""reference"":""pay_R20C0TFK_1""}"
tx_60zi2m48h9r,GATEWAY_SETTLEMENT,pay_R20C0TFK_2,48521,INR,2026-08-06,2026-08-23T03:10:14.995Z,GATEWAY_SPLIT_SETTLEMENT: 485.21 INR,"{""reference"":""pay_R20C0TFK_2""}"
tx_p1bme803qae,GATEWAY_SETTLEMENT,pay_R20C0TFK_3,48521,INR,2026-08-06,2026-08-23T15:11:54.996Z,GATEWAY_SPLIT_SETTLEMENT: 485.21 INR,"{""reference"":""pay_R20C0TFK_3""}"
tx_q1l9b6yyao,GATEWAY_SETTLEMENT,pay_R20C0TFK_4,48521,INR,2026-08-06,2026-08-23T06:18:09.996Z,GATEWAY_SPLIT_SETTLEMENT: 485.21 INR,"{""reference"":""pay_R20C0TFK_4""}"
tx_7kg7meblr2q,GATEWAY_SETTLEMENT,pay_R20C0TFK_5,48520,INR,2026-08-06,2026-08-23T18:23:57.996Z,GATEWAY_SPLIT_SETTLEMENT: 485.2 INR,"{""reference"":""pay_R20C0TFK_5""}"
tx_pe5mvkxhe2k,GATEWAY_SETTLEMENT,pay_DHUG0A1Q,1942008,INR,2026-08-15,2026-08-23T16:13:56.996Z,GATEWAY_SETTLEMENT: 19420.08 INR,"{""reference"":""pay_DHUG0A1Q""}"
tx_nadm1jrxkuc,GATEWAY_SETTLEMENT,pay_F8ZIMD82,2544825,INR,2026-08-08,2026-08-23T11:27:31.996Z,GATEWAY_SALE: 25448.25 INR,"{""reference"":""pay_F8ZIMD82""}"
tx_4hkt3eiyu93,GATEWAY_SETTLEMENT,pay_F8ZIMD82-REF,-636206,INR,2026-08-08,2026-08-23T08:45:58.996Z,GATEWAY_REFUND: -6362.06 INR,"{""reference"":""pay_F8ZIMD82-REF""}"
tx_s0l312ao3z,GATEWAY_SETTLEMENT,pay_X5DGNBCB,3543014,INR,2026-08-19,2026-08-23T09:08:31.996Z,GATEWAY_SETTLEMENT: 35430.14 INR,"{""reference"":""pay_X5DGNBCB""}"
tx_uffcef005t,GATEWAY_SETTLEMENT,pay_MO9GZJJZ,4295155,INR,2026-08-08,2026-08-23T13:42:58.996Z,GATEWAY_SETTLEMENT: 42951.55 INR,"{""reference"":""pay_MO9GZJJZ""}"
tx_jo1slq68jt,GATEWAY_SETTLEMENT,AH35DMX6,4180109,INR,2026-08-02,2026-08-23T00:31:38.996Z,GATEWAY_SALE: 41801.09 INR,"{""reference"":""AH35DMX6""}"
tx_xn6m6nisq1a,GATEWAY_SETTLEMENT,AH35DMX6-REF,-1045027,INR,2026-08-02,2026-08-22T18:36:43.996Z,GATEWAY_REFUND: -10450.27 INR,"{""reference"":""AH35DMX6-REF""}"
tx_eorb9ss37w,GATEWAY_SETTLEMENT,pay_1WVX0P9D_1,509348,INR,2026-07-17,2026-08-23T03:34:17.996Z,GATEWAY_SPLIT_SETTLEMENT: 5093.48 INR,"{""reference"":""pay_1WVX0P9D_1""}"
tx_iuq8d5312t,GATEWAY_SETTLEMENT,pay_1WVX0P9D_2,509348,INR,2026-07-17,2026-08-23T09:52:27.996Z,GATEWAY_SPLIT_SETTLEMENT: 5093.48 INR,"{""reference"":""pay_1WVX0P9D_2""}"
tx_0lwbrhsc0lh,GATEWAY_SETTLEMENT,pay_1WVX0P9D_3,509348,INR,2026-07-17,2026-08-23T14:58:34.996Z,GATEWAY_SPLIT_SETTLEMENT: 5093.48 INR,"{""reference"":""pay_1WVX0P9D_3""}"
tx_lvwbgajyleg,GATEWAY_SETTLEMENT,pay_1WVX0P9D_4,509348,INR,2026-07-17,2026-08-23T17:06:34.996Z,GATEWAY_SPLIT_SETTLEMENT: 5093.48 INR,"{""reference"":""pay_1WVX0P9D_4""}"
tx_z7ub6olo58h,GATEWAY_SETTLEMENT,pay_1WVX0P9D_5,509350,INR,2026-07-17,2026-08-22T23:32:48.996Z,GATEWAY_SPLIT_SETTLEMENT: 5093.5 INR,"{""reference"":""pay_1WVX0P9D_5""}"
tx_305nb4xholf,GATEWAY_SETTLEMENT,pay_OCZTC9IE_1,709913,INR,2026-08-01,2026-08-23T05:24:19.996Z,GATEWAY_SPLIT_SETTLEMENT: 7099.13 INR,"{""reference"":""pay_OCZTC9IE_1""}"
tx_cf61lt65tq,GATEWAY_SETTLEMENT,pay_OCZTC9IE_2,709913,INR,2026-08-01,2026-08-22T18:31:40.996Z,GATEWAY_SPLIT_SETTLEMENT: 7099.13 INR,"{""reference"":""pay_OCZTC9IE_2""}"
tx_4a3nyqmyl4l,GATEWAY_SETTLEMENT,pay_OCZTC9IE_3,709913,INR,2026-08-01,2026-08-23T16:53:36.996Z,GATEWAY_SPLIT_SETTLEMENT: 7099.13 INR,"{""reference"":""pay_OCZTC9IE_3""}"
tx_dy4ihj8uje,GATEWAY_SETTLEMENT,pay_OCZTC9IE_4,709913,INR,2026-08-01,2026-08-23T01:58:07.996Z,GATEWAY_SPLIT_SETTLEMENT: 7099.13 INR,"{""reference"":""pay_OCZTC9IE_4""}"
tx_bhrv2tms42,GATEWAY_SETTLEMENT,pay_OCZTC9IE_5,709915,INR,2026-08-01,2026-08-23T09:30:18.996Z,GATEWAY_SPLIT_SETTLEMENT: 7099.15 INR,"{""reference"":""pay_OCZTC9IE_5""}"
tx_grdtv2a1mx,GATEWAY_SETTLEMENT,pay_TMKAC55M,2471274,INR,2026-07-12,2026-08-22T13:42:01.996Z,RAZORPAY PAYMENT: 24712.74 INR,"{""gatewayProvider"":""SQUARE""}"
tx_rsnuvk5roei,GATEWAY_SETTLEMENT,pay_84GYWRR6,3323294,INR,2026-07-08,2026-08-23T07:01:34.996Z,GATEWAY_SETTLEMENT: 33232.94 INR,"{""reference"":""pay_84GYWRR6""}"
tx_25giwwcbjcp,GATEWAY_SETTLEMENT,pay_217MJX3R,1373866,INR,2026-08-18,2026-08-23T10:14:58.996Z,GATEWAY_SALE: 13738.66 INR,"{""reference"":""pay_217MJX3R""}"
tx_dsb3roy182,GATEWAY_SETTLEMENT,pay_217MJX3R-REF,-343467,INR,2026-08-18,2026-08-23T12:30:12.996Z,GATEWAY_REFUND: -3434.67 INR,"{""reference"":""pay_217MJX3R-REF""}"
tx_zkpio3c5dwh,GATEWAY_SETTLEMENT,pay_VGOVJJJJ_1,878093,INR,2026-08-16,2026-08-23T08:56:48.996Z,GATEWAY_SPLIT_SETTLEMENT: 8780.93 INR,"{""reference"":""pay_VGOVJJJJ_1""}"
tx_64n4n1pwt2n,GATEWAY_SETTLEMENT,pay_VGOVJJJJ_2,878093,INR,2026-08-16,2026-08-22T22:05:44.996Z,GATEWAY_SPLIT_SETTLEMENT: 8780.93 INR,"{""reference"":""pay_VGOVJJJJ_2""}"
tx_33bnzz34kp5,GATEWAY_SETTLEMENT,pay_VGOVJJJJ_3,878093,INR,2026-08-16,2026-08-23T13:34:37.996Z,GATEWAY_SPLIT_SETTLEMENT: 8780.93 INR,"{""reference"":""pay_VGOVJJJJ_3""}"
tx_fjaa1dwxu8l,GATEWAY_SETTLEMENT,pay_VGOVJJJJ_4,878093,INR,2026-08-16,2026-08-23T02:51:26.996Z,GATEWAY_SPLIT_SETTLEMENT: 8780.93 INR,"{""reference"":""pay_VGOVJJJJ_4""}"
tx_0rpfyja510tn,GATEWAY_SETTLEMENT,pay_VGOVJJJJ_5,878091,INR,2026-08-16,2026-08-23T03:34:29.996Z,GATEWAY_SPLIT_SETTLEMENT: 8780.91 INR,"{""reference"":""pay_VGOVJJJJ_5""}"
tx_c65fs3vjvb7,GATEWAY_SETTLEMENT,pay_A8UUAQLN,902902,INR,2026-07-23,2026-08-22T23:13:45.996Z,GATEWAY_SETTLEMENT: 9029.02 INR,"{""reference"":""pay_A8UUAQLN""}"
tx_mxzdpdcy1lf,GATEWAY_SETTLEMENT,pay_VPJALH62,3661427,INR,2026-07-12,2026-08-23T17:27:04.996Z,GATEWAY_SALE: 36614.27 INR,"{""reference"":""pay_VPJALH62""}"
tx_xtsb9c0u14,GATEWAY_SETTLEMENT,pay_VPJALH62-REF,-915357,INR,2026-07-12,2026-08-22T19:36:56.996Z,GATEWAY_REFUND: -9153.57 INR,"{""reference"":""pay_VPJALH62-REF""}"
tx_4zq0q2s70ot,GATEWAY_SETTLEMENT,pay_JJCRUNHQ_1,613877,INR,2026-08-08,2026-08-22T23:40:18.996Z,GATEWAY_SPLIT_SETTLEMENT: 6138.77 INR,"{""reference"":""pay_JJCRUNHQ_1""}"
tx_yg1h4spk4wi,GATEWAY_SETTLEMENT,pay_JJCRUNHQ_2,613877,INR,2026-08-08,2026-08-23T06:23:45.996Z,GATEWAY_SPLIT_SETTLEMENT: 6138.77 INR,"{""reference"":""pay_JJCRUNHQ_2""}"
tx_r1jyyienx3c,GATEWAY_SETTLEMENT,pay_JJCRUNHQ_3,613877,INR,2026-08-08,2026-08-23T07:45:52.996Z,GATEWAY_SPLIT_SETTLEMENT: 6138.77 INR,"{""reference"":""pay_JJCRUNHQ_3""}"
tx_8sz91opqo0t,GATEWAY_SETTLEMENT,pay_JJCRUNHQ_4,613878,INR,2026-08-08,2026-08-23T00:58:24.996Z,GATEWAY_SPLIT_SETTLEMENT: 6138.78 INR,"{""reference"":""pay_JJCRUNHQ_4""}"
tx_fn73enwv9nm,GATEWAY_SETTLEMENT,pay_18C5LW1J,3879030,INR,2026-07-10,2026-08-23T16:38:32.996Z,GATEWAY_SALE: 38790.3 INR,"{""reference"":""pay_18C5LW1J""}"
tx_6a6rj4q3e9j,GATEWAY_SETTLEMENT,pay_18C5LW1J-REF,-969758,INR,2026-07-10,2026-08-22T20:22:05.996Z,GATEWAY_REFUND: -9697.58 INR,"{""reference"":""pay_18C5LW1J-REF""}"
tx_vjiuf3n33l,GATEWAY_SETTLEMENT,pay_TDKJQENV_1,1195002,INR,2026-08-13,2026-08-22T19:42:30.996Z,GATEWAY_SPLIT_SETTLEMENT: 11950.02 INR,"{""reference"":""pay_TDKJQENV_1""}"
tx_1rlg5uz964o,GATEWAY_SETTLEMENT,pay_TDKJQENV_2,1195002,INR,2026-08-13,2026-08-23T01:46:19.996Z,GATEWAY_SPLIT_SETTLEMENT: 11950.02 INR,"{""reference"":""pay_TDKJQENV_2""}"
tx_0lcfsue1tohj,GATEWAY_SETTLEMENT,pay_TDKJQENV_3,1195002,INR,2026-08-13,2026-08-23T11:10:27.996Z,GATEWAY_SPLIT_SETTLEMENT: 11950.02 INR,"{""reference"":""pay_TDKJQENV_3""}"
tx_ej7wvuus4ng,GATEWAY_SETTLEMENT,pay_ZUCHG1C7_1,69442,INR,2026-07-23,2026-08-22T18:42:11.996Z,GATEWAY_SPLIT_SETTLEMENT: 694.42 INR,"{""reference"":""pay_ZUCHG1C7_1""}"
tx_2bunps2er79,GATEWAY_SETTLEMENT,pay_ZUCHG1C7_2,69442,INR,2026-07-23,2026-08-23T07:25:05.996Z,GATEWAY_SPLIT_SETTLEMENT: 694.42 INR,"{""reference"":""pay_ZUCHG1C7_2""}"
tx_ffrwwpiy7x,GATEWAY_SETTLEMENT,pay_ZUCHG1C7_3,69442,INR,2026-07-23,2026-08-23T13:36:06.996Z,GATEWAY_SPLIT_SETTLEMENT: 694.42 INR,"{""reference"":""pay_ZUCHG1C7_3""}"
tx_3rcv1pljxql,GATEWAY_SETTLEMENT,pay_ZUCHG1C7_4,69443,INR,2026-07-23,2026-08-23T10:03:33.996Z,GATEWAY_SPLIT_SETTLEMENT: 694.43 INR,"{""reference"":""pay_ZUCHG1C7_4""}"
tx_4u4h60ic06c,GATEWAY_SETTLEMENT,pay_OLXXXKVR,3213972,INR,2026-08-19,2026-08-22T18:34:16.996Z,GATEWAY_SETTLEMENT: 32139.72 INR,"{""reference"":""pay_OLXXXKVR""}"
tx_8m5eynm7px4,GATEWAY_SETTLEMENT,pay_VJHVIB8C_1,561010,INR,2026-07-09,2026-08-23T02:23:54.996Z,GATEWAY_SPLIT_SETTLEMENT: 5610.1 INR,"{""reference"":""pay_VJHVIB8C_1""}"
tx_vchwl4gv2r,GATEWAY_SETTLEMENT,pay_VJHVIB8C_2,561010,INR,2026-07-09,2026-08-22T22:49:07.996Z,GATEWAY_SPLIT_SETTLEMENT: 5610.1 INR,"{""reference"":""pay_VJHVIB8C_2""}"
tx_p5h9miy7ba,GATEWAY_SETTLEMENT,pay_VJHVIB8C_3,561010,INR,2026-07-09,2026-08-23T00:18:08.996Z,GATEWAY_SPLIT_SETTLEMENT: 5610.1 INR,"{""reference"":""pay_VJHVIB8C_3""}"
tx_i5jh9pixar,GATEWAY_SETTLEMENT,pay_VJHVIB8C_4,561010,INR,2026-07-09,2026-08-23T18:04:32.996Z,GATEWAY_SPLIT_SETTLEMENT: 5610.1 INR,"{""reference"":""pay_VJHVIB8C_4""}"
tx_djx9we4xde,GATEWAY_SETTLEMENT,pay_VJHVIB8C_5,561009,INR,2026-07-09,2026-08-22T23:29:30.996Z,GATEWAY_SPLIT_SETTLEMENT: 5610.09 INR,"{""reference"":""pay_VJHVIB8C_5""}"
tx_p01dwf7o1o,GATEWAY_SETTLEMENT,pay_TQ109FCU,4038571,INR,2026-07-12,2026-08-22T21:30:16.996Z,GATEWAY_SETTLEMENT: 40385.71 INR,"{""reference"":""pay_TQ109FCU""}"
tx_8nwtl5prbc8,GATEWAY_SETTLEMENT,pay_MN6BHYDZ,2861905,INR,2026-08-16,2026-08-23T08:13:56.996Z,GATEWAY_SETTLEMENT: 28619.05 INR,"{""reference"":""pay_MN6BHYDZ""}"
tx_2n7s8gnb66t,GATEWAY_SETTLEMENT,pay_QY8LJ0Q6_1,780141,INR,2026-08-14,2026-08-23T17:08:00.996Z,GATEWAY_SPLIT_SETTLEMENT: 7801.41 INR,"{""reference"":""pay_QY8LJ0Q6_1""}"
tx_ibsxj28aofj,GATEWAY_SETTLEMENT,pay_QY8LJ0Q6_2,780141,INR,2026-08-14,2026-08-23T04:13:32.996Z,GATEWAY_SPLIT_SETTLEMENT: 7801.41 INR,"{""reference"":""pay_QY8LJ0Q6_2""}"
tx_m6txtgx0sk,GATEWAY_SETTLEMENT,pay_QY8LJ0Q6_3,780141,INR,2026-08-14,2026-08-23T12:18:28.996Z,GATEWAY_SPLIT_SETTLEMENT: 7801.41 INR,"{""reference"":""pay_QY8LJ0Q6_3""}"
tx_98czp9qkqeo,GATEWAY_SETTLEMENT,pay_QY8LJ0Q6_4,780141,INR,2026-08-14,2026-08-23T14:10:19.996Z,GATEWAY_SPLIT_SETTLEMENT: 7801.41 INR,"{""reference"":""pay_QY8LJ0Q6_4""}"
tx_9uh7v7220xg,GATEWAY_SETTLEMENT,pay_QY8LJ0Q6_5,780143,INR,2026-08-14,2026-08-22T18:49:03.996Z,GATEWAY_SPLIT_SETTLEMENT: 7801.43 INR,"{""reference"":""pay_QY8LJ0Q6_5""}"
tx_hhzl0n7ecet,GATEWAY_SETTLEMENT,pay_EQIXO059,303681,INR,2026-07-23,2026-08-23T00:07:31.996Z,GATEWAY_SETTLEMENT: 3036.81 INR,"{""reference"":""pay_EQIXO059""}"
tx_1wu6qnmq29t,GATEWAY_SETTLEMENT,pay_KX7IGXZK,920024,INR,2026-08-05,2026-08-23T17:27:59.996Z,GATEWAY_SETTLEMENT: 9200.24 INR,"{""reference"":""pay_KX7IGXZK""}"
tx_ru5e3wf2hme,GATEWAY_SETTLEMENT,pay_PCHEPSCZ_1,389502,INR,2026-07-19,2026-08-23T03:15:35.996Z,GATEWAY_SPLIT_SETTLEMENT: 3895.02 INR,"{""reference"":""pay_PCHEPSCZ_1""}"
tx_f9dsguv6d4q,GATEWAY_SETTLEMENT,pay_PCHEPSCZ_2,389502,INR,2026-07-19,2026-08-23T09:48:09.996Z,GATEWAY_SPLIT_SETTLEMENT: 3895.02 INR,"{""reference"":""pay_PCHEPSCZ_2""}"
tx_i10iitcnetg,GATEWAY_SETTLEMENT,pay_PCHEPSCZ_3,389502,INR,2026-07-19,2026-08-23T08:14:12.996Z,GATEWAY_SPLIT_SETTLEMENT: 3895.02 INR,"{""reference"":""pay_PCHEPSCZ_3""}"
tx_dfzc4lg520m,GATEWAY_SETTLEMENT,pay_PCHEPSCZ_4,389501,INR,2026-07-19,2026-08-23T06:16:09.996Z,GATEWAY_SPLIT_SETTLEMENT: 3895.01 INR,"{""reference"":""pay_PCHEPSCZ_4""}"
tx_0ikv92elg3d,GATEWAY_SETTLEMENT,pay_0M8D263Y,4236809,INR,2026-08-08,2026-08-23T04:47:52.996Z,GATEWAY_SETTLEMENT: 42368.09 INR,"{""reference"":""pay_0M8D263Y""}"
tx_6ft1zzpkk6,GATEWAY_SETTLEMENT,pay_2SBPX8PT,114205,INR,2026-07-19,2026-08-22T19:08:27.996Z,GATEWAY_SETTLEMENT: 1142.05 INR,"{""reference"":""pay_2SBPX8PT""}"
tx_k4lt01o7w7f,GATEWAY_SETTLEMENT,pay_KRAENBI1_1,109593,INR,2026-08-15,2026-08-23T07:38:38.996Z,GATEWAY_SPLIT_SETTLEMENT: 1095.93 INR,"{""reference"":""pay_KRAENBI1_1""}"
tx_zop1na4e6t,GATEWAY_SETTLEMENT,pay_KRAENBI1_2,109593,INR,2026-08-15,2026-08-23T15:47:52.996Z,GATEWAY_SPLIT_SETTLEMENT: 1095.93 INR,"{""reference"":""pay_KRAENBI1_2""}"
tx_7hmn65o1k66,GATEWAY_SETTLEMENT,pay_KRAENBI1_3,109593,INR,2026-08-15,2026-08-23T01:51:37.996Z,GATEWAY_SPLIT_SETTLEMENT: 1095.93 INR,"{""reference"":""pay_KRAENBI1_3""}"
tx_j5nhsooifts,GATEWAY_SETTLEMENT,pay_KRAENBI1_4,109593,INR,2026-08-15,2026-08-23T04:51:25.996Z,GATEWAY_SPLIT_SETTLEMENT: 1095.93 INR,"{""reference"":""pay_KRAENBI1_4""}"
tx_vlurzl1016,GATEWAY_SETTLEMENT,pay_KRAENBI1_5,109595,INR,2026-08-15,2026-08-23T05:18:59.996Z,GATEWAY_SPLIT_SETTLEMENT: 1095.95 INR,"{""reference"":""pay_KRAENBI1_5""}"
tx_24x1e6jfonj,GATEWAY_SETTLEMENT,pay_0WXMW4Q6,3695852,INR,2026-08-16,2026-08-23T17:01:05.996Z,GATEWAY_SETTLEMENT: 36958.52 INR,"{""reference"":""pay_0WXMW4Q6""}"
tx_54cj2m4ut35,GATEWAY_SETTLEMENT,pay_E2YEG7Q2,3743841,INR,2026-08-06,2026-08-23T11:07:44.996Z,GATEWAY_SETTLEMENT: 37438.41 INR,"{""reference"":""pay_E2YEG7Q2""}"
tx_su806ou9y4j,GATEWAY_SETTLEMENT,pay_TWIGYJWE,4363253,INR,2026-07-16,2026-08-23T09:55:43.996Z,GATEWAY_SALE: 43632.53 INR,"{""reference"":""pay_TWIGYJWE""}"
tx_1nihh62q3p7,GATEWAY_SETTLEMENT,pay_TWIGYJWE-REF,-1090813,INR,2026-07-16,2026-08-23T02:20:26.996Z,GATEWAY_REFUND: -10908.13 INR,"{""reference"":""pay_TWIGYJWE-REF""}"
tx_8qz7ubd63dl,GATEWAY_SETTLEMENT,pay_UEM87O19_1,354944,INR,2026-08-03,2026-08-23T04:33:12.996Z,GATEWAY_SPLIT_SETTLEMENT: 3549.44 INR,"{""reference"":""pay_UEM87O19_1""}"
tx_x581ntgnnbn,GATEWAY_SETTLEMENT,pay_UEM87O19_2,354944,INR,2026-08-03,2026-08-23T11:23:32.996Z,GATEWAY_SPLIT_SETTLEMENT: 3549.44 INR,"{""reference"":""pay_UEM87O19_2""}"
tx_xwwmiov9ccc,GATEWAY_SETTLEMENT,pay_UEM87O19_3,354944,INR,2026-08-03,2026-08-23T00:24:17.996Z,GATEWAY_SPLIT_SETTLEMENT: 3549.44 INR,"{""reference"":""pay_UEM87O19_3""}"
tx_9c8d43ud8gg,GATEWAY_SETTLEMENT,pay_UEM87O19_4,354944,INR,2026-08-03,2026-08-22T23:48:20.996Z,GATEWAY_SPLIT_SETTLEMENT: 3549.44 INR,"{""reference"":""pay_UEM87O19_4""}"
tx_96jzawz71h,GATEWAY_SETTLEMENT,pay_UEM87O19_5,354942,INR,2026-08-03,2026-08-22T20:25:23.996Z,GATEWAY_SPLIT_SETTLEMENT: 3549.42 INR,"{""reference"":""pay_UEM87O19_5""}"
tx_3fgfjlwcl9,GATEWAY_SETTLEMENT,pay_3EXKS1EZ,1373311,INR,2026-07-09,2026-08-23T15:46:43.996Z,GATEWAY_SALE: 13733.11 INR,"{""reference"":""pay_3EXKS1EZ""}"
tx_izg22jlueeq,GATEWAY_SETTLEMENT,pay_3EXKS1EZ-REF,-343328,INR,2026-07-09,2026-08-23T18:24:39.996Z,GATEWAY_REFUND: -3433.28 INR,"{""reference"":""pay_3EXKS1EZ-REF""}"
tx_1ig8nczy5o6,GATEWAY_SETTLEMENT,pay_3A56VCMK_1,1010204,INR,2026-07-22,2026-08-22T23:55:23.996Z,GATEWAY_SPLIT_SETTLEMENT: 10102.04 INR,"{""reference"":""pay_3A56VCMK_1""}"
tx_pncjx9ltcuc,GATEWAY_SETTLEMENT,pay_3A56VCMK_2,1010203,INR,2026-07-22,2026-08-23T04:16:59.996Z,GATEWAY_SPLIT_SETTLEMENT: 10102.03 INR,"{""reference"":""pay_3A56VCMK_2""}"
tx_op0d65k6o5c,GATEWAY_SETTLEMENT,pay_9CRTWD0R,2605727,INR,2026-07-07,2026-08-22T23:31:24.996Z,GATEWAY_SETTLEMENT: 26057.27 INR,"{""reference"":""pay_9CRTWD0R""}"
tx_0znc6fntueq,GATEWAY_SETTLEMENT,pay_B0SNTSF6,4480344,INR,2026-08-14,2026-08-22T15:09:56.996Z,BRAINTREE PAYMENT: 44803.44 INR,"{""gatewayProvider"":""PAYPAL""}"
tx_h7mds8oogs6,GATEWAY_SETTLEMENT,pay_8M1Z4CMY_1,749141,INR,2026-08-18,2026-08-23T01:24:18.996Z,GATEWAY_SPLIT_SETTLEMENT: 7491.41 INR,"{""reference"":""pay_8M1Z4CMY_1""}"
tx_i4n8fozr1ba,GATEWAY_SETTLEMENT,pay_8M1Z4CMY_2,749141,INR,2026-08-18,2026-08-23T16:09:06.996Z,GATEWAY_SPLIT_SETTLEMENT: 7491.41 INR,"{""reference"":""pay_8M1Z4CMY_2""}"
tx_08jw5799hs9w,GATEWAY_SETTLEMENT,pay_08L2D4Y3_1,1076755,INR,2026-07-19,2026-08-23T08:48:52.996Z,GATEWAY_SPLIT_SETTLEMENT: 10767.55 INR,"{""reference"":""pay_08L2D4Y3_1""}"
tx_a83a9nu3y9a,GATEWAY_SETTLEMENT,pay_08L2D4Y3_2,1076755,INR,2026-07-19,2026-08-22T21:24:02.996Z,GATEWAY_SPLIT_SETTLEMENT: 10767.55 INR,"{""reference"":""pay_08L2D4Y3_2""}"
tx_8ljx3e0zpv5,GATEWAY_SETTLEMENT,pay_08L2D4Y3_3,1076756,INR,2026-07-19,2026-08-23T05:41:22.996Z,GATEWAY_SPLIT_SETTLEMENT: 10767.56 INR,"{""reference"":""pay_08L2D4Y3_3""}"
tx_exw8svmqsyo,GATEWAY_SETTLEMENT,pay_L36L3T3E,3384250,INR,2026-08-13,2026-08-23T10:04:48.996Z,GATEWAY_SETTLEMENT: 33842.5 INR,"{""reference"":""pay_L36L3T3E""}"
tx_bg231xjvqs5,GATEWAY_SETTLEMENT,pay_1UB4HK7K,4250087,INR,2026-08-12,2026-08-23T10:38:28.996Z,GATEWAY_SETTLEMENT: 42500.87 INR,"{""reference"":""pay_1UB4HK7K""}"
tx_6ouoiethjqj,GATEWAY_SETTLEMENT,pay_ZXS40WSY,848709,INR,2026-07-31,2026-08-23T11:23:51.996Z,GATEWAY_SETTLEMENT: 8487.09 INR,"{""reference"":""pay_ZXS40WSY""}"
tx_xo71my4dtk,GATEWAY_SETTLEMENT,pay_GSXA9ZCA,4358701,INR,2026-08-10,2026-08-23T08:02:54.996Z,GATEWAY_SALE: 43587.01 INR,"{""reference"":""pay_GSXA9ZCA""}"
tx_79ock5cafgl,GATEWAY_SETTLEMENT,pay_GSXA9ZCA-REF,-1089675,INR,2026-08-10,2026-08-22T23:54:32.996Z,GATEWAY_REFUND: -10896.75 INR,"{""reference"":""pay_GSXA9ZCA-REF""}"
tx_792ml755r0g,GATEWAY_SETTLEMENT,pay_UXY12AQC,1476643,INR,2026-08-06,2026-08-22T08:45:04.996Z,STRIPE PAYMENT: 14766.43 INR,"{""gatewayProvider"":""STRIPE""}"
tx_72mlmjhsuf8,GATEWAY_SETTLEMENT,pay_4UTOCNJN,1108491,INR,2026-08-04,2026-08-22T16:57:52.996Z,STRIPE PAYMENT: 11084.91 INR,"{""gatewayProvider"":""STRIPE""}"
tx_27jh2vnhtzb,GATEWAY_SETTLEMENT,pay_LV4PJYS5,924393,INR,2026-07-15,2026-08-23T15:06:06.996Z,GATEWAY_SALE: 9243.93 INR,"{""reference"":""pay_LV4PJYS5""}"
tx_zou9n2n0e,GATEWAY_SETTLEMENT,pay_LV4PJYS5-REF,-231098,INR,2026-07-15,2026-08-23T00:59:52.996Z,GATEWAY_REFUND: -2310.98 INR,"{""reference"":""pay_LV4PJYS5-REF""}"
tx_8sq623opg0q,GATEWAY_SETTLEMENT,pay_C7I37WZW,3375855,INR,2026-08-12,2026-08-23T17:43:45.996Z,GATEWAY_SETTLEMENT: 33758.55 INR,"{""reference"":""pay_C7I37WZW""}"
tx_zala8klbm9h,GATEWAY_SETTLEMENT,pay_TQDWMFTM,265738,INR,2026-07-07,2026-08-22T22:36:00.996Z,GATEWAY_SETTLEMENT: 2657.38 INR,"{""reference"":""pay_TQDWMFTM""}"
tx_h32cuqbk4ph,GATEWAY_SETTLEMENT,pay_A66QMEWL,3118248,INR,2026-08-08,2026-08-23T11:24:13.996Z,GATEWAY_SETTLEMENT: 31182.48 INR,"{""reference"":""pay_A66QMEWL""}"
tx_b8qr7kanuab,GATEWAY_SETTLEMENT,pay_FNFHEF2G,1208817,INR,2026-07-18,2026-08-23T05:45:35.996Z,GATEWAY_SETTLEMENT: 12088.17 INR,"{""reference"":""pay_FNFHEF2G""}"
tx_b3a42ixac1q,GATEWAY_SETTLEMENT,pay_RHZ0LJNR_1,268871,INR,2026-07-25,2026-08-22T23:48:53.996Z,GATEWAY_SPLIT_SETTLEMENT: 2688.71 INR,"{""reference"":""pay_RHZ0LJNR_1""}"
tx_1ftbgx7hj7u,GATEWAY_SETTLEMENT,pay_RHZ0LJNR_2,268871,INR,2026-07-25,2026-08-22T18:52:55.996Z,GATEWAY_SPLIT_SETTLEMENT: 2688.71 INR,"{""reference"":""pay_RHZ0LJNR_2""}"
tx_pkwsd92vgqj,GATEWAY_SETTLEMENT,pay_RHZ0LJNR_3,268872,INR,2026-07-25,2026-08-23T07:30:42.996Z,GATEWAY_SPLIT_SETTLEMENT: 2688.72 INR,"{""reference"":""pay_RHZ0LJNR_3""}"
tx_z94nn465yc,GATEWAY_SETTLEMENT,pay_QWQY4QO7,2554505,INR,2026-07-12,2026-08-23T02:08:43.996Z,GATEWAY_SETTLEMENT: 25545.05 INR,"{""reference"":""pay_QWQY4QO7""}"
tx_6lqg9dumvrq,GATEWAY_SETTLEMENT,pay_PEQM470K,2915023,INR,2026-07-27,2026-08-23T16:08:51.996Z,GATEWAY_SETTLEMENT: 29150.23 INR,"{""reference"":""pay_PEQM470K""}"
tx_5q35cbo5usn,GATEWAY_SETTLEMENT, pay_SWDBY7Y8 ,1632643,INR,2026-08-09,2026-08-23T11:34:55.996Z,GATEWAY_SETTLEMENT: 16326.43 INR,"{""reference"":"" pay_SWDBY7Y8 ""}"
tx_5xsf0q75m2l,GATEWAY_SETTLEMENT,pay_4ZJ2NQ7D_1,1481880,INR,2026-07-20,2026-08-23T08:36:13.996Z,GATEWAY_SPLIT_SETTLEMENT: 14818.8 INR,"{""reference"":""pay_4ZJ2NQ7D_1""}"
tx_y8n690t93hi,GATEWAY_SETTLEMENT,pay_4ZJ2NQ7D_2,1481880,INR,2026-07-20,2026-08-23T13:47:49.996Z,GATEWAY_SPLIT_SETTLEMENT: 14818.8 INR,"{""reference"":""pay_4ZJ2NQ7D_2""}"
tx_gn0fgjm83p5,GATEWAY_SETTLEMENT,pay_4ZJ2NQ7D_3,1481881,INR,2026-07-20,2026-08-23T08:06:18.996Z,GATEWAY_SPLIT_SETTLEMENT: 14818.81 INR,"{""reference"":""pay_4ZJ2NQ7D_3""}"
tx_fgj54m2jxwd,GATEWAY_SETTLEMENT,pay_IUO3SN65,4132712,INR,2026-07-24,2026-08-23T05:59:50.996Z,GATEWAY_SETTLEMENT: 41327.12 INR,"{""reference"":""pay_IUO3SN65""}"
tx_kuu5851jaqr,GATEWAY_SETTLEMENT,pay_56AU3NO4_1,882078,INR,2026-07-11,2026-08-23T03:46:30.996Z,GATEWAY_SPLIT_SETTLEMENT: 8820.78 INR,"{""reference"":""pay_56AU3NO4_1""}"
tx_msgfws95gmd,GATEWAY_SETTLEMENT,pay_56AU3NO4_2,882078,INR,2026-07-11,2026-08-23T14:19:38.996Z,GATEWAY_SPLIT_SETTLEMENT: 8820.78 INR,"{""reference"":""pay_56AU3NO4_2""}"
tx_bq83h0zham5,GATEWAY_SETTLEMENT,pay_56AU3NO4_3,882079,INR,2026-07-11,2026-08-23T09:19:31.996Z,GATEWAY_SPLIT_SETTLEMENT: 8820.79 INR,"{""reference"":""pay_56AU3NO4_3""}"
tx_6qgxnunsi0a,GATEWAY_SETTLEMENT,pay_G3Q1G2BZ,1748373,INR,2026-07-20,2026-08-23T10:26:22.996Z,GATEWAY_SALE: 17483.73 INR,"{""reference"":""pay_G3Q1G2BZ""}"
tx_nqe46cfd6ue,GATEWAY_SETTLEMENT,pay_G3Q1G2BZ-REF,-437093,INR,2026-07-20,2026-08-23T11:06:03.996Z,GATEWAY_REFUND: -4370.93 INR,"{""reference"":""pay_G3Q1G2BZ-REF""}"
tx_wnhrpjshsd,GATEWAY_SETTLEMENT,pay_T87D0TWV_1,551134,INR,2026-08-16,2026-08-23T05:47:46.996Z,GATEWAY_SPLIT_SETTLEMENT: 5511.34 INR,"{""reference"":""pay_T87D0TWV_1""}"
tx_x1fjljd8rtf,GATEWAY_SETTLEMENT,pay_T87D0TWV_2,551134,INR,2026-08-16,2026-08-23T13:15:16.996Z,GATEWAY_SPLIT_SETTLEMENT: 5511.34 INR,"{""reference"":""pay_T87D0TWV_2""}"
tx_jec4y488mui,GATEWAY_SETTLEMENT,pay_T87D0TWV_3,551134,INR,2026-08-16,2026-08-23T05:31:52.996Z,GATEWAY_SPLIT_SETTLEMENT: 5511.34 INR,"{""reference"":""pay_T87D0TWV_3""}"
tx_21a9kptutmhg,GATEWAY_SETTLEMENT,pay_Y2VT9ID0,1989801,INR,2026-07-10,2026-08-23T01:48:29.996Z,GATEWAY_SETTLEMENT: 19898.01 INR,"{""reference"":""pay_Y2VT9ID0""}"
tx_gjrt8i9bw1b,GATEWAY_SETTLEMENT,pay_B846KPL8,889223,INR,2026-07-21,2026-08-23T08:31:37.996Z,GATEWAY_SETTLEMENT: 8892.23 INR,"{""reference"":""pay_B846KPL8""}"
tx_oym0q9lqsed,GATEWAY_SETTLEMENT,pay_Y8QZ9V0P,3861848,INR,2026-07-29,2026-08-23T18:03:14.996Z,GATEWAY_SETTLEMENT: 38618.48 INR,"{""reference"":""pay_Y8QZ9V0P""}"
tx_2j6ij377bg6,GATEWAY_SETTLEMENT,pay_UFJLRH8C,2515933,INR,2026-07-16,2026-08-22T22:24:02.996Z,GATEWAY_SETTLEMENT: 25159.33 INR,"{""reference"":""pay_UFJLRH8C""}"
tx_wj2u5q0ydn,GATEWAY_SETTLEMENT,pay_WNXCD31Z,1415617,INR,2026-07-13,2026-08-23T05:45:30.996Z,GATEWAY_SETTLEMENT: 14156.17 INR,"{""reference"":""pay_WNXCD31Z""}"
tx_xzmvij6b8zj,GATEWAY_SETTLEMENT,pay_C0BU9JEF,3244370,INR,2026-07-30,2026-08-23T10:16:04.996Z,GATEWAY_SETTLEMENT: 32443.7 INR,"{""reference"":""pay_C0BU9JEF""}"
tx_isojsekvrls,GATEWAY_SETTLEMENT,pay_2SSG8541,2715802,INR,2026-08-13,2026-08-22T08:06:36.996Z,BRAINTREE PAYMENT: 27158.02 INR,"{""gatewayProvider"":""BRAINTREE""}"
tx_6b3x1xif9ep,GATEWAY_SETTLEMENT,pay_U8G4ARU1,2789912,INR,2026-08-14,2026-08-23T16:42:32.996Z,GATEWAY_SALE: 27899.12 INR,"{""reference"":""pay_U8G4ARU1""}"
tx_gq5z25av5it,GATEWAY_SETTLEMENT,pay_U8G4ARU1-REF,-697478,INR,2026-08-14,2026-08-23T15:34:39.996Z,GATEWAY_REFUND: -6974.78 INR,"{""reference"":""pay_U8G4ARU1-REF""}"
tx_sftn47mx75f,GATEWAY_SETTLEMENT,pay_VUVWMYLN_1,189664,INR,2026-08-16,2026-08-23T04:57:59.996Z,GATEWAY_SPLIT_SETTLEMENT: 1896.64 INR,"{""reference"":""pay_VUVWMYLN_1""}"
tx_d18tbjgwav9,GATEWAY_SETTLEMENT,pay_VUVWMYLN_2,189664,INR,2026-08-16,2026-08-22T22:27:22.996Z,GATEWAY_SPLIT_SETTLEMENT: 1896.64 INR,"{""reference"":""pay_VUVWMYLN_2""}"
tx_sus7q3qpjfi,GATEWAY_SETTLEMENT,pay_VUVWMYLN_3,189664,INR,2026-08-16,2026-08-23T03:37:24.996Z,GATEWAY_SPLIT_SETTLEMENT: 1896.64 INR,"{""reference"":""pay_VUVWMYLN_3""}"
tx_qa1v8rm3o5o,GATEWAY_SETTLEMENT,pay_VUVWMYLN_4,189664,INR,2026-08-16,2026-08-23T11:20:36.996Z,GATEWAY_SPLIT_SETTLEMENT: 1896.64 INR,"{""reference"":""pay_VUVWMYLN_4""}"
tx_9h4wa0mk89,GATEWAY_SETTLEMENT,pay_VUVWMYLN_5,189665,INR,2026-08-16,2026-08-23T10:33:51.996Z,GATEWAY_SPLIT_SETTLEMENT: 1896.65 INR,"{""reference"":""pay_VUVWMYLN_5""}"
tx_u0peuk5z38o,GATEWAY_SETTLEMENT,pay_S60MSU2N,3458172,INR,2026-07-22,2026-08-22T20:01:53.996Z,GATEWAY_SETTLEMENT: 34581.72 INR,"{""reference"":""pay_S60MSU2N""}"
tx_aagxuq5ij2d,GATEWAY_SETTLEMENT,pay_83QONKF6,3564348,INR,2026-07-12,2026-08-23T15:35:14.996Z,GATEWAY_SETTLEMENT: 35643.48 INR,"{""reference"":""pay_83QONKF6""}"
tx_olp9u06z0na,GATEWAY_SETTLEMENT, pay_0CSWHJ98 ,3067693,INR,2026-07-27,2026-08-23T00:04:01.996Z,GATEWAY_SETTLEMENT: 30676.93 INR,"{""reference"":"" pay_0CSWHJ98 ""}"
tx_b6twtugem4v,GATEWAY_SETTLEMENT,pay_1BHVSV0S_1,2062217,INR,2026-08-16,2026-08-23T00:24:48.996Z,GATEWAY_SPLIT_SETTLEMENT: 20622.17 INR,"{""reference"":""pay_1BHVSV0S_1""}"
tx_a8gskdf0wb,GATEWAY_SETTLEMENT,pay_1BHVSV0S_2,2062217,INR,2026-08-16,2026-08-23T00:07:58.996Z,GATEWAY_SPLIT_SETTLEMENT: 20622.17 INR,"{""reference"":""pay_1BHVSV0S_2""}"
tx_kw3ncajak7,GATEWAY_SETTLEMENT,pay_RMIY2A14,4011108,INR,2026-07-19,2026-08-22T09:23:24.996Z,PAYPAL PAYMENT: 40111.08 INR,"{""gatewayProvider"":""SQUARE""}"
tx_sa1065t3fjk,GATEWAY_SETTLEMENT,pay_0180OJZQ,1519900,INR,2026-07-12,2026-08-22T19:02:02.996Z,GATEWAY_SALE: 15199 INR,"{""reference"":""pay_0180OJZQ""}"
tx_8ciewzw5wnl,GATEWAY_SETTLEMENT,pay_0180OJZQ-REF,-379975,INR,2026-07-12,2026-08-23T14:01:33.996Z,GATEWAY_REFUND: -3799.75 INR,"{""reference"":""pay_0180OJZQ-REF""}"
tx_you274wgpf,GATEWAY_SETTLEMENT,pay_30NCGJL3,3643057,INR,2026-08-12,2026-08-23T02:33:59.996Z,GATEWAY_SALE: 36430.57 INR,"{""reference"":""pay_30NCGJL3""}"
tx_y4vm7iaz5b,GATEWAY_SETTLEMENT,pay_30NCGJL3-REF,-910764,INR,2026-08-12,2026-08-23T09:10:32.996Z,GATEWAY_REFUND: -9107.64 INR,"{""reference"":""pay_30NCGJL3-REF""}"
tx_qbqxmziwdcf,GATEWAY_SETTLEMENT,pay_I4MJO6BW_1,217984,INR,2026-08-18,2026-08-22T22:32:43.996Z,GATEWAY_SPLIT_SETTLEMENT: 2179.84 INR,"{""reference"":""pay_I4MJO6BW_1""}"
tx_9fb146xoom,GATEWAY_SETTLEMENT,pay_I4MJO6BW_2,217984,INR,2026-08-18,2026-08-23T01:16:34.996Z,GATEWAY_SPLIT_SETTLEMENT: 2179.84 INR,"{""reference"":""pay_I4MJO6BW_2""}"
tx_ta5w0909x,GATEWAY_SETTLEMENT,pay_931LCZ48,2797754,INR,2026-07-26,2026-08-22T19:29:27.996Z,GATEWAY_SALE: 27977.54 INR,"{""reference"":""pay_931LCZ48""}"
tx_b1wt6kjaa6,GATEWAY_SETTLEMENT,pay_931LCZ48-REF,-699439,INR,2026-07-26,2026-08-22T21:33:41.996Z,GATEWAY_REFUND: -6994.39 INR,"{""reference"":""pay_931LCZ48-REF""}"
tx_o43mxh5uli,GATEWAY_SETTLEMENT,pay_TUKX71LI,735642,INR,2026-07-18,2026-08-23T11:36:41.996Z,GATEWAY_SETTLEMENT: 7356.42 INR,"{""reference"":""pay_TUKX71LI""}"
tx_qos6urjryx,GATEWAY_SETTLEMENT,pay_5T7JMXSC,1573729,INR,2026-08-02,2026-08-23T17:21:50.996Z,GATEWAY_SETTLEMENT: 15737.29 INR,"{""reference"":""pay_5T7JMXSC""}"
tx_cs98oypyrnh,GATEWAY_SETTLEMENT,pay_2FJ37CTJ,2639155,INR,2026-07-09,2026-08-23T09:38:33.996Z,GATEWAY_SETTLEMENT: 26391.55 INR,"{""reference"":""pay_2FJ37CTJ""}"
tx_d39s885cn5i,GATEWAY_SETTLEMENT,pay_J0S44QR8,1850475,INR,2026-08-17,2026-08-22T10:55:17.996Z,RAZORPAY PAYMENT: 18504.75 INR,"{""gatewayProvider"":""SQUARE""}"
tx_oyhh8z4wk4q,GATEWAY_SETTLEMENT,pay_9AD6ZZS8,2777991,INR,2026-07-24,2026-08-23T03:13:16.996Z,GATEWAY_SETTLEMENT: 27779.91 INR,"{""reference"":""pay_9AD6ZZS8""}"
tx_f1tq0oro89n,GATEWAY_SETTLEMENT,pay_2LEHP2F7,3319062,INR,2026-07-22,2026-08-23T02:46:44.996Z,GATEWAY_SALE: 33190.62 INR,"{""reference"":""pay_2LEHP2F7""}"
tx_uebcqun7d7,GATEWAY_SETTLEMENT,pay_2LEHP2F7-REF,-829766,INR,2026-07-22,2026-08-23T01:38:34.996Z,GATEWAY_REFUND: -8297.66 INR,"{""reference"":""pay_2LEHP2F7-REF""}"
tx_swbangdey,GATEWAY_SETTLEMENT,pay_GKG3SJ51,262641,INR,2026-07-17,2026-08-23T04:36:09.996Z,GATEWAY_SALE: 2626.41 INR,"{""reference"":""pay_GKG3SJ51""}"
tx_7shfkgf0bt8,GATEWAY_SETTLEMENT,pay_GKG3SJ51-REF,-65660,INR,2026-07-17,2026-08-23T13:47:09.996Z,GATEWAY_REFUND: -656.6 INR,"{""reference"":""pay_GKG3SJ51-REF""}"
tx_iuaeqye1jaj,GATEWAY_SETTLEMENT,pay_T7IVTXU2_1,243159,INR,2026-07-07,2026-08-23T14:56:24.996Z,GATEWAY_SPLIT_SETTLEMENT: 2431.59 INR,"{""reference"":""pay_T7IVTXU2_1""}"
tx_w29th1lc2xp,GATEWAY_SETTLEMENT,pay_T7IVTXU2_2,243159,INR,2026-07-07,2026-08-23T07:19:38.996Z,GATEWAY_SPLIT_SETTLEMENT: 2431.59 INR,"{""reference"":""pay_T7IVTXU2_2""}"
tx_x5k5epyp4rq,GATEWAY_SETTLEMENT,pay_T7IVTXU2_3,243158,INR,2026-07-07,2026-08-23T15:43:56.996Z,GATEWAY_SPLIT_SETTLEMENT: 2431.58 INR,"{""reference"":""pay_T7IVTXU2_3""}"
tx_9lqzc6vgygo,GATEWAY_SETTLEMENT,pay_55J81EEP,233814,INR,2026-07-23,2026-08-23T03:13:47.996Z,GATEWAY_SETTLEMENT: 2338.14 INR,"{""reference"":""pay_55J81EEP""}"
tx_ay08gidibj9,GATEWAY_SETTLEMENT,pay_F2LJOOWM,4169846,INR,2026-08-14,2026-08-23T10:54:44.996Z,GATEWAY_SETTLEMENT: 41698.46 INR,"{""reference"":""pay_F2LJOOWM""}"
tx_tshy0pt3y9d,GATEWAY_SETTLEMENT,pay_01JN20XY_1,1385618,INR,2026-07-10,2026-08-23T17:08:21.996Z,GATEWAY_SPLIT_SETTLEMENT: 13856.18 INR,"{""reference"":""pay_01JN20XY_1""}"
tx_nvbwggogn8p,GATEWAY_SETTLEMENT,pay_01JN20XY_2,1385618,INR,2026-07-10,2026-08-22T19:07:45.996Z,GATEWAY_SPLIT_SETTLEMENT: 13856.18 INR,"{""reference"":""pay_01JN20XY_2""}"
tx_y9ono3q7nx,GATEWAY_SETTLEMENT,pay_01JN20XY_3,1385618,INR,2026-07-10,2026-08-23T01:46:33.996Z,GATEWAY_SPLIT_SETTLEMENT: 13856.18 INR,"{""reference"":""pay_01JN20XY_3""}"
tx_9iraao3e2t,GATEWAY_SETTLEMENT,pay_PTAXMX2N,4035005,INR,2026-07-13,2026-08-23T00:47:57.996Z,GATEWAY_SETTLEMENT: 40350.05 INR,"{""reference"":""pay_PTAXMX2N""}"
tx_f6lufck0xtu,GATEWAY_SETTLEMENT,pay_CKV801BL,987317,INR,2026-08-06,2026-08-22T14:36:45.996Z,BRAINTREE PAYMENT: 9873.17 INR,"{""gatewayProvider"":""RAZORPAY""}"
tx_hdaxbhl3z7r,GATEWAY_SETTLEMENT,pay_NF7B54QK,1215984,INR,2026-07-09,2026-08-23T07:10:53.996Z,GATEWAY_SETTLEMENT: 12159.84 INR,"{""reference"":""pay_NF7B54QK""}"
tx_q1u1bbak58j,GATEWAY_SETTLEMENT,pay_UO66J6L1,2096414,INR,2026-08-19,2026-08-23T00:53:53.996Z,GATEWAY_SETTLEMENT: 20964.14 INR,"{""reference"":""pay_UO66J6L1""}"
tx_54tu7hah4u,GATEWAY_SETTLEMENT,pay_95WFQM8R,832142,INR,2026-08-19,2026-08-23T10:44:51.996Z,GATEWAY_SETTLEMENT: 8321.42 INR,"{""reference"":""pay_95WFQM8R""}"
tx_rctqyhgpu3,GATEWAY_SETTLEMENT,pay_407BIUD8,3968555,INR,2026-08-06,2026-08-23T10:38:45.996Z,GATEWAY_SETTLEMENT: 39685.55 INR,"{""reference"":""pay_407BIUD8""}"
tx_ff236vqexch,GATEWAY_SETTLEMENT,pay_BEN984ZB,918829,INR,2026-08-13,2026-08-22T18:47:02.996Z,GATEWAY_SETTLEMENT: 9188.29 INR,"{""reference"":""pay_BEN984ZB""}"
tx_ubntjgbycso,GATEWAY_SETTLEMENT,pay_MX8HGXYU,105989,INR,2026-07-21,2026-08-23T06:09:01.996Z,GATEWAY_SETTLEMENT: 1059.89 INR,"{""reference"":""pay_MX8HGXYU""}"
tx_rpfsnz1feg9,GATEWAY_SETTLEMENT,pay_UT51GTGA,1215809,INR,2026-08-04,2026-08-23T04:21:57.996Z,GATEWAY_SETTLEMENT: 12158.09 INR,"{""reference"":""pay_UT51GTGA""}"
tx_kluq24hq89r,GATEWAY_SETTLEMENT,PAY_SIB1EWSI,828366,INR,2026-08-18,2026-08-22T20:02:56.996Z,GATEWAY_SETTLEMENT: 8283.66 INR,"{""reference"":""PAY_SIB1EWSI""}"
tx_w70pc9ajkv,GATEWAY_SETTLEMENT,pay_DWZDH5SV_1,752261,INR,2026-08-04,2026-08-22T20:27:53.996Z,GATEWAY_SPLIT_SETTLEMENT: 7522.61 INR,"{""reference"":""pay_DWZDH5SV_1""}"
tx_bru65y0a4j9,GATEWAY_SETTLEMENT,pay_DWZDH5SV_2,752260,INR,2026-08-04,2026-08-23T03:44:03.996Z,GATEWAY_SPLIT_SETTLEMENT: 7522.6 INR,"{""reference"":""pay_DWZDH5SV_2""}"
tx_uc9nbtq72x,GATEWAY_SETTLEMENT,pay_9F4790J7_1,615297,INR,2026-07-19,2026-08-23T06:29:19.996Z,GATEWAY_SPLIT_SETTLEMENT: 6152.97 INR,"{""reference"":""pay_9F4790J7_1""}"
tx_kblfx69cl1,GATEWAY_SETTLEMENT,pay_9F4790J7_2,615297,INR,2026-07-19,2026-08-22T18:35:16.996Z,GATEWAY_SPLIT_SETTLEMENT: 6152.97 INR,"{""reference"":""pay_9F4790J7_2""}"
tx_ib76mprd90q,GATEWAY_SETTLEMENT,pay_9F4790J7_3,615297,INR,2026-07-19,2026-08-23T11:50:03.996Z,GATEWAY_SPLIT_SETTLEMENT: 6152.97 INR,"{""reference"":""pay_9F4790J7_3""}"
tx_phpdbtwf8,GATEWAY_SETTLEMENT,pay_9F4790J7_4,615297,INR,2026-07-19,2026-08-23T06:50:29.996Z,GATEWAY_SPLIT_SETTLEMENT: 6152.97 INR,"{""reference"":""pay_9F4790J7_4""}"
tx_ble7emu7dkp,GATEWAY_SETTLEMENT,pay_9F4790J7_5,615297,INR,2026-07-19,2026-08-23T16:03:24.996Z,GATEWAY_SPLIT_SETTLEMENT: 6152.97 INR,"{""reference"":""pay_9F4790J7_5""}"
tx_0eqsloh5e9k,GATEWAY_SETTLEMENT,pay_S2V0QBCN,3814801,INR,2026-08-08,2026-08-23T09:58:22.996Z,GATEWAY_SETTLEMENT: 38148.01 INR,"{""reference"":""pay_S2V0QBCN""}"
tx_21mb61zipoj,GATEWAY_SETTLEMENT,pay_EKFKL7G7,1102894,INR,2026-07-19,2026-08-23T05:21:20.996Z,GATEWAY_SETTLEMENT: 11028.94 INR,"{""reference"":""pay_EKFKL7G7""}"
tx_rlo0qhcmdse,GATEWAY_SETTLEMENT,pay_BN6NLNTP,1563047,INR,2026-08-05,2026-08-22T22:37:56.996Z,GATEWAY_SETTLEMENT: 15630.47 INR,"{""reference"":""pay_BN6NLNTP""}"
tx_a3gxjkzr35,GATEWAY_SETTLEMENT,pay_WZ93HDPQ_1,298591,INR,2026-08-03,2026-08-23T15:53:20.996Z,GATEWAY_SPLIT_SETTLEMENT: 2985.91 INR,"{""reference"":""pay_WZ93HDPQ_1""}"
tx_71rsnprglxv,GATEWAY_SETTLEMENT,pay_WZ93HDPQ_2,298591,INR,2026-08-03,2026-08-23T04:09:11.996Z,GATEWAY_SPLIT_SETTLEMENT: 2985.91 INR,"{""reference"":""pay_WZ93HDPQ_2""}"
tx_nq9yxxm839i,GATEWAY_SETTLEMENT,pay_WZ93HDPQ_3,298591,INR,2026-08-03,2026-08-23T06:13:48.996Z,GATEWAY_SPLIT_SETTLEMENT: 2985.91 INR,"{""reference"":""pay_WZ93HDPQ_3""}"
tx_szj9s01x2ls,GATEWAY_SETTLEMENT,pay_WZ93HDPQ_4,298591,INR,2026-08-03,2026-08-23T00:53:34.996Z,GATEWAY_SPLIT_SETTLEMENT: 2985.91 INR,"{""reference"":""pay_WZ93HDPQ_4""}"
tx_bd93wztjx6f,GATEWAY_SETTLEMENT,pay_DY1UWS2C_1,614380,INR,2026-08-12,2026-08-23T11:20:39.996Z,GATEWAY_SPLIT_SETTLEMENT: 6143.8 INR,"{""reference"":""pay_DY1UWS2C_1""}"
tx_8ba3bguaf9h,GATEWAY_SETTLEMENT,pay_DY1UWS2C_2,614380,INR,2026-08-12,2026-08-23T09:05:08.996Z,GATEWAY_SPLIT_SETTLEMENT: 6143.8 INR,"{""reference"":""pay_DY1UWS2C_2""}"
tx_9q4s62nd0bi,GATEWAY_SETTLEMENT,pay_DY1UWS2C_3,614380,INR,2026-08-12,2026-08-23T00:06:24.996Z,GATEWAY_SPLIT_SETTLEMENT: 6143.8 INR,"{""reference"":""pay_DY1UWS2C_3""}"
tx_exefq1am3po,GATEWAY_SETTLEMENT,pay_DY1UWS2C_4,614381,INR,2026-08-12,2026-08-22T20:19:05.996Z,GATEWAY_SPLIT_SETTLEMENT: 6143.81 INR,"{""reference"":""pay_DY1UWS2C_4""}"
tx_bi443277vgn,GATEWAY_SETTLEMENT,A0VYAWV3,323892,INR,2026-08-10,2026-08-22T23:26:08.996Z,GATEWAY_SETTLEMENT: 3238.92 INR,"{""reference"":""A0VYAWV3""}"
tx_gsw68n4m15c,GATEWAY_SETTLEMENT,pay_H6QJOQSP,1612914,INR,2026-07-24,2026-08-21T23:30:44.996Z,STRIPE PAYMENT: 16129.14 INR,"{""gatewayProvider"":""SQUARE""}"
tx_3fizl6sqd9q,GATEWAY_SETTLEMENT,pay_7NQ4NYKA,3748685,INR,2026-07-19,2026-08-23T03:14:33.996Z,GATEWAY_SETTLEMENT: 37486.85 INR,"{""reference"":""pay_7NQ4NYKA""}"
tx_ofy5mh5ghiq,GATEWAY_SETTLEMENT,pay_SW3PM4PH_1,323270,INR,2026-07-21,2026-08-23T06:25:03.996Z,GATEWAY_SPLIT_SETTLEMENT: 3232.7 INR,"{""reference"":""pay_SW3PM4PH_1""}"
tx_lggbttdi91n,GATEWAY_SETTLEMENT,pay_SW3PM4PH_2,323270,INR,2026-07-21,2026-08-23T18:19:22.996Z,GATEWAY_SPLIT_SETTLEMENT: 3232.7 INR,"{""reference"":""pay_SW3PM4PH_2""}"
tx_4qqryv0v7wk,GATEWAY_SETTLEMENT,pay_SW3PM4PH_3,323270,INR,2026-07-21,2026-08-23T03:49:45.996Z,GATEWAY_SPLIT_SETTLEMENT: 3232.7 INR,"{""reference"":""pay_SW3PM4PH_3""}"
tx_04ss8qxucsth,GATEWAY_SETTLEMENT,pay_OWWYE7OF_1,714648,INR,2026-08-09,2026-08-23T04:55:27.996Z,GATEWAY_SPLIT_SETTLEMENT: 7146.48 INR,"{""reference"":""pay_OWWYE7OF_1""}"
tx_qk6w3mu8oq,GATEWAY_SETTLEMENT,pay_OWWYE7OF_2,714648,INR,2026-08-09,2026-08-23T05:04:56.996Z,GATEWAY_SPLIT_SETTLEMENT: 7146.48 INR,"{""reference"":""pay_OWWYE7OF_2""}"
tx_zpwz7u3m5m,GATEWAY_SETTLEMENT,pay_OWWYE7OF_3,714648,INR,2026-08-09,2026-08-23T12:56:48.996Z,GATEWAY_SPLIT_SETTLEMENT: 7146.48 INR,"{""reference"":""pay_OWWYE7OF_3""}"
tx_m0r6oi0mzk,GATEWAY_SETTLEMENT,pay_OWWYE7OF_4,714648,INR,2026-08-09,2026-08-23T15:10:59.996Z,GATEWAY_SPLIT_SETTLEMENT: 7146.48 INR,"{""reference"":""pay_OWWYE7OF_4""}"
tx_d4i2urhrzrj,GATEWAY_SETTLEMENT,pay_OWWYE7OF_5,714650,INR,2026-08-09,2026-08-22T20:09:02.996Z,GATEWAY_SPLIT_SETTLEMENT: 7146.5 INR,"{""reference"":""pay_OWWYE7OF_5""}"
tx_igu91jg5w8s,GATEWAY_SETTLEMENT,pay_W2MJFENP,1325665,INR,2026-07-14,2026-08-23T00:02:46.997Z,GATEWAY_SETTLEMENT: 13256.65 INR,"{""reference"":""pay_W2MJFENP""}"
tx_yuhl15oob2p,GATEWAY_SETTLEMENT,pay_MLJ5FUSN,1944771,INR,2026-07-19,2026-08-23T08:45:31.997Z,GATEWAY_SETTLEMENT: 19447.71 INR,"{""reference"":""pay_MLJ5FUSN""}"
tx_z10e6og6a7,GATEWAY_SETTLEMENT,pay_39DWDPV6,3179611,INR,2026-08-08,2026-08-23T00:08:41.997Z,GATEWAY_SETTLEMENT: 31796.11 INR,"{""reference"":""pay_39DWDPV6""}"
tx_2us2mixd4kb,GATEWAY_SETTLEMENT,pay_5MUQGQ8Y_1,916240,INR,2026-08-09,2026-08-23T01:55:07.997Z,GATEWAY_SPLIT_SETTLEMENT: 9162.4 INR,"{""reference"":""pay_5MUQGQ8Y_1""}"
tx_iuis41wddi,GATEWAY_SETTLEMENT,pay_5MUQGQ8Y_2,916240,INR,2026-08-09,2026-08-22T20:34:58.997Z,GATEWAY_SPLIT_SETTLEMENT: 9162.4 INR,"{""reference"":""pay_5MUQGQ8Y_2""}"
tx_aetpfomc4kw,GATEWAY_SETTLEMENT,pay_5MUQGQ8Y_3,916240,INR,2026-08-09,2026-08-23T04:19:09.997Z,GATEWAY_SPLIT_SETTLEMENT: 9162.4 INR,"{""reference"":""pay_5MUQGQ8Y_3""}"
tx_yx0t7trnk6b,GATEWAY_SETTLEMENT,pay_5MUQGQ8Y_4,916241,INR,2026-08-09,2026-08-23T12:12:22.997Z,GATEWAY_SPLIT_SETTLEMENT: 9162.41 INR,"{""reference"":""pay_5MUQGQ8Y_4""}"
tx_54tmrwlize,GATEWAY_SETTLEMENT,pay_25DJE7KA_1,1423924,INR,2026-08-09,2026-08-23T11:05:02.997Z,GATEWAY_SPLIT_SETTLEMENT: 14239.24 INR,"{""reference"":""pay_25DJE7KA_1""}"
tx_ip33i294dlq,GATEWAY_SETTLEMENT,pay_25DJE7KA_2,1423924,INR,2026-08-09,2026-08-22T22:31:00.997Z,GATEWAY_SPLIT_SETTLEMENT: 14239.24 INR,"{""reference"":""pay_25DJE7KA_2""}"
tx_1j8yzc1p2da,GATEWAY_SETTLEMENT,pay_8MQY4M2I,441128,INR,2026-07-13,2026-08-23T11:31:15.997Z,GATEWAY_SETTLEMENT: 4411.28 INR,"{""reference"":""pay_8MQY4M2I""}"
tx_afiyg60t0w,GATEWAY_SETTLEMENT,pay_XXA3YHTC,1312972,INR,2026-08-05,2026-08-23T05:26:38.997Z,GATEWAY_SETTLEMENT: 13129.72 INR,"{""reference"":""pay_XXA3YHTC""}"
tx_blmhbfmiu1o,GATEWAY_SETTLEMENT,pay_HPYS99O4,3957157,INR,2026-08-19,2026-08-23T03:40:33.997Z,GATEWAY_SETTLEMENT: 39571.57 INR,"{""reference"":""pay_HPYS99O4""}"
tx_qhosuz8bqib,GATEWAY_SETTLEMENT,pay_KLSSK171,4486726,INR,2026-08-05,2026-08-23T01:27:49.997Z,GATEWAY_SETTLEMENT: 44867.26 INR,"{""reference"":""pay_KLSSK171""}"
tx_im9fd6q3ouj,GATEWAY_SETTLEMENT,pay_53WW9BVH_1,265398,INR,2026-07-26,2026-08-23T01:07:02.997Z,GATEWAY_SPLIT_SETTLEMENT: 2653.98 INR,"{""reference"":""pay_53WW9BVH_1""}"
tx_hfj2k3alogf,GATEWAY_SETTLEMENT,pay_53WW9BVH_2,265398,INR,2026-07-26,2026-08-23T01:45:39.997Z,GATEWAY_SPLIT_SETTLEMENT: 2653.98 INR,"{""reference"":""pay_53WW9BVH_2""}"
tx_mq2lf602kqf,GATEWAY_SETTLEMENT,pay_53WW9BVH_3,265398,INR,2026-07-26,2026-08-23T12:02:02.997Z,GATEWAY_SPLIT_SETTLEMENT: 2653.98 INR,"{""reference"":""pay_53WW9BVH_3""}"
tx_fybu70ckgo6,GATEWAY_SETTLEMENT,pay_53WW9BVH_4,265398,INR,2026-07-26,2026-08-23T11:19:45.997Z,GATEWAY_SPLIT_SETTLEMENT: 2653.98 INR,"{""reference"":""pay_53WW9BVH_4""}"
tx_qvgr5qtevva,GATEWAY_SETTLEMENT,pay_53WW9BVH_5,265396,INR,2026-07-26,2026-08-23T06:16:31.997Z,GATEWAY_SPLIT_SETTLEMENT: 2653.96 INR,"{""reference"":""pay_53WW9BVH_5""}"
tx_8xa8muzwteg,GATEWAY_SETTLEMENT,pay_WVN6J06Q,1424311,INR,2026-08-01,2026-08-23T17:48:12.997Z,GATEWAY_SETTLEMENT: 14243.11 INR,"{""reference"":""pay_WVN6J06Q""}"
tx_4c8zzxbsyb3,GATEWAY_SETTLEMENT,pay_YU1QXZBE,2109189,INR,2026-08-08,2026-08-23T11:35:18.997Z,GATEWAY_SETTLEMENT: 21091.89 INR,"{""reference"":""pay_YU1QXZBE""}"
tx_mpu219rh93r,GATEWAY_SETTLEMENT,pay_D1WIJTMP,3192629,INR,2026-07-30,2026-08-23T16:57:00.997Z,GATEWAY_SETTLEMENT: 31926.29 INR,"{""reference"":""pay_D1WIJTMP""}"
tx_xhm0p9oqzvf,GATEWAY_SETTLEMENT,pay_YZFKCNH3,3876064,INR,2026-08-19,2026-08-21T23:08:39.997Z,PAYPAL PAYMENT: 38760.64 INR,"{""gatewayProvider"":""SQUARE""}"
tx_7809cbcze8m,GATEWAY_SETTLEMENT,pay_3MILUFCP,917734,INR,2026-07-13,2026-08-23T11:43:04.997Z,GATEWAY_SETTLEMENT: 9177.34 INR,"{""reference"":""pay_3MILUFCP""}"
tx_lkm53qa99i,GATEWAY_SETTLEMENT,pay_G7UX3BOE,1179640,INR,2026-07-08,2026-08-23T02:58:02.997Z,GATEWAY_SETTLEMENT: 11796.4 INR,"{""reference"":""pay_G7UX3BOE""}"
tx_i2q21vd36ze,GATEWAY_SETTLEMENT,pay_U10DF0X2,4491361,INR,2026-07-19,2026-08-23T01:28:39.997Z,GATEWAY_SETTLEMENT: 44913.61 INR,"{""reference"":""pay_U10DF0X2""}"
tx_wri0k8zpb8,GATEWAY_SETTLEMENT,pay_SRPEWQG7,843807,INR,2026-08-19,2026-08-23T02:24:44.997Z,GATEWAY_SETTLEMENT: 8438.07 INR,"{""reference"":""pay_SRPEWQG7""}"
tx_62psxzci7m,GATEWAY_SETTLEMENT,pay_CWQ0E2JH,842211,INR,2026-07-06,2026-08-23T17:56:17.997Z,GATEWAY_SALE: 8422.11 INR,"{""reference"":""pay_CWQ0E2JH""}"
tx_lvnujgit82,GATEWAY_SETTLEMENT,pay_CWQ0E2JH-REF,-210553,INR,2026-07-06,2026-08-23T02:44:47.997Z,GATEWAY_REFUND: -2105.53 INR,"{""reference"":""pay_CWQ0E2JH-REF""}"
tx_i2o397pxzb8,GATEWAY_SETTLEMENT,pay_KTTI9XZ0,2589550,INR,2026-07-09,2026-08-23T11:05:52.997Z,GATEWAY_SETTLEMENT: 25895.5 INR,"{""reference"":""pay_KTTI9XZ0""}"
tx_wqiotdlmon,GATEWAY_SETTLEMENT,pay_T4URQX38_1,335634,INR,2026-08-16,2026-08-23T07:58:01.997Z,GATEWAY_SPLIT_SETTLEMENT: 3356.34 INR,"{""reference"":""pay_T4URQX38_1""}"
tx_tkmqvxw2d,GATEWAY_SETTLEMENT,pay_T4URQX38_2,335634,INR,2026-08-16,2026-08-23T00:21:41.997Z,GATEWAY_SPLIT_SETTLEMENT: 3356.34 INR,"{""reference"":""pay_T4URQX38_2""}"
tx_j872ojprgc8,GATEWAY_SETTLEMENT,pay_T4URQX38_3,335634,INR,2026-08-16,2026-08-22T18:33:45.997Z,GATEWAY_SPLIT_SETTLEMENT: 3356.34 INR,"{""reference"":""pay_T4URQX38_3""}"
tx_y047rolelv,GATEWAY_SETTLEMENT,pay_T4URQX38_4,335634,INR,2026-08-16,2026-08-23T09:58:43.997Z,GATEWAY_SPLIT_SETTLEMENT: 3356.34 INR,"{""reference"":""pay_T4URQX38_4""}"
tx_iyjr8oxe2rh,GATEWAY_SETTLEMENT,pay_T4URQX38_5,335636,INR,2026-08-16,2026-08-23T05:48:19.997Z,GATEWAY_SPLIT_SETTLEMENT: 3356.36 INR,"{""reference"":""pay_T4URQX38_5""}"
tx_nhk8ve9wccp,GATEWAY_SETTLEMENT,pay_VM5EOB36,1847926,INR,2026-08-06,2026-08-23T04:19:46.997Z,GATEWAY_SETTLEMENT: 18479.26 INR,"{""reference"":""pay_VM5EOB36""}"
tx_z3puqwmf8sq,GATEWAY_SETTLEMENT,pay_GAMVHXLK,2112882,INR,2026-07-12,2026-08-22T10:14:26.997Z,PAYPAL PAYMENT: 21128.82 INR,"{""gatewayProvider"":""RAZORPAY""}"
tx_3vkciipj4fc,GATEWAY_SETTLEMENT,pay_ICBYGFEV,3423684,INR,2026-07-24,2026-08-23T04:51:12.997Z,GATEWAY_SETTLEMENT: 34236.84 INR,"{""reference"":""pay_ICBYGFEV""}"
tx_q6dodyhr5bm,GATEWAY_SETTLEMENT,pay_C0PZZSS4,3786401,INR,2026-07-13,2026-08-21T23:25:29.997Z,BRAINTREE PAYMENT: 37864.01 INR,"{""gatewayProvider"":""PAYPAL""}"
tx_il0uyo1p8qi,GATEWAY_SETTLEMENT,pay_IT9VEQMY,2129787,INR,2026-07-19,2026-08-23T16:50:02.997Z,GATEWAY_SETTLEMENT: 21297.87 INR,"{""reference"":""pay_IT9VEQMY""}"
tx_7jd6amg7atw,GATEWAY_SETTLEMENT,pay_AMOZTN1J,3468757,INR,2026-07-14,2026-08-23T11:30:54.997Z,GATEWAY_SETTLEMENT: 34687.57 INR,"{""reference"":""pay_AMOZTN1J""}"
tx_asjgqvsawun,GATEWAY_SETTLEMENT,pay_3BP82SJC,494861,INR,2026-07-21,2026-08-23T16:13:21.997Z,GATEWAY_SETTLEMENT: 4948.61 INR,"{""reference"":""pay_3BP82SJC""}"
tx_inmi88exdhn,GATEWAY_SETTLEMENT,pay_2O0UXFLS_1,258349,INR,2026-08-05,2026-08-23T09:07:45.997Z,GATEWAY_SPLIT_SETTLEMENT: 2583.49 INR,"{""reference"":""pay_2O0UXFLS_1""}"
tx_rw4z73hpngo,GATEWAY_SETTLEMENT,pay_2O0UXFLS_2,258348,INR,2026-08-05,2026-08-23T16:46:08.997Z,GATEWAY_SPLIT_SETTLEMENT: 2583.48 INR,"{""reference"":""pay_2O0UXFLS_2""}"
tx_83ye86ymrcx,GATEWAY_SETTLEMENT,pay_WHS720WZ,1864980,INR,2026-08-18,2026-08-23T03:11:42.997Z,GATEWAY_SALE: 18649.8 INR,"{""reference"":""pay_WHS720WZ""}"
tx_az47vlv6ij7,GATEWAY_SETTLEMENT,pay_WHS720WZ-REF,-466245,INR,2026-08-18,2026-08-23T17:32:43.997Z,GATEWAY_REFUND: -4662.45 INR,"{""reference"":""pay_WHS720WZ-REF""}"
tx_wjeyiehxzsa,GATEWAY_SETTLEMENT,pay_YXWWAMOO,1765199,INR,2026-07-24,2026-08-22T21:56:49.997Z,GATEWAY_SETTLEMENT: 17651.99 INR,"{""reference"":""pay_YXWWAMOO""}"
tx_wvpkjc5w4j,GATEWAY_SETTLEMENT,pay_3G3P0FJU,3899730,INR,2026-08-21,2026-08-22T07:47:31.997Z,RAZORPAY PAYMENT: 38997.3 INR,"{""gatewayProvider"":""BRAINTREE""}"
tx_tiu2hv3w64,GATEWAY_SETTLEMENT,pay_X9V8RWBE_1,502213,INR,2026-08-07,2026-08-23T01:20:50.997Z,GATEWAY_SPLIT_SETTLEMENT: 5022.13 INR,"{""reference"":""pay_X9V8RWBE_1""}"
tx_3uwpiogkqll,GATEWAY_SETTLEMENT,pay_X9V8RWBE_2,502213,INR,2026-08-07,2026-08-23T09:23:45.997Z,GATEWAY_SPLIT_SETTLEMENT: 5022.13 INR,"{""reference"":""pay_X9V8RWBE_2""}"
tx_a8wmayfo14,GATEWAY_SETTLEMENT,pay_X9V8RWBE_3,502213,INR,2026-08-07,2026-08-23T06:23:34.997Z,GATEWAY_SPLIT_SETTLEMENT: 5022.13 INR,"{""reference"":""pay_X9V8RWBE_3""}"
tx_hkg2c8b184l,GATEWAY_SETTLEMENT,pay_X9V8RWBE_4,502212,INR,2026-08-07,2026-08-23T11:52:11.997Z,GATEWAY_SPLIT_SETTLEMENT: 5022.12 INR,"{""reference"":""pay_X9V8RWBE_4""}"
tx_9p9szgo3q8,GATEWAY_SETTLEMENT,pay_295ZCCM9_1,35616,INR,2026-07-25,2026-08-22T23:39:12.997Z,GATEWAY_SPLIT_SETTLEMENT: 356.16 INR,"{""reference"":""pay_295ZCCM9_1""}"
tx_xv5fcgj2o2j,GATEWAY_SETTLEMENT,pay_295ZCCM9_2,35616,INR,2026-07-25,2026-08-23T13:25:49.997Z,GATEWAY_SPLIT_SETTLEMENT: 356.16 INR,"{""reference"":""pay_295ZCCM9_2""}"
tx_gumiglfeeu9,GATEWAY_SETTLEMENT,pay_295ZCCM9_3,35616,INR,2026-07-25,2026-08-23T01:07:17.997Z,GATEWAY_SPLIT_SETTLEMENT: 356.16 INR,"{""reference"":""pay_295ZCCM9_3""}"
tx_95vl5rf2w3v,GATEWAY_SETTLEMENT,pay_295ZCCM9_4,35616,INR,2026-07-25,2026-08-23T17:34:21.997Z,GATEWAY_SPLIT_SETTLEMENT: 356.16 INR,"{""reference"":""pay_295ZCCM9_4""}"
tx_yqpf4o6l4vk,GATEWAY_SETTLEMENT,pay_4M7Q5COA_1,1398578,INR,2026-07-15,2026-08-22T23:36:58.997Z,GATEWAY_SPLIT_SETTLEMENT: 13985.78 INR,"{""reference"":""pay_4M7Q5COA_1""}"
tx_hahurhmuoc,GATEWAY_SETTLEMENT,pay_4M7Q5COA_2,1398578,INR,2026-07-15,2026-08-23T11:28:28.997Z,GATEWAY_SPLIT_SETTLEMENT: 13985.78 INR,"{""reference"":""pay_4M7Q5COA_2""}"
tx_gqb95ygyk5,GATEWAY_SETTLEMENT,pay_37N9FI2Q,1190071,INR,2026-08-07,2026-08-23T17:58:24.997Z,GATEWAY_SETTLEMENT: 11900.71 INR,"{""reference"":""pay_37N9FI2Q""}"