"transactionRecordId","dataSource","externalReference","amountPaise","currencyCode","transactionDate","ingestedAt","rawDescription","rawPayload","matchGroupId"
tx_6l1dis3ib2,BANK_STATEMENT,UTRIT4NJJU2,694602,INR,2026-07-30,2026-08-22T19:56:21.040Z,BANK_CREDIT_SETTLEMENT: 6946.02 INR,"{""sourceAccountNumber"":""acc_LBOF5PWGZ6S"",""reference"":""UTRIT4NJJU2""}",tx_nlys2whvcm
tx_hlo1xubsv7c,BANK_STATEMENT,UTRI6D4K3ET,1658624,INR,2026-07-25,2026-08-23T04:05:44.040Z,BANK_CREDIT_SETTLEMENT: 16586.24 INR,"{""sourceAccountNumber"":""acc_YAC02XS3MJ"",""reference"":""UTRI6D4K3ET""}",tx_5smd7pmgpzb
tx_jdrcgluhguj,BANK_STATEMENT,UTRBOD8I13K,1197385,INR,2026-08-07,2026-08-22T23:49:31.040Z,BANK_CREDIT_SETTLEMENT: 11973.85 INR,"{""sourceAccountNumber"":""acc_NJ1EF8D9Z29"",""reference"":""UTRBOD8I13K""}",tx_8ze412okxji
tx_navurb2hjnk,BANK_STATEMENT,UTRYWULF3OI,2600772,INR,2026-08-08,2026-08-22T11:53:29.040Z,BANK_CREDIT: 26007.72 INR - E_COMMERCE_ONE_TIME_SALE,"{""sourceAccountNumber"":""acc_ZTZVXCSWFI""}",
tx_fqb0seopc05,BANK_STATEMENT,UTREJDBCWTC,3032767,INR,2026-07-13,2026-08-23T09:18:13.040Z,BANK_CREDIT_SETTLEMENT: 30327.67 INR,"{""sourceAccountNumber"":""acc_FXRCNICHXGU"",""reference"":""UTREJDBCWTC""}",tx_y9cr73g91a
tx_k8nwnw8so3q,BANK_STATEMENT,UTR4E1A09TU,3207321,INR,2026-08-15,2026-08-23T02:09:49.040Z,BANK_CREDIT_SETTLEMENT: 32073.21 INR,"{""sourceAccountNumber"":""acc_LGM6NYHDPV"",""reference"":""UTR4E1A09TU""}",tx_1bserzhrj3h
tx_jhupfmb4qle,BANK_STATEMENT,UTRCQ3OT9NJ,228516,INR,2026-08-05,2026-08-23T15:07:46.041Z,BANK_CREDIT_SETTLEMENT: 2285.16 INR,"{""sourceAccountNumber"":""acc_562HZ2CRZFH"",""reference"":""UTRCQ3OT9NJ""}",tx_47n3k52yjvs
tx_2599evip4fc,BANK_STATEMENT,UTRDIRSCF17,2938470,INR,2026-08-17,2026-08-23T09:11:16.041Z,BANK_CREDIT_SETTLEMENT: 29384.7 INR,"{""sourceAccountNumber"":""acc_QREPJKDC50G"",""reference"":""UTRDIRSCF17""}",tx_b22zmkkhsxu
tx_zbxwtxp7c0i,BANK_STATEMENT,UTREAL15XCS,3504857,INR,2026-08-08,2026-08-23T00:37:41.041Z,BANK_CREDIT_SETTLEMENT: 35048.57 INR,"{""sourceAccountNumber"":""acc_SZLH9M1U6Y"",""reference"":""UTREAL15XCS""}",tx_pcm5qrrm9hh
tx_dbe5y47rfd9,BANK_STATEMENT,UTRCJ47CG51,639939,INR,2026-08-08,2026-08-23T09:29:11.041Z,BANK_CREDIT_SETTLEMENT: 6399.39 INR,"{""sourceAccountNumber"":""acc_EBAJXYVQIDJ"",""reference"":""UTRCJ47CG51""}",tx_658gsi1yg57
tx_8dniavqqi5f,BANK_STATEMENT,UTR9WEKD3ZT,2311205,INR,2026-07-22,2026-08-23T05:01:16.041Z,BANK_CREDIT_SETTLEMENT: 23112.05 INR,"{""sourceAccountNumber"":""acc_9SRTMQI8HAH"",""reference"":""UTR9WEKD3ZT""}",tx_psqnlwya08
tx_dd1xwy67vph,BANK_STATEMENT,UTRO01YET1M,3281093,INR,2026-08-01,2026-08-23T04:41:09.043Z,BANK_CREDIT_SETTLEMENT: 32810.93 INR,"{""sourceAccountNumber"":""acc_1MJRALX7IBG"",""reference"":""UTRO01YET1M""}",tx_0cmmvmdh9qsc
tx_cqjit6ud67f,BANK_STATEMENT,UTR3G6ATQQM,121962,INR,2026-07-18,2026-08-23T09:31:49.044Z,BANK_CREDIT_SETTLEMENT: 1219.62 INR,"{""sourceAccountNumber"":""acc_G5HIXEQNTSA"",""reference"":""UTR3G6ATQQM""}",tx_6gu887gg5d3
tx_dm2vgy79ppe,BANK_STATEMENT,UTRE6FSBLZM,2203191,INR,2026-07-11,2026-08-22T18:52:03.044Z,BANK_CREDIT_SETTLEMENT: 22031.91 INR,"{""sourceAccountNumber"":""acc_I1HLDDMITD"",""reference"":""UTRE6FSBLZM""}",tx_569n2vm4sjh
tx_3ywc9wmsmxe,BANK_STATEMENT,UTRQKWMLGXT,2465966,INR,2026-08-20,2026-08-22T20:49:44.044Z,BANK_CREDIT_SETTLEMENT: 24659.66 INR,"{""sourceAccountNumber"":""acc_9QBOH5Z18MD"",""reference"":""UTRQKWMLGXT""}",tx_pjvglworuh
tx_t67r72f6ndi,BANK_STATEMENT,UTRIRXPTSQG,899791,INR,2026-07-19,2026-08-23T01:22:09.044Z,BANK_CREDIT_SETTLEMENT: 8997.91 INR,"{""sourceAccountNumber"":""acc_HJ6X08TELMB"",""reference"":""UTRIRXPTSQG""}",tx_daedi9xmoc
tx_g82gf3rl4f5,BANK_STATEMENT,UTRY9MQ6LT7,3755582,INR,2026-08-19,2026-08-23T01:29:07.044Z,BANK_CREDIT_SETTLEMENT: 37555.82 INR,"{""sourceAccountNumber"":""acc_Q2RLIIUABX"",""reference"":""UTRY9MQ6LT7""}",tx_pnur88xh558
tx_vjnkbtwhk88,BANK_STATEMENT,UTRR40EQK8T,4270867,INR,2026-07-14,2026-08-23T09:53:54.044Z,BANK_CREDIT_SETTLEMENT: 42708.67 INR,"{""sourceAccountNumber"":""acc_SKHUAIHLP1"",""reference"":""UTRR40EQK8T""}",tx_7s6xvpm078g
tx_cuyo7knzfcg,BANK_STATEMENT,UTRKGQJZCSW,3787450,INR,2026-08-13,2026-08-22T20:47:59.044Z,BANK_CREDIT_SETTLEMENT: 37874.5 INR,"{""sourceAccountNumber"":""acc_T0UGWX6HS7"",""reference"":""UTRKGQJZCSW""}",tx_kyneek2gl7r
tx_bp265i9suy5,BANK_STATEMENT,UTRMRFZMHT3,1509888,INR,2026-08-04,2026-08-23T10:38:54.044Z,BANK_CREDIT_SETTLEMENT: 15098.88 INR,"{""sourceAccountNumber"":""acc_1MOT141VP09"",""reference"":""UTRMRFZMHT3""}",tx_gn0xw97o6b4
tx_czlk3m9ur1,BANK_STATEMENT,UTRB8JJ0LZM,3669224,INR,2026-07-22,2026-08-22T21:33:47.044Z,BANK_CREDIT_SETTLEMENT: 36692.24 INR,"{""sourceAccountNumber"":""acc_1WSH9MD6K3R"",""reference"":""UTRB8JJ0LZM""}",tx_13at1k6z4dsf
tx_4pz1zcelsz,BANK_STATEMENT,UTRFWM7Q11S,3113544,INR,2026-07-20,2026-08-23T06:12:04.044Z,BANK_CREDIT_SETTLEMENT: 31135.44 INR,"{""sourceAccountNumber"":""acc_74TCXJVTWVK"",""reference"":""UTRFWM7Q11S""}",tx_il65yofu12
tx_4qv57ge7xgb,BANK_STATEMENT,UTRMT3R15IF,222404,INR,2026-07-23,2026-08-22T23:03:50.044Z,BANK_CREDIT_SETTLEMENT: 2224.04 INR,"{""sourceAccountNumber"":""acc_8TNYYXIXQGD"",""reference"":""UTRMT3R15IF""}",tx_wv8j7jb1fjg
tx_i279nhe42il,BANK_STATEMENT,UTRMAGQLZ1V,2398835,INR,2026-08-07,2026-08-22T17:49:13.044Z,BANK_CREDIT: 23988.35 INR - MONTHLY_SERVICE_SUBSCRIPTION,"{""sourceAccountNumber"":""acc_QVS1EKWY8G""}",
tx_2hmxj92d6ts,BANK_STATEMENT,UTRZOKU5MPV,610568,INR,2026-08-04,2026-08-23T11:38:05.044Z,BANK_CREDIT_SETTLEMENT: 6105.68 INR,"{""sourceAccountNumber"":""acc_619EXKTCTF9"",""reference"":""UTRZOKU5MPV""}",tx_qles0ziu4yn
tx_l0ggngushzb,BANK_STATEMENT,UTRD4MAJEPL,1211190,INR,2026-08-17,2026-08-23T15:54:47.044Z,BANK_CREDIT_SETTLEMENT: 12111.9 INR,"{""sourceAccountNumber"":""acc_L8IJGYAIH58"",""reference"":""UTRD4MAJEPL""}",tx_2ws6n30coh
tx_fdplrjyltc4,BANK_STATEMENT,UTRZEC0W423,695957,INR,2026-07-09,2026-08-23T02:48:32.044Z,BANK_CREDIT_SETTLEMENT: 6959.57 INR,"{""sourceAccountNumber"":""acc_9XR9D4BLSR"",""reference"":""UTRZEC0W423""}",tx_lgc7a10s1gp
tx_165py8x80uc,BANK_STATEMENT,UTRO64YRFB6,2235045,INR,2026-07-28,2026-08-23T00:10:44.044Z,BANK_CREDIT_SETTLEMENT: 22350.45 INR,"{""sourceAccountNumber"":""acc_2QSH8HY0ZZV"",""reference"":""UTRO64YRFB6""}",tx_lqovpmis9l8
tx_3jakq2kezhq,BANK_STATEMENT,UTR8UKJFJUS,2096803,INR,2026-07-12,2026-08-23T07:57:19.044Z,BANK_CREDIT_SETTLEMENT: 20968.03 INR,"{""sourceAccountNumber"":""acc_KS2LDUP8QD"",""reference"":""UTR8UKJFJUS""}",tx_dsjc496hbf5
tx_czujezxwzm6,BANK_STATEMENT,UTR917PESDC,900844,INR,2026-08-05,2026-08-23T13:04:44.044Z,BANK_CREDIT_SETTLEMENT: 9008.44 INR,"{""sourceAccountNumber"":""acc_ZDVBJYUPZIK"",""reference"":""UTR917PESDC""}",tx_v5scq0bpltd
tx_vxtozqyn19,BANK_STATEMENT,UTRNEJ59TF5,3324868,INR,2026-07-14,2026-08-22T19:19:58.044Z,BANK_CREDIT_SETTLEMENT: 33248.68 INR,"{""sourceAccountNumber"":""acc_E0HPQ83X1F"",""reference"":""UTRNEJ59TF5""}",tx_uxbe31i43zj
tx_lo7bq9skph9,BANK_STATEMENT,UTRIL7NA8CQ,946800,INR,2026-07-22,2026-08-23T13:31:53.044Z,BANK_CREDIT_SETTLEMENT: 9468 INR,"{""sourceAccountNumber"":""acc_VR599S8RFU"",""reference"":""UTRIL7NA8CQ""}",tx_qgb0tm94j9
tx_1nmekfkm5anh,BANK_STATEMENT,UTRI3XND7F8,616949,INR,2026-07-19,2026-08-23T15:31:22.044Z,BANK_CREDIT_SETTLEMENT: 6169.49 INR,"{""sourceAccountNumber"":""acc_IJEEW2VDXE"",""reference"":""UTRI3XND7F8""}",tx_3ee17bblxza
tx_tj5zoms8h5,BANK_STATEMENT,UTR17XF3W7W,1189559,INR,2026-07-17,2026-08-23T04:14:54.044Z,BANK_CREDIT_SETTLEMENT: 11895.59 INR,"{""sourceAccountNumber"":""acc_KTQU1ALJA"",""reference"":""UTR17XF3W7W""}",tx_q59apnxitn8
tx_3m4r984nbqj,BANK_STATEMENT,UTRFHQMV4Q5,838353,INR,2026-07-26,2026-08-23T02:56:26.044Z,BANK_CREDIT_SETTLEMENT: 8383.53 INR,"{""sourceAccountNumber"":""acc_YO35GP32IH"",""reference"":""UTRFHQMV4Q5""}",tx_4dh0b7tpym7
tx_corbkg4qkb,BANK_STATEMENT,UTRES2MQGJY,1242754,INR,2026-07-26,2026-08-23T14:52:01.044Z,BANK_CREDIT_SETTLEMENT: 12427.54 INR,"{""sourceAccountNumber"":""acc_PCO6K7P1KXK"",""reference"":""UTRES2MQGJY""}",tx_o88rntnrq0r
tx_3zduzy974l3,BANK_STATEMENT,UTROJGXUC54,312904,INR,2026-07-06,2026-08-22T15:11:38.044Z,BANK_CREDIT: 3129.04 INR - REFUNDED_CUSTOMER_REQUEST,"{""sourceAccountNumber"":""acc_1F87SX90S4W""}",
tx_9a3xoppuuhm,BANK_STATEMENT,UTRBZINODK1,4218662,INR,2026-07-24,2026-08-23T03:44:42.044Z,BANK_CREDIT_SETTLEMENT: 42186.62 INR,"{""sourceAccountNumber"":""acc_N8RQYJGEQ9G"",""reference"":""UTRBZINODK1""}",tx_iksqm6hpinh
tx_icnc40ywi9j,BANK_STATEMENT,UTRSN4F6SL6,2598948,INR,2026-07-29,2026-08-23T03:38:17.044Z,BANK_CREDIT_SETTLEMENT: 25989.48 INR,"{""sourceAccountNumber"":""acc_SRKBHU54DTP"",""reference"":""UTRSN4F6SL6""}",tx_8dwyrmmrpye
tx_zlfj354f8w,BANK_STATEMENT,UTRQQHDSPTE,1173788,INR,2026-08-01,2026-08-23T07:44:37.044Z,BANK_CREDIT_SETTLEMENT: 11737.88 INR,"{""sourceAccountNumber"":""acc_C4CZDYZCGAL"",""reference"":""UTRQQHDSPTE""}",tx_5ts33vdtkyl
tx_2vuo0vqmp7w,BANK_STATEMENT,UTRGF9UK8KN,262426,INR,2026-08-16,2026-08-23T09:18:10.044Z,BANK_CREDIT_SETTLEMENT: 2624.26 INR,"{""sourceAccountNumber"":""acc_VI8UT0CINYN"",""reference"":""UTRGF9UK8KN""}",tx_z6euxk28a3h
tx_fucnx8o7ng,BANK_STATEMENT,UTRI9GVFTHW,1308459,INR,2026-07-17,2026-08-23T08:46:35.044Z,BANK_CREDIT_SETTLEMENT: 13084.59 INR,"{""sourceAccountNumber"":""acc_B7NAOAV5FLQ"",""reference"":""UTRI9GVFTHW""}",tx_o2gto0hzxg
tx_2ee84vuif8y,BANK_STATEMENT,UTRMYIMYGYN,1763623,INR,2026-08-16,2026-08-22T18:37:49.044Z,BANK_CREDIT_SETTLEMENT: 17636.23 INR,"{""sourceAccountNumber"":""acc_M8U0CSHDAN"",""reference"":""UTRMYIMYGYN""}",tx_khrd16q92l
tx_o11ljslncfa,BANK_STATEMENT,UTRT0B8MGW5,856566,INR,2026-08-04,2026-08-23T01:45:25.044Z,BANK_CREDIT_SETTLEMENT: 8565.66 INR,"{""sourceAccountNumber"":""acc_PI39RS2IZHE"",""reference"":""UTRT0B8MGW5""}",tx_lw71galydkj
tx_jks21uii57h,BANK_STATEMENT,UTRX65URRXL,1280823,INR,2026-07-13,2026-08-23T16:22:12.044Z,BANK_CREDIT_SETTLEMENT: 12808.23 INR,"{""sourceAccountNumber"":""acc_RXTI8VO2Q2F"",""reference"":""UTRX65URRXL""}",tx_858zcx7ervq
tx_51mcva39zku,BANK_STATEMENT,UTRQCIGKAJI,646440,INR,2026-08-03,2026-08-23T02:27:29.044Z,BANK_CREDIT_SETTLEMENT: 6464.4 INR,"{""sourceAccountNumber"":""acc_DEC3RA4EVBM"",""reference"":""UTRQCIGKAJI""}",tx_i4f682wb5c
tx_i6or12xl4xe,BANK_STATEMENT,UTR9U0DAON6,436680,INR,2026-07-27,2026-08-23T04:10:50.044Z,BANK_CREDIT_SETTLEMENT: 4366.8 INR,"{""sourceAccountNumber"":""acc_0O0PUI6XV7NL"",""reference"":""UTR9U0DAON6""}",tx_hx1kg1kqxcs
tx_6ias3i77teq,BANK_STATEMENT,UTR6D6UTRIW,812877,INR,2026-08-10,2026-08-23T13:31:15.044Z,BANK_CREDIT_SETTLEMENT: 8128.77 INR,"{""sourceAccountNumber"":""acc_JJTT5VCP1QH"",""reference"":""UTR6D6UTRIW""}",tx_hdmrev0vqa5
tx_n91l03hs7g,BANK_STATEMENT,UTR7QSOXKJE,1850036,INR,2026-07-25,2026-08-23T16:25:55.046Z,BANK_CREDIT_SETTLEMENT: 18500.36 INR,"{""sourceAccountNumber"":""acc_SS4PWPQ6ZVJ"",""reference"":""UTR7QSOXKJE""}",tx_55k3rui8y0c
tx_7tzzg5hp3vq,BANK_STATEMENT,UTRDTGQVY8O,3757693,INR,2026-07-25,2026-08-23T17:47:47.047Z,BANK_CREDIT_SETTLEMENT: 37576.93 INR,"{""sourceAccountNumber"":""acc_CBAGCLLJL3K"",""reference"":""UTRDTGQVY8O""}",tx_6l1ankr60wj
tx_ot8a5e1gwsk,BANK_STATEMENT,UTR2189QX1K,3712791,INR,2026-08-01,2026-08-23T07:39:21.047Z,BANK_CREDIT_SETTLEMENT: 37127.91 INR,"{""sourceAccountNumber"":""acc_GR943S3149P"",""reference"":""UTR2189QX1K""}",tx_grcskqofiyv
tx_kj4b2didf4j,BANK_STATEMENT,UTR0J8X5RLD,2012419,INR,2026-08-07,2026-08-22T19:21:35.047Z,BANK_CREDIT_SETTLEMENT: 20124.19 INR,"{""sourceAccountNumber"":""acc_9HV2Y9JYAAS"",""reference"":""UTR0J8X5RLD""}",tx_qa6yqhlkzf
tx_1js7yb4k3wy,BANK_STATEMENT,UTRRA8XLRC5,75483,INR,2026-07-12,2026-08-22T20:11:26.047Z,BANK_CREDIT_SETTLEMENT: 754.83 INR,"{""sourceAccountNumber"":""acc_RY9VFVMV28"",""reference"":""UTRRA8XLRC5""}",tx_rdwmlyey2g
tx_6atemk3lonq,BANK_STATEMENT,UTROO5J1CIG,4017266,INR,2026-07-25,2026-08-23T05:09:38.047Z,BANK_CREDIT_SETTLEMENT: 40172.66 INR,"{""sourceAccountNumber"":""acc_TKOC6JBQI3"",""reference"":""UTROO5J1CIG""}",tx_dsyv3gmlr6o
tx_ig1ykve00jl,BANK_STATEMENT,UTRQPJANIUY,2154597,INR,2026-07-08,2026-08-23T14:16:23.047Z,BANK_CREDIT_SETTLEMENT: 21545.97 INR,"{""sourceAccountNumber"":""acc_N4BTEX7IFDL"",""reference"":""UTRQPJANIUY""}",tx_63dtrfz0ryq
tx_t8pnx5hgjgh,BANK_STATEMENT,UTR0AVXW55G,409126,INR,2026-07-08,2026-08-23T00:44:47.047Z,BANK_CREDIT_SETTLEMENT: 4091.26 INR,"{""sourceAccountNumber"":""acc_F8XZRRKTN6F"",""reference"":""UTR0AVXW55G""}",tx_wzdkggu1pcd
tx_s9opxog6zv,BANK_STATEMENT,UTRGMOZXEWI,3928347,INR,2026-08-06,2026-08-23T00:31:27.047Z,BANK_CREDIT_SETTLEMENT: 39283.47 INR,"{""sourceAccountNumber"":""acc_OXMU3IYXTMN"",""reference"":""UTRGMOZXEWI""}",tx_x0ohtfca7eg
tx_cy4zc4010m,BANK_STATEMENT,UTR4E6732EE,2297747,INR,2026-07-07,2026-08-23T15:25:48.047Z,BANK_CREDIT_SETTLEMENT: 22977.47 INR,"{""sourceAccountNumber"":""acc_DK3O070MMYL"",""reference"":""UTR4E6732EE""}",tx_my5re0h1rhp
tx_2pw7zy1r6ut,BANK_STATEMENT,UTRONUEMUMR,2226311,INR,2026-08-01,2026-08-23T02:07:04.047Z,BANK_CREDIT_SETTLEMENT: 22263.11 INR,"{""sourceAccountNumber"":""acc_CD8Q86OS6FO"",""reference"":""UTRONUEMUMR""}",tx_2h3uy9knnrq
tx_8q25oatl8el,BANK_STATEMENT,UTRYJDQ5JV2,4304090,INR,2026-07-26,2026-08-22T23:23:19.047Z,BANK_CREDIT_SETTLEMENT: 43040.9 INR,"{""sourceAccountNumber"":""acc_6A6V08YSK6"",""reference"":""UTRYJDQ5JV2""}",tx_gd23ejii2co
tx_qiwhv7xvujf,BANK_STATEMENT,UTR1GW0E5MK,3022095,INR,2026-08-05,2026-08-23T06:41:03.047Z,BANK_CREDIT_SETTLEMENT: 30220.95 INR,"{""sourceAccountNumber"":""acc_JW7E5AIAAID"",""reference"":""UTR1GW0E5MK""}",tx_z4nlvpbksj8
tx_94wu5of0o65,BANK_STATEMENT,UTRA3U6S3R0,3472934,INR,2026-08-01,2026-08-23T13:12:59.047Z,BANK_CREDIT_SETTLEMENT: 34729.34 INR,"{""sourceAccountNumber"":""acc_0M8M2KF7I4J"",""reference"":""UTRA3U6S3R0""}",tx_7crdcupk6i8
tx_a65nhx4i7sl,BANK_STATEMENT,UTRLH2LLGHL,383270,INR,2026-07-29,2026-08-23T05:49:38.047Z,BANK_CREDIT_SETTLEMENT: 3832.7 INR,"{""sourceAccountNumber"":""acc_UV8T1M6QG3H"",""reference"":""UTRLH2LLGHL""}",tx_np5ob5mrlfg
tx_o9r9ho1h9dh,BANK_STATEMENT,UTRMMCW9MOC,1560574,INR,2026-07-27,2026-08-23T01:54:19.047Z,BANK_CREDIT_SETTLEMENT: 15605.74 INR,"{""sourceAccountNumber"":""acc_84BY4JC90IF"",""reference"":""UTRMMCW9MOC""}",tx_h4joe5sqorp
tx_rxzxy5t9l3,BANK_STATEMENT,UTRKFJHBGNF,2445301,INR,2026-08-02,2026-08-23T13:01:03.047Z,BANK_CREDIT_SETTLEMENT: 24453.01 INR,"{""sourceAccountNumber"":""acc_OI7N3MNXZ5O"",""reference"":""UTRKFJHBGNF""}",tx_bnet6g7x36t
tx_adgm76jzsiu,BANK_STATEMENT,UTROF3T776B,4316170,INR,2026-08-10,2026-08-22T18:57:21.047Z,BANK_CREDIT_SETTLEMENT: 43161.7 INR,"{""sourceAccountNumber"":""acc_9Y9G8QVZJSL"",""reference"":""UTROF3T776B""}",tx_xggm7ilxccl
tx_gm72jckvj1s,BANK_STATEMENT,UTR7TON1CGP,1603633,INR,2026-07-14,2026-08-22T20:37:30.047Z,BANK_CREDIT_SETTLEMENT: 16036.33 INR,"{""sourceAccountNumber"":""acc_Q5BK940YEH"",""reference"":""UTR7TON1CGP""}",tx_evkc575ql0t
tx_mjv65941ns8,BANK_STATEMENT,UTRISND4NW7,3518600,INR,2026-07-27,2026-08-22T23:11:09.047Z,BANK_CREDIT_SETTLEMENT: 35186 INR,"{""sourceAccountNumber"":""acc_5EKA1B7RR4"",""reference"":""UTRISND4NW7""}",tx_5aygnxrnv3k
tx_qowii8cvzdh,BANK_STATEMENT,UTRTL4S27EG,1343540,INR,2026-07-19,2026-08-23T13:50:20.047Z,BANK_CREDIT_SETTLEMENT: 13435.4 INR,"{""sourceAccountNumber"":""acc_PPQ01ICEVA"",""reference"":""UTRTL4S27EG""}",tx_up5upzk2la
tx_rh6wipiks,BANK_STATEMENT,UTRE8CDFRK1,1168443,INR,2026-07-21,2026-08-23T03:16:01.047Z,BANK_CREDIT_SETTLEMENT: 11684.43 INR,"{""sourceAccountNumber"":""acc_KIEPHLAATJS"",""reference"":""UTRE8CDFRK1""}",tx_0jxs07crlxge
tx_z3h5ukdes2p,BANK_STATEMENT,UTR0UJWGMO8,59592,INR,2026-07-10,2026-08-22T20:56:05.047Z,BANK_CREDIT_SETTLEMENT: 595.92 INR,"{""sourceAccountNumber"":""acc_KDA8H3EXKZB"",""reference"":""UTR0UJWGMO8""}",tx_mwi9jphdn5c
tx_67v7qge486i,BANK_STATEMENT,UTRMMWL9P65,2505083,INR,2026-07-20,2026-08-23T01:06:46.047Z,BANK_CREDIT_SETTLEMENT: 25050.83 INR,"{""sourceAccountNumber"":""acc_MQYN1HQLK6"",""reference"":""UTRMMWL9P65""}",tx_ps0a31g4v8
tx_9nwztw5u9wf,BANK_STATEMENT,UTRFT4NVYPH,1256823,INR,2026-07-15,2026-08-23T08:22:45.047Z,BANK_CREDIT_SETTLEMENT: 12568.23 INR,"{""sourceAccountNumber"":""acc_LBNQTCJVA2C"",""reference"":""UTRFT4NVYPH""}",tx_ajvsakssmn
tx_8aq9xc4o3fh,BANK_STATEMENT,UTR2TE8IAQ9,3804457,INR,2026-07-26,2026-08-22T18:55:08.047Z,BANK_CREDIT_SETTLEMENT: 38044.57 INR,"{""sourceAccountNumber"":""acc_AMJEGBN6DLU"",""reference"":""UTR2TE8IAQ9""}",tx_3vhn683ur3d
tx_tygncviq3sg,BANK_STATEMENT,UTRYKQ9AJ9N,3945353,INR,2026-07-08,2026-08-23T17:06:54.047Z,BANK_CREDIT_SETTLEMENT: 39453.53 INR,"{""sourceAccountNumber"":""acc_RRQ7IYRRRXS"",""reference"":""UTRYKQ9AJ9N""}",tx_cyglyyjdf5t
tx_9wkht0ohmyl,BANK_STATEMENT,UTR9U69RYBI,3084407,INR,2026-08-05,2026-08-22T23:18:34.047Z,BANK_CREDIT_SETTLEMENT: 30844.07 INR,"{""sourceAccountNumber"":""acc_YNZQDBYTML8"",""reference"":""UTR9U69RYBI""}",tx_6vidv9z7pjg
tx_ol7glhn9xmt,BANK_STATEMENT,UTROJMA40IA,382745,INR,2026-08-10,2026-08-23T14:39:53.047Z,BANK_CREDIT_SETTLEMENT: 3827.45 INR,"{""sourceAccountNumber"":""acc_0Y87EZKPJN2E"",""reference"":""UTROJMA40IA""}",tx_pvedb8x21f
tx_1k5ssbh1r5u,BANK_STATEMENT,UTRPB6QN3SK,1751413,INR,2026-08-03,2026-08-23T05:51:07.047Z,BANK_CREDIT_SETTLEMENT: 17514.13 INR,"{""sourceAccountNumber"":""acc_X5NE0ZQ2J3"",""reference"":""UTRPB6QN3SK""}",tx_6t2inos2wqt
tx_vjxq7viij2,BANK_STATEMENT,UTRCHN3AXL9,121226,INR,2026-07-26,2026-08-22T20:24:23.047Z,BANK_CREDIT_SETTLEMENT: 1212.26 INR,"{""sourceAccountNumber"":""acc_IC5YXHP2EP"",""reference"":""UTRCHN3AXL9""}",tx_1wzmugsungj
tx_xpm0ff4o7gl,BANK_STATEMENT,UTRBLM6BHJ9,2973153,INR,2026-08-06,2026-08-23T03:37:46.047Z,BANK_CREDIT_SETTLEMENT: 29731.53 INR,"{""sourceAccountNumber"":""acc_1XM1FBTHJDX"",""reference"":""UTRBLM6BHJ9""}",tx_ws3vr5wlo69
tx_fovekcqcbte,BANK_STATEMENT,UTRDWVCN9G4,2514717,INR,2026-08-03,2026-08-23T10:37:04.047Z,BANK_CREDIT_SETTLEMENT: 25147.17 INR,"{""sourceAccountNumber"":""acc_U2SZX1DQHI"",""reference"":""UTRDWVCN9G4""}",tx_qd5t95thq4
tx_hky3fc9ykw5,BANK_STATEMENT,UTR0TJMHWPC,3744412,INR,2026-07-26,2026-08-23T14:12:16.047Z,BANK_CREDIT_SETTLEMENT: 37444.12 INR,"{""sourceAccountNumber"":""acc_CSMFK5PYL8L"",""reference"":""UTR0TJMHWPC""}",tx_whtxvspmf2
tx_fgfy831l42d,BANK_STATEMENT,UTRDUI6M3C2,1471085,INR,2026-08-17,2026-08-23T08:17:18.047Z,BANK_CREDIT_SETTLEMENT: 14710.85 INR,"{""sourceAccountNumber"":""acc_JFH34LV699S"",""reference"":""UTRDUI6M3C2""}",tx_fbnrg3gs3wu
tx_hynxpjb8mf,BANK_STATEMENT,UTRUSK8VNZE,1595889,INR,2026-07-29,2026-08-23T10:57:10.047Z,BANK_CREDIT_SETTLEMENT: 15958.89 INR,"{""sourceAccountNumber"":""acc_3FT7A9BBCRD"",""reference"":""UTRUSK8VNZE""}",tx_7m2wjrvy1va
tx_vkamxpluzcm,BANK_STATEMENT,UTRCT3N2HW9,1690321,INR,2026-07-09,2026-08-22T17:31:00.047Z,BANK_CREDIT: 16903.21 INR - ONLINE_SUBSCRIPTION_PURCHASE,"{""sourceAccountNumber"":""acc_9I5FI50XH1W""}",
tx_6j904ptsklx,BANK_STATEMENT,UTRK32VR1PC,2683818,INR,2026-08-14,2026-08-23T17:01:30.047Z,BANK_CREDIT_SETTLEMENT: 26838.18 INR,"{""sourceAccountNumber"":""acc_HYREBTWTJEC"",""reference"":""UTRK32VR1PC""}",tx_lhlxgrjmucq
tx_j30hcm9mtkp,BANK_STATEMENT,UTR0APXGJ6F,2482919,INR,2026-07-30,2026-08-23T11:15:47.047Z,BANK_CREDIT_SETTLEMENT: 24829.19 INR,"{""sourceAccountNumber"":""acc_YH17RZF5GTP"",""reference"":""UTR0APXGJ6F""}",tx_9xlhi0fw0w7
tx_sdnvrocb20i,BANK_STATEMENT,UTRV2M8E2NY,569410,INR,2026-08-14,2026-08-23T15:40:24.047Z,BANK_CREDIT_SETTLEMENT: 5694.1 INR,"{""sourceAccountNumber"":""acc_ECCFHK2ZPGT"",""reference"":""UTRV2M8E2NY""}",tx_q72b2c2kfz
tx_5txumgzn9d3,BANK_STATEMENT,UTRJK22VTPG,3345524,INR,2026-07-08,2026-08-22T01:53:01.048Z,BANK_CREDIT: 33455.24 INR - ANNUAL_PREMIUM_UPGRADE,"{""sourceAccountNumber"":""acc_J44CK1NFVP""}",
tx_jwqlt5xec4m,BANK_STATEMENT,UTRWOCGHVZ9,3439615,INR,2026-07-21,2026-08-23T16:11:22.048Z,BANK_CREDIT_SETTLEMENT: 34396.15 INR,"{""sourceAccountNumber"":""acc_TXTWAEKXME8"",""reference"":""UTRWOCGHVZ9""}",tx_n7xqibxydd
tx_2dxud2ms54k,BANK_STATEMENT,UTRXD6RRPZW,1493987,INR,2026-07-21,2026-08-23T10:05:20.048Z,BANK_CREDIT_SETTLEMENT: 14939.87 INR,"{""sourceAccountNumber"":""acc_K8IS4K9STE"",""reference"":""UTRXD6RRPZW""}",tx_9ukytdw3jvf
tx_1u4euoenpkg,BANK_STATEMENT,UTRFK05IE10,1518799,INR,2026-08-17,2026-08-22T21:13:33.048Z,BANK_CREDIT_SETTLEMENT: 15187.99 INR,"{""sourceAccountNumber"":""acc_KM9IVHQCZZA"",""reference"":""UTRFK05IE10""}",tx_wa0hit8v5p
tx_q8x51ynyedn,BANK_STATEMENT,UTRP47S53W0,964863,INR,2026-08-20,2026-08-23T10:05:59.048Z,BANK_CREDIT_SETTLEMENT: 9648.63 INR,"{""sourceAccountNumber"":""acc_D3VUS0APKRV"",""reference"":""UTRP47S53W0""}",tx_ath6fh3dfk
tx_hyd2ovjuypf,BANK_STATEMENT,UTRIXCAH6K7,3319872,INR,2026-07-26,2026-08-23T16:10:13.048Z,BANK_CREDIT_SETTLEMENT: 33198.72 INR,"{""sourceAccountNumber"":""acc_HDQJ7ZZ89QR"",""reference"":""UTRIXCAH6K7""}",tx_4hjdwetqx8e
tx_37vowa3v2mc,BANK_STATEMENT,UTREDVZ1GGP,1074582,INR,2026-07-08,2026-08-23T13:30:06.048Z,BANK_CREDIT_SETTLEMENT: 10745.82 INR,"{""sourceAccountNumber"":""acc_A7BQJR457U"",""reference"":""UTREDVZ1GGP""}",tx_83f0dt6fw6c
tx_unqqpfimtf,BANK_STATEMENT,UTRKIULMZP1,2263736,INR,2026-07-13,2026-08-23T13:16:39.048Z,BANK_CREDIT_SETTLEMENT: 22637.36 INR,"{""sourceAccountNumber"":""acc_C6GEHVN3G9"",""reference"":""UTRKIULMZP1""}",tx_w0p9pgjfj1o
tx_4pcwdxi1xui,BANK_STATEMENT,UTRWSSFYITO,3791325,INR,2026-07-08,2026-08-23T10:26:51.048Z,BANK_CREDIT_SETTLEMENT: 37913.25 INR,"{""sourceAccountNumber"":""acc_M09NQIIPX"",""reference"":""UTRWSSFYITO""}",tx_hslo5q1zb6k
tx_fugdt6f2v85,BANK_STATEMENT,UTRINPNYN7U,387010,INR,2026-08-11,2026-08-23T17:06:15.048Z,BANK_CREDIT_SETTLEMENT: 3870.1 INR,"{""sourceAccountNumber"":""acc_0YAEH22ROWE"",""reference"":""UTRINPNYN7U""}",tx_1il5fyp1evv
tx_6w8oyu0yg4m,BANK_STATEMENT,UTRV4T3EVQ5,79532,INR,2026-08-04,2026-08-23T06:48:05.048Z,BANK_CREDIT_SETTLEMENT: 795.32 INR,"{""sourceAccountNumber"":""acc_M62IXPXXO1A"",""reference"":""UTRV4T3EVQ5""}",tx_fbmht6b049n
tx_vxdgjsv9n8r,BANK_STATEMENT,UTRTR00IFMT,2166749,INR,2026-08-09,2026-08-22T20:52:02.048Z,BANK_CREDIT_SETTLEMENT: 21667.49 INR,"{""sourceAccountNumber"":""acc_8TD8HF4FLR"",""reference"":""UTRTR00IFMT""}",tx_psadxduh7xk
tx_gg3ugw527bp,BANK_STATEMENT,UTRKSS2AEU1,54042,INR,2026-07-27,2026-08-22T15:34:23.048Z,BANK_CREDIT: 540.42 INR - REFUND_FOR_ORDER_INV_12345,"{""sourceAccountNumber"":""acc_PG3R6KN0DO""}",
tx_6akz58bp5rr,BANK_STATEMENT,UTRA7LVBYHJ,3014533,INR,2026-08-19,2026-08-23T12:33:25.048Z,BANK_CREDIT_SETTLEMENT: 30145.33 INR,"{""sourceAccountNumber"":""acc_OLI2JDNE2PL"",""reference"":""UTRA7LVBYHJ""}",tx_83dugmcmlyk
tx_bzi97fp8xs,BANK_STATEMENT,UTR1DOXCR57,4010650,INR,2026-07-27,2026-08-23T16:18:33.048Z,BANK_CREDIT_SETTLEMENT: 40106.5 INR,"{""sourceAccountNumber"":""acc_R1JGSSROUG7"",""reference"":""UTR1DOXCR57""}",tx_w7xras9gkkj
tx_3z3bg4u8jgi,BANK_STATEMENT,UTRN5Q3DBWE,3530065,INR,2026-07-23,2026-08-22T18:43:40.048Z,BANK_CREDIT_SETTLEMENT: 35300.65 INR,"{""sourceAccountNumber"":""acc_MZNTCKZNINN"",""reference"":""UTRN5Q3DBWE""}",tx_9oyc1f7jlz8
tx_wr49wb3b7oc,BANK_STATEMENT,UTRSQJ8P0KX,1114443,INR,2026-08-01,2026-08-23T01:05:16.048Z,BANK_CREDIT_SETTLEMENT: 11144.43 INR,"{""sourceAccountNumber"":""acc_E8ZL9Y90M1"",""reference"":""UTRSQJ8P0KX""}",tx_nz764m9e6ri
tx_49uredxd1vz,BANK_STATEMENT,UTR50BQMSQS,3412574,INR,2026-08-04,2026-08-22T19:03:14.048Z,BANK_CREDIT_SETTLEMENT: 34125.74 INR,"{""sourceAccountNumber"":""acc_0SZWCLZ5OCO"",""reference"":""UTR50BQMSQS""}",tx_7a0yzw363k4
tx_rbxg5sa16,BANK_STATEMENT,UTRL977Q4JO,3837043,INR,2026-08-05,2026-08-22T18:39:22.048Z,BANK_CREDIT_SETTLEMENT: 38370.43 INR,"{""sourceAccountNumber"":""acc_WTOT43MGX1B"",""reference"":""UTRL977Q4JO""}",tx_76q82q3y0mw
tx_5dpz4bhmqng,BANK_STATEMENT,UTR7P4X05FG,2562879,INR,2026-08-11,2026-08-23T07:55:46.048Z,BANK_CREDIT_SETTLEMENT: 25628.79 INR,"{""sourceAccountNumber"":""acc_MRS5G8PVTTA"",""reference"":""UTR7P4X05FG""}",tx_el9hctgwlyc
tx_8cj53ak3dxu,BANK_STATEMENT,UTRYONN4V5L,1220517,INR,2026-07-28,2026-08-22T23:33:35.048Z,BANK_CREDIT_SETTLEMENT: 12205.17 INR,"{""sourceAccountNumber"":""acc_EZS8K8VEZS5"",""reference"":""UTRYONN4V5L""}",tx_66le4scnxe
tx_xwoqwu12xcp,BANK_STATEMENT,UTRY9TPNTKI,2868906,INR,2026-08-06,2026-08-23T09:28:05.048Z,BANK_CREDIT_SETTLEMENT: 28689.06 INR,"{""sourceAccountNumber"":""acc_JIXNWFLBOKS"",""reference"":""UTRY9TPNTKI""}",tx_odff4549duk
tx_cyw7nqc9vh,BANK_STATEMENT,UTRREOVRR8C,3400705,INR,2026-08-21,2026-08-23T02:06:16.048Z,BANK_CREDIT_SETTLEMENT: 34007.05 INR,"{""sourceAccountNumber"":""acc_6R9WH47ZEC"",""reference"":""UTRREOVRR8C""}",tx_zp9she9xpu
tx_fmh0nm3obn6,BANK_STATEMENT,UTRQJI9KAMS,3885811,INR,2026-07-16,2026-08-23T08:51:40.048Z,BANK_CREDIT_SETTLEMENT: 38858.11 INR,"{""sourceAccountNumber"":""acc_V9O1SF01F3S"",""reference"":""UTRQJI9KAMS""}",tx_oydydlliv4
tx_nopu1v4wqa,BANK_STATEMENT,UTRJ53T3D48,363874,INR,2026-07-24,2026-08-23T14:16:19.048Z,BANK_CREDIT_SETTLEMENT: 3638.74 INR,"{""sourceAccountNumber"":""acc_DZ6E2A5N9YP"",""reference"":""UTRJ53T3D48""}",tx_54iemu8zf2o
tx_l8p0nh2tx,BANK_STATEMENT,UTRWO8G8CCO,1720122,INR,2026-07-16,2026-08-22T19:38:03.048Z,BANK_CREDIT_SETTLEMENT: 17201.22 INR,"{""sourceAccountNumber"":""acc_8IKGM4D9JVU"",""reference"":""UTRWO8G8CCO""}",tx_ovuma4z61ik
tx_y5j0o58h0cf,BANK_STATEMENT,UTRC331KKKQ,300070,INR,2026-08-03,2026-08-23T11:41:41.048Z,BANK_CREDIT_SETTLEMENT: 3000.7 INR,"{""sourceAccountNumber"":""acc_1N2Q9QLRFPE"",""reference"":""UTRC331KKKQ""}",tx_z5iydvxod6g
tx_tlv3kl06oq8,BANK_STATEMENT,UTR2XWML119,3583890,INR,2026-08-08,2026-08-22T05:22:10.048Z,BANK_CREDIT: 35838.9 INR - REFUND_FOR_ORDER_INV_12345,"{""sourceAccountNumber"":""acc_NOAQO8GPV3R""}",
tx_wtf4aa2o0n8,BANK_STATEMENT,UTRIQ4NHQJ2,2899677,INR,2026-07-21,2026-08-22T23:57:26.048Z,BANK_CREDIT_SETTLEMENT: 28996.77 INR,"{""sourceAccountNumber"":""acc_SNANBQ77LZQ"",""reference"":""UTRIQ4NHQJ2""}",tx_ulqdqyrkqqi
tx_ceq3j7nfnu4,BANK_STATEMENT,UTRTCZ084XZ,1766047,INR,2026-08-01,2026-08-23T17:28:53.048Z,BANK_CREDIT_SETTLEMENT: 17660.47 INR,"{""sourceAccountNumber"":""acc_DYCI1UZB9QP"",""reference"":""UTRTCZ084XZ""}",tx_v0e7bv31sym
tx_nhurgd5jigc,BANK_STATEMENT,UTRB0ATH9AD,2156030,INR,2026-07-18,2026-08-23T06:12:10.048Z,BANK_CREDIT_SETTLEMENT: 21560.3 INR,"{""sourceAccountNumber"":""acc_KPI7DT9PR4J"",""reference"":""UTRB0ATH9AD""}",tx_vpoduijbu7n
tx_vwexeexw4bf,BANK_STATEMENT,UTRRSMV53PF,3658734,INR,2026-08-14,2026-08-23T13:35:40.048Z,BANK_CREDIT_SETTLEMENT: 36587.34 INR,"{""sourceAccountNumber"":""acc_LBUS5SVMQWE"",""reference"":""UTRRSMV53PF""}",tx_tfb0e7rya3
tx_x2qzlhrolzn,BANK_STATEMENT,UTRULLDFFUD,3517990,INR,2026-07-29,2026-08-22T19:39:04.048Z,BANK_CREDIT_SETTLEMENT: 35179.9 INR,"{""sourceAccountNumber"":""acc_6VJJF1IGJHV"",""reference"":""UTRULLDFFUD""}",tx_tuaq7kavpt
tx_jqn75heo3fk,BANK_STATEMENT,UTR898DH3L7,3379308,INR,2026-07-16,2026-08-22T19:02:56.048Z,BANK_CREDIT_SETTLEMENT: 33793.08 INR,"{""sourceAccountNumber"":""acc_AKEJLFNPKI"",""reference"":""UTR898DH3L7""}",tx_52yzb9vr2w9
tx_w87acrtvx7b,BANK_STATEMENT,UTRYLSATOZT,1562095,INR,2026-07-20,2026-08-23T15:53:17.048Z,BANK_CREDIT_SETTLEMENT: 15620.95 INR,"{""sourceAccountNumber"":""acc_7U1G76YBU2G"",""reference"":""UTRYLSATOZT""}",tx_8u5oiibl545
tx_rbyagmadzd,BANK_STATEMENT,UTRUZ3ORNNJ,4306031,INR,2026-08-10,2026-08-22T20:15:53.048Z,BANK_CREDIT_SETTLEMENT: 43060.31 INR,"{""sourceAccountNumber"":""acc_59K0CBO861M"",""reference"":""UTRUZ3ORNNJ""}",tx_xhebwpjaco
tx_vc6aqptlr6,BANK_STATEMENT,UTR2KTZZQ3R,1531905,INR,2026-07-09,2026-08-23T10:54:16.048Z,BANK_CREDIT_SETTLEMENT: 15319.05 INR,"{""sourceAccountNumber"":""acc_XTD4H86V8SR"",""reference"":""UTR2KTZZQ3R""}",tx_hhr9b2gbv0d
tx_2wl44lffqd6,BANK_STATEMENT,UTRPRETIPRB,1960301,INR,2026-07-20,2026-08-23T03:15:26.048Z,BANK_CREDIT_SETTLEMENT: 19603.01 INR,"{""sourceAccountNumber"":""acc_2735QF2B66PI"",""reference"":""UTRPRETIPRB""}",tx_pdw7svfimqo
tx_wqcbi96mkb,BANK_STATEMENT,UTRIASZ86UA,770554,INR,2026-08-09,2026-08-22T22:17:27.048Z,BANK_CREDIT_SETTLEMENT: 7705.54 INR,"{""sourceAccountNumber"":""acc_A5V9IFIG49A"",""reference"":""UTRIASZ86UA""}",tx_a8a36o9phxj
tx_x365cb27ej,BANK_STATEMENT,UTRM4OIEU0I,236175,INR,2026-08-03,2026-08-23T04:02:14.048Z,BANK_CREDIT_SETTLEMENT: 2361.75 INR,"{""sourceAccountNumber"":""acc_ZBKX4PT5PY"",""reference"":""UTRM4OIEU0I""}",tx_jkucslbscdb
tx_pkjboj3tzwm,BANK_STATEMENT,UTR93ZOYQYP,1233972,INR,2026-07-15,2026-08-23T04:26:16.048Z,BANK_CREDIT_SETTLEMENT: 12339.72 INR,"{""sourceAccountNumber"":""acc_6EOBSIQV92"",""reference"":""UTR93ZOYQYP""}",tx_n1x18h9rp1r
tx_xm7zmen3a3m,BANK_STATEMENT,UTRWSCKD49B,2224101,INR,2026-07-29,2026-08-23T04:19:24.048Z,BANK_CREDIT_SETTLEMENT: 22241.01 INR,"{""sourceAccountNumber"":""acc_17WGYG5LAAZ"",""reference"":""UTRWSCKD49B""}",tx_3v90wwgq4d2
tx_q0k2kgb41o,BANK_STATEMENT,UTRO6QHV1GR,2972050,INR,2026-07-10,2026-08-23T11:58:02.048Z,BANK_CREDIT_SETTLEMENT: 29720.5 INR,"{""sourceAccountNumber"":""acc_2DWDLXI11WG"",""reference"":""UTRO6QHV1GR""}",tx_41g38uodzpy
tx_78kln4qdmgo,BANK_STATEMENT,UTRC27MO6GZ,3224900,INR,2026-08-04,2026-08-23T10:20:01.048Z,BANK_CREDIT_SETTLEMENT: 32249 INR,"{""sourceAccountNumber"":""acc_U4PDG3N0NZ9"",""reference"":""UTRC27MO6GZ""}",tx_wlxhm5ymtcp
tx_yo288hbakr9,BANK_STATEMENT,UTRCFJRYZUE,2411000,INR,2026-08-13,2026-08-23T18:06:27.048Z,BANK_CREDIT_SETTLEMENT: 24110 INR,"{""sourceAccountNumber"":""acc_FCJ31KVGR7P"",""reference"":""UTRCFJRYZUE""}",tx_7b0q3mg8zhp
tx_1pa0wy6bidw,BANK_STATEMENT,UTRXGPRTRK4,1060827,INR,2026-07-28,2026-08-23T10:46:25.048Z,BANK_CREDIT_SETTLEMENT: 10608.27 INR,"{""sourceAccountNumber"":""acc_594U4QER9G7"",""reference"":""UTRXGPRTRK4""}",tx_20qdhut5z1p
tx_y0hny4ux9vl,BANK_STATEMENT,UTRS5S1KC2J,3392514,INR,2026-08-17,2026-08-23T02:40:22.048Z,BANK_CREDIT_SETTLEMENT: 33925.14 INR,"{""sourceAccountNumber"":""acc_VV9NO6NK9U"",""reference"":""UTRS5S1KC2J""}",tx_s6os6f2alo
tx_dn02ga817kn,BANK_STATEMENT,UTR8NFJHZGS,3534314,INR,2026-08-07,2026-08-23T06:22:26.048Z,BANK_CREDIT_SETTLEMENT: 35343.14 INR,"{""sourceAccountNumber"":""acc_0K1FC6PTGXL8"",""reference"":""UTR8NFJHZGS""}",tx_uiqn7nsirtp
tx_thnspo8ss8s,BANK_STATEMENT,UTRG79MKPH5,2293918,INR,2026-08-14,2026-08-23T00:47:46.048Z,BANK_CREDIT_SETTLEMENT: 22939.18 INR,"{""sourceAccountNumber"":""acc_FV16OFU8FW5"",""reference"":""UTRG79MKPH5""}",tx_8j35if6zmep
tx_rq39ec5djhg,BANK_STATEMENT,UTR6OT9CSFX,3919345,INR,2026-07-20,2026-08-21T22:04:51.048Z,BANK_CREDIT: 39193.45 INR - ANNUAL_PREMIUM_UPGRADE,"{""sourceAccountNumber"":""acc_XSKFVV6IKT""}",
tx_fkfg4k8ea74,BANK_STATEMENT,UTRMVG885W1,1376787,INR,2026-07-20,2026-08-23T03:43:54.048Z,BANK_CREDIT_SETTLEMENT: 13767.87 INR,"{""sourceAccountNumber"":""acc_6SPCWJQZ7N8"",""reference"":""UTRMVG885W1""}",tx_889g3hz9ltk
tx_f3xkdueu2mp,BANK_STATEMENT,UTRT3SPD2Z8,2319330,INR,2026-07-19,2026-08-23T17:36:22.048Z,BANK_CREDIT_SETTLEMENT: 23193.3 INR,"{""sourceAccountNumber"":""acc_6UCX9IFY8ZO"",""reference"":""UTRT3SPD2Z8""}",tx_p6mytaoplgg
tx_g2np3y8w0e,BANK_STATEMENT,UTRDXOIYGUD,358988,INR,2026-08-10,2026-08-23T07:55:33.048Z,BANK_CREDIT_SETTLEMENT: 3589.88 INR,"{""sourceAccountNumber"":""acc_RL1T846I95H"",""reference"":""UTRDXOIYGUD""}",tx_bkt93rio69h
tx_84ill1cgbpc,BANK_STATEMENT,UTR7MU771F6,3350236,INR,2026-07-21,2026-08-22T08:52:51.048Z,BANK_CREDIT: 33502.36 INR - PLATFORM_MAINTENANCE_FEE,"{""sourceAccountNumber"":""acc_KWI3U1U08BP""}",
tx_deh46m5kwdm,BANK_STATEMENT,UTRJ12YG7T9,1415726,INR,2026-07-22,2026-08-23T03:14:02.048Z,BANK_CREDIT_SETTLEMENT: 14157.26 INR,"{""sourceAccountNumber"":""acc_AN2BCAGFN1D"",""reference"":""UTRJ12YG7T9""}",tx_72oiqxreq3s
tx_tc0t9b4ow4e,BANK_STATEMENT,UTRZDHGWN03,2446626,INR,2026-08-06,2026-08-22T22:59:54.048Z,BANK_CREDIT_SETTLEMENT: 24466.26 INR,"{""sourceAccountNumber"":""acc_DNQ6WD9OW8"",""reference"":""UTRZDHGWN03""}",tx_4895i074hir
tx_tgi4lct7o9o,BANK_STATEMENT,UTRT0VOP50P,3094496,INR,2026-07-24,2026-08-23T05:42:54.048Z,BANK_CREDIT_SETTLEMENT: 30944.96 INR,"{""sourceAccountNumber"":""acc_O7GEZ9XNUAH"",""reference"":""UTRT0VOP50P""}",tx_1fzfpmn9z4a
tx_2ivf2b1x51n,BANK_STATEMENT,UTRUNFA6Y9H,2360668,INR,2026-07-21,2026-08-23T10:19:43.048Z,BANK_CREDIT_SETTLEMENT: 23606.68 INR,"{""sourceAccountNumber"":""acc_Q264YLVYCA"",""reference"":""UTRUNFA6Y9H""}",tx_2kcnyoup6j7
tx_3wjoxoat433,BANK_STATEMENT,UTRF3BWX31B,1013334,INR,2026-07-15,2026-08-23T09:27:53.048Z,BANK_CREDIT_SETTLEMENT: 10133.34 INR,"{""sourceAccountNumber"":""acc_VEPOIPLDCS"",""reference"":""UTRF3BWX31B""}",tx_jpremsnh4ad
tx_rrk09yn1vik,BANK_STATEMENT,UTRNGE9W7AB,1233760,INR,2026-07-13,2026-08-23T02:52:10.048Z,BANK_CREDIT_SETTLEMENT: 12337.6 INR,"{""sourceAccountNumber"":""acc_K3VHWTSOA1"",""reference"":""UTRNGE9W7AB""}",tx_oa7x5x99px
tx_jlhxub4yk5,BANK_STATEMENT,UTRPE233AYI,1905924,INR,2026-08-18,2026-08-23T09:38:54.048Z,BANK_CREDIT_SETTLEMENT: 19059.24 INR,"{""sourceAccountNumber"":""acc_6FMKI0YAVIA"",""reference"":""UTRPE233AYI""}",tx_fc81m30bu1k
tx_148nvwnyjjm,BANK_STATEMENT,UTR7QKRSU07,229837,INR,2026-08-11,2026-08-23T09:11:33.048Z,BANK_CREDIT_SETTLEMENT: 2298.37 INR,"{""sourceAccountNumber"":""acc_1IAB7RBJ3J4"",""reference"":""UTR7QKRSU07""}",tx_t5cas9elyd
tx_k1lcqkxsunb,BANK_STATEMENT,UTRQ0YJGW4G,153814,INR,2026-08-07,2026-08-23T06:52:05.048Z,BANK_CREDIT_SETTLEMENT: 1538.14 INR,"{""sourceAccountNumber"":""acc_99WWVVHYIF5"",""reference"":""UTRQ0YJGW4G""}",tx_9qfyrdn9qdt
tx_2dw42fcep3w,BANK_STATEMENT,UTR2ZJBVXUA,207363,INR,2026-07-24,2026-08-23T09:58:24.048Z,BANK_CREDIT_SETTLEMENT: 2073.63 INR,"{""sourceAccountNumber"":""acc_5V0DHZAD9ON"",""reference"":""UTR2ZJBVXUA""}",tx_jbc3i5gen9f
tx_5kdwvvm5dqb,BANK_STATEMENT,UTRCBQTTXDW,3641840,INR,2026-08-12,2026-08-23T15:31:58.049Z,BANK_CREDIT_SETTLEMENT: 36418.4 INR,"{""sourceAccountNumber"":""acc_G6KYZHD0AM"",""reference"":""UTRCBQTTXDW""}",tx_raw45wf0jpp
tx_5fir7zby4ye,BANK_STATEMENT,UTR04RTF7M5,838251,INR,2026-08-07,2026-08-22T20:20:31.049Z,BANK_CREDIT_SETTLEMENT: 8382.51 INR,"{""sourceAccountNumber"":""acc_KJFDZTYJ0PA"",""reference"":""UTR04RTF7M5""}",tx_06i1glwus5a7
tx_go73wcmhiir,BANK_STATEMENT,UTR2TE4ZYKS,2513917,INR,2026-07-21,2026-08-23T03:11:23.049Z,BANK_CREDIT_SETTLEMENT: 25139.17 INR,"{""sourceAccountNumber"":""acc_IP2HY2K6MU"",""reference"":""UTR2TE4ZYKS""}",tx_qpyhvde0bxp
tx_6us0x3i490l,BANK_STATEMENT,UTRBH2X7FUA,184139,INR,2026-08-02,2026-08-22T22:21:59.049Z,BANK_CREDIT_SETTLEMENT: 1841.39 INR,"{""sourceAccountNumber"":""acc_4PTCK4USKP9"",""reference"":""UTRBH2X7FUA""}",tx_vudwnsl4svo
tx_c7dkfjqzot,BANK_STATEMENT,UTR63KJKW4K,1496832,INR,2026-07-28,2026-08-23T11:07:54.049Z,BANK_CREDIT_SETTLEMENT: 14968.32 INR,"{""sourceAccountNumber"":""acc_W2QKR5K38V"",""reference"":""UTR63KJKW4K""}",tx_sndj9ckqws
tx_9fb880gt2zl,BANK_STATEMENT,UTRIKURMKMN,612632,INR,2026-07-08,2026-08-23T00:02:41.049Z,BANK_CREDIT_SETTLEMENT: 6126.32 INR,"{""sourceAccountNumber"":""acc_789SOZUCGBW"",""reference"":""UTRIKURMKMN""}",tx_gxgae8aoc9p
tx_hhj7vbf604a,BANK_STATEMENT,UTR34EBEXWW,1313315,INR,2026-07-07,2026-08-23T04:28:08.049Z,BANK_CREDIT_SETTLEMENT: 13133.15 INR,"{""sourceAccountNumber"":""acc_7GB3094OOM"",""reference"":""UTR34EBEXWW""}",tx_ng8t9ojciv
tx_mqh1ogs2x4,BANK_STATEMENT,UTRR9JLV7HK,4009251,INR,2026-08-12,2026-08-22T22:32:18.049Z,BANK_CREDIT_SETTLEMENT: 40092.51 INR,"{""sourceAccountNumber"":""acc_VHEXVXBCB7"",""reference"":""UTRR9JLV7HK""}",tx_m5eod6zifc
tx_yoydm3e7y1g,BANK_STATEMENT,UTRW3V662QU,1157169,INR,2026-08-11,2026-08-23T16:25:38.049Z,BANK_CREDIT_SETTLEMENT: 11571.69 INR,"{""sourceAccountNumber"":""acc_H338VZMDH9L"",""reference"":""UTRW3V662QU""}",tx_bzzgw1fpan
tx_wxzu7e19iwq,BANK_STATEMENT,UTRHG2NORBK,3750054,INR,2026-08-05,2026-08-22T18:47:50.049Z,BANK_CREDIT_SETTLEMENT: 37500.54 INR,"{""sourceAccountNumber"":""acc_GOVNC88R795"",""reference"":""UTRHG2NORBK""}",tx_aaah1ba7q6d
tx_uwj0meezibo,BANK_STATEMENT,UTR540D90AR,1164765,INR,2026-07-20,2026-08-23T09:02:23.049Z,BANK_CREDIT_SETTLEMENT: 11647.65 INR,"{""sourceAccountNumber"":""acc_ZKCH01IEFAO"",""reference"":""UTR540D90AR""}",tx_oyitjjpj0t
tx_0wub3jndzeyf,BANK_STATEMENT,UTR5E7WVL6M,2175068,INR,2026-07-09,2026-08-23T00:37:36.049Z,BANK_CREDIT_SETTLEMENT: 21750.68 INR,"{""sourceAccountNumber"":""acc_QZMCZ6UE8RI"",""reference"":""UTR5E7WVL6M""}",tx_et9121kl9l5
tx_b610dofsqw,BANK_STATEMENT,UTRYXZQHYTI,4114020,INR,2026-07-20,2026-08-22T01:37:58.049Z,BANK_CREDIT: 41140.2 INR - SOFTWARE_LICENSE_RENEWAL,"{""sourceAccountNumber"":""acc_UGHOMJXL5I""}",
tx_mcz45fx85y,BANK_STATEMENT,UTREKPXDJKM,1186190,INR,2026-07-16,2026-08-23T08:08:24.049Z,BANK_CREDIT_SETTLEMENT: 11861.9 INR,"{""sourceAccountNumber"":""acc_LRKDU2C0R3"",""reference"":""UTREKPXDJKM""}",tx_k2c0cwqi45n
tx_9f3pa3uvoda,BANK_STATEMENT,UTR9S9BSDWE,1200390,INR,2026-08-13,2026-08-23T15:16:16.049Z,BANK_CREDIT_SETTLEMENT: 12003.9 INR,"{""sourceAccountNumber"":""acc_TQ2TQWUG68"",""reference"":""UTR9S9BSDWE""}",tx_il5zapwldgp
tx_5r6zkr5gdvn,BANK_STATEMENT,UTRM91BN9C9,2451660,INR,2026-07-09,2026-08-23T00:02:32.049Z,BANK_CREDIT_SETTLEMENT: 24516.6 INR,"{""sourceAccountNumber"":""acc_A0LLGAKKYJC"",""reference"":""UTRM91BN9C9""}",tx_9veir1sgxzr
tx_55g9gkse8b8,BANK_STATEMENT,UTRV7IQQXHU,3687960,INR,2026-08-04,2026-08-23T14:17:16.049Z,BANK_CREDIT_SETTLEMENT: 36879.6 INR,"{""sourceAccountNumber"":""acc_UA0NLFCNWUR"",""reference"":""UTRV7IQQXHU""}",tx_bug0wim23gl
tx_nn3ql26iprn,BANK_STATEMENT,UTRE435HUBN,2848270,INR,2026-07-07,2026-08-21T20:24:37.049Z,BANK_CREDIT: 28482.7 INR - DIGITAL_GOODS_EBOOK_DOWNLOAD,"{""sourceAccountNumber"":""acc_UWQ03MF3EZ""}",
tx_glvvolxu7kq,BANK_STATEMENT,UTRO3TAFKEE,2344519,INR,2026-07-15,2026-08-22T23:55:24.049Z,BANK_CREDIT_SETTLEMENT: 23445.19 INR,"{""sourceAccountNumber"":""acc_K71DGEBX8BK"",""reference"":""UTRO3TAFKEE""}",tx_k6h9laqcit
tx_eapzscq730h,BANK_STATEMENT,UTRVNVCAT0D,2483913,INR,2026-07-08,2026-08-23T12:18:56.049Z,BANK_CREDIT_SETTLEMENT: 24839.13 INR,"{""sourceAccountNumber"":""acc_PBW8XDFNXQ"",""reference"":""UTRVNVCAT0D""}",tx_y6vei3db9s
tx_n58z7dl7nv7,BANK_STATEMENT,UTRH9VAXB7K,443841,INR,2026-07-20,2026-08-23T09:01:08.049Z,BANK_CREDIT_SETTLEMENT: 4438.41 INR,"{""sourceAccountNumber"":""acc_MB519NWLZ6E"",""reference"":""UTRH9VAXB7K""}",tx_6vetqshygqw
tx_ox3nm9f05l,BANK_STATEMENT,UTRHKK1DC4W,4242792,INR,2026-08-12,2026-08-23T17:58:07.049Z,BANK_CREDIT_SETTLEMENT: 42427.92 INR,"{""sourceAccountNumber"":""acc_723B2H141SL"",""reference"":""UTRHKK1DC4W""}",tx_2q7dzyqmni3
tx_b5gsadbwr25,BANK_STATEMENT,UTR7EAC6RNO,3058721,INR,2026-08-15,2026-08-23T01:55:12.049Z,BANK_CREDIT_SETTLEMENT: 30587.21 INR,"{""sourceAccountNumber"":""acc_3BBP5UXJSAY"",""reference"":""UTR7EAC6RNO""}",tx_mnaa3c6rv1q
tx_ueh53o15zml,BANK_STATEMENT,UTRE1VSS0CE,1668141,INR,2026-08-05,2026-08-23T16:20:08.049Z,BANK_CREDIT_SETTLEMENT: 16681.41 INR,"{""sourceAccountNumber"":""acc_2LJEKBNYSS4"",""reference"":""UTRE1VSS0CE""}",tx_ywh7mw3bokf
tx_cxtdgsl5tp8,BANK_STATEMENT,UTR33Q8JEVL,1568616,INR,2026-07-20,2026-08-23T09:48:05.049Z,BANK_CREDIT_SETTLEMENT: 15686.16 INR,"{""sourceAccountNumber"":""acc_2G64P6GPRTV"",""reference"":""UTR33Q8JEVL""}",tx_bmkogrwjrnn
tx_xvtbvs5ej5,BANK_STATEMENT,UTRWA2Q3MFG,1884495,INR,2026-07-08,2026-08-22T14:30:47.049Z,BANK_CREDIT: 18844.95 INR - ONLINE_SUBSCRIPTION_PURCHASE,"{""sourceAccountNumber"":""acc_24WKYQDQSNG""}",
tx_sm0671zqqur,BANK_STATEMENT,UTRK4MV520W,377792,INR,2026-08-08,2026-08-22T12:30:18.049Z,BANK_CREDIT: 3777.92 INR - CHARITABLE_DONATION,"{""sourceAccountNumber"":""acc_G1UR3PSYBJ""}",
tx_xwo1xi3zgg,BANK_STATEMENT,UTR15XVRHOL,511348,INR,2026-08-03,2026-08-23T03:22:10.049Z,BANK_CREDIT_SETTLEMENT: 5113.48 INR,"{""sourceAccountNumber"":""acc_OZ8TCH1NJ19"",""reference"":""UTR15XVRHOL""}",tx_ektyna78x7
tx_dhpvji6ib9j,BANK_STATEMENT,UTRRKCTN6GV,3327302,INR,2026-08-19,2026-08-23T10:28:09.049Z,BANK_CREDIT_SETTLEMENT: 33273.02 INR,"{""sourceAccountNumber"":""acc_IQ38B7ZXI4"",""reference"":""UTRRKCTN6GV""}",tx_uhgmaf97d
tx_quwlhp2sfyc,BANK_STATEMENT,UTRQYYEV4L9,640797,INR,2026-07-23,2026-08-22T18:55:06.049Z,BANK_CREDIT_SETTLEMENT: 6407.97 INR,"{""sourceAccountNumber"":""acc_YWLSBHGRXX"",""reference"":""UTRQYYEV4L9""}",tx_gnxn1vn0qjb
tx_waah1vwypi,BANK_STATEMENT,UTRS14NNVPY,2375032,INR,2026-08-07,2026-08-23T05:58:43.049Z,BANK_CREDIT_SETTLEMENT: 23750.32 INR,"{""sourceAccountNumber"":""acc_CUQQ4VSNUE9"",""reference"":""UTRS14NNVPY""}",tx_of235c1zb1q
tx_soilwx9hybq,BANK_STATEMENT,UTR4MK05EPR,721774,INR,2026-07-18,2026-08-22T20:56:03.049Z,BANK_CREDIT_SETTLEMENT: 7217.74 INR,"{""sourceAccountNumber"":""acc_4YMVV5NV4IM"",""reference"":""UTR4MK05EPR""}",tx_cwmkrf5uwmc
tx_b888r8kxlqs,BANK_STATEMENT,UTRNZLR1F71,2639567,INR,2026-07-21,2026-08-22T21:17:29.049Z,BANK_CREDIT_SETTLEMENT: 26395.67 INR,"{""sourceAccountNumber"":""acc_5KJUDC9VPCG"",""reference"":""UTRNZLR1F71""}",tx_50cyzymj49x
tx_8jpext6899o,BANK_STATEMENT,UTRUUPTVNT7,263685,INR,2026-07-31,2026-08-23T15:17:38.049Z,BANK_CREDIT_SETTLEMENT: 2636.85 INR,"{""sourceAccountNumber"":""acc_KOYS5QH0LDL"",""reference"":""UTRUUPTVNT7""}",tx_tdmb31aifxo
tx_0upuygsgqwil,BANK_STATEMENT,UTRYORZ8RAF,2439154,INR,2026-08-20,2026-08-22T18:34:10.049Z,BANK_CREDIT_SETTLEMENT: 24391.54 INR,"{""sourceAccountNumber"":""acc_R8JPWK9PXN"",""reference"":""UTRYORZ8RAF""}",tx_bwwh244a11
tx_kwn8usy4s6,BANK_STATEMENT,UTRZ0KZLATY,1000251,INR,2026-07-06,2026-08-22T10:19:34.049Z,BANK_CREDIT: 10002.51 INR - ONLINE_SUBSCRIPTION_PURCHASE,"{""sourceAccountNumber"":""acc_NCA6889BQIC""}",
tx_galvanrjesc,BANK_STATEMENT,UTR35TCXFLU,350864,INR,2026-08-05,2026-08-23T02:27:44.049Z,BANK_CREDIT_SETTLEMENT: 3508.64 INR,"{""sourceAccountNumber"":""acc_DWMIO890NMB"",""reference"":""UTR35TCXFLU""}",tx_cj7xvefjkvo
tx_zd5qofag4oc,BANK_STATEMENT,UTRK4Y8Q12J,931171,INR,2026-07-09,2026-08-22T22:05:56.049Z,BANK_CREDIT_SETTLEMENT: 9311.71 INR,"{""sourceAccountNumber"":""acc_GDO3SL6OISV"",""reference"":""UTRK4Y8Q12J""}",tx_rfip167afl
tx_p8djwdyhzr,BANK_STATEMENT,UTR9Q2WP8LL,1135218,INR,2026-07-24,2026-08-23T06:37:26.049Z,BANK_CREDIT_SETTLEMENT: 11352.18 INR,"{""sourceAccountNumber"":""acc_ZLBT88ELLT"",""reference"":""UTR9Q2WP8LL""}",tx_l39qmf4i65o
tx_brhasarub8j,BANK_STATEMENT,UTR04TOOAGU,1643548,INR,2026-07-28,2026-08-23T13:48:54.049Z,BANK_CREDIT_SETTLEMENT: 16435.48 INR,"{""sourceAccountNumber"":""acc_AXQYRVEUHO5"",""reference"":""UTR04TOOAGU""}",tx_wvtmz6ft6jf
tx_qtj9kwn98ac,BANK_STATEMENT,UTRPSUF6L9J,2732874,INR,2026-07-11,2026-08-23T17:08:14.049Z,BANK_CREDIT_SETTLEMENT: 27328.74 INR,"{""sourceAccountNumber"":""acc_04BECF9VSJQN"",""reference"":""UTRPSUF6L9J""}",tx_92fodazvfya
tx_rvlwknl790l,BANK_STATEMENT,UTR8NHO0FW0,864886,INR,2026-07-11,2026-08-23T17:29:01.049Z,BANK_CREDIT_SETTLEMENT: 8648.86 INR,"{""sourceAccountNumber"":""acc_IVWEU352U6"",""reference"":""UTR8NHO0FW0""}",tx_q8rr635v5p
tx_kj90gbxc5kn,BANK_STATEMENT,UTRWY484HHP,2508905,INR,2026-07-17,2026-08-22T19:31:12.049Z,BANK_CREDIT_SETTLEMENT: 25089.05 INR,"{""sourceAccountNumber"":""acc_6PY27PXAQ97"",""reference"":""UTRWY484HHP""}",tx_dkpymmzyyh
tx_kffqloaf9e,BANK_STATEMENT,UTRTS5YFJXC,3157248,INR,2026-07-11,2026-08-23T11:32:12.049Z,BANK_CREDIT_SETTLEMENT: 31572.48 INR,"{""sourceAccountNumber"":""acc_CEVE5YIYZT8"",""reference"":""UTRTS5YFJXC""}",tx_dpd5yqdna3t
tx_lmsxlqm0av,BANK_STATEMENT,UTRPAKLKYPE,405973,INR,2026-08-14,2026-08-23T08:20:54.049Z,BANK_CREDIT_SETTLEMENT: 4059.73 INR,"{""sourceAccountNumber"":""acc_EBMM7RZJQZ"",""reference"":""UTRPAKLKYPE""}",tx_12sylcvqf7o
tx_pg5e473hvd,BANK_STATEMENT,UTRSHUC7SXT,3001529,INR,2026-08-13,2026-08-22T00:45:07.049Z,BANK_CREDIT: 30015.29 INR - CHARGEBACK_CUSTOMER_DISPUTE,"{""sourceAccountNumber"":""acc_8IW8JJDZWQY""}",
tx_mkj02yyibnf,BANK_STATEMENT,UTR10Q1RYXF,2056372,INR,2026-08-20,2026-08-23T10:08:41.049Z,BANK_CREDIT_SETTLEMENT: 20563.72 INR,"{""sourceAccountNumber"":""acc_ORQJDDRZD8H"",""reference"":""UTR10Q1RYXF""}",tx_yxp9sem4l0n
tx_mq131kbld2d,BANK_STATEMENT,UTRLC5ZF082,2167568,INR,2026-08-01,2026-08-22T18:31:05.049Z,BANK_CREDIT_SETTLEMENT: 21675.68 INR,"{""sourceAccountNumber"":""acc_H1NAMEHQ0R"",""reference"":""UTRLC5ZF082""}",tx_cw9b4v6sbwg
tx_gyaggoh2bwm,BANK_STATEMENT,UTREE5A7Z52,2318632,INR,2026-07-17,2026-08-23T09:30:35.049Z,BANK_CREDIT_SETTLEMENT: 23186.32 INR,"{""sourceAccountNumber"":""acc_B2FFR8RL8J"",""reference"":""UTREE5A7Z52""}",tx_iyqj8avjog
tx_njfh91rc9kq,BANK_STATEMENT,UTRZCNRIF29,1364967,INR,2026-08-04,2026-08-23T02:13:15.049Z,BANK_CREDIT_SETTLEMENT: 13649.67 INR,"{""sourceAccountNumber"":""acc_33ZHH4B9AV8"",""reference"":""UTRZCNRIF29""}",tx_rq6esyorgz
tx_esqsvspsgck,BANK_STATEMENT,UTRSWGMT2IJ,1832407,INR,2026-07-28,2026-08-23T18:03:49.049Z,BANK_CREDIT_SETTLEMENT: 18324.07 INR,"{""sourceAccountNumber"":""acc_PB34ST5CFB"",""reference"":""UTRSWGMT2IJ""}",tx_7s1ni3jxy2i
tx_y3k5baoekb,BANK_STATEMENT,UTRM0VI2FZM,2802360,INR,2026-07-17,2026-08-22T18:35:20.049Z,BANK_CREDIT_SETTLEMENT: 28023.6 INR,"{""sourceAccountNumber"":""acc_G8VSKW7J7G"",""reference"":""UTRM0VI2FZM""}",tx_s86ow862k2g
tx_pqwmgvzizp,BANK_STATEMENT,UTREJ4ECELY,3286191,INR,2026-07-15,2026-08-23T07:08:04.049Z,BANK_CREDIT_SETTLEMENT: 32861.91 INR,"{""sourceAccountNumber"":""acc_8ZUCXQEI65Q"",""reference"":""UTREJ4ECELY""}",tx_vifecc1wju
tx_05g34ym27j2u,BANK_STATEMENT,UTRAXGJMT4S,1825455,INR,2026-08-16,2026-08-23T07:26:42.049Z,BANK_CREDIT_SETTLEMENT: 18254.55 INR,"{""sourceAccountNumber"":""acc_4VIMRVCROEX"",""reference"":""UTRAXGJMT4S""}",tx_ul4px3mxsli
tx_j0cydr173kq,BANK_STATEMENT,UTR68F6CW7G,164248,INR,2026-07-13,2026-08-23T14:36:28.049Z,BANK_CREDIT_SETTLEMENT: 1642.48 INR,"{""sourceAccountNumber"":""acc_H261NP8PZ14"",""reference"":""UTR68F6CW7G""}",tx_62aan719fbr
tx_9uegotpgzo8,BANK_STATEMENT,UTRFO2V76YA,281784,INR,2026-08-14,2026-08-23T10:10:42.049Z,BANK_CREDIT_SETTLEMENT: 2817.84 INR,"{""sourceAccountNumber"":""acc_0M5YY9W171RG"",""reference"":""UTRFO2V76YA""}",tx_h00m3wdr6fq
tx_q30fipm6se8,BANK_STATEMENT,UTR3A4OS0GR,526327,INR,2026-07-14,2026-08-22T23:07:09.049Z,BANK_CREDIT_SETTLEMENT: 5263.27 INR,"{""sourceAccountNumber"":""acc_TEDRPSSTME"",""reference"":""UTR3A4OS0GR""}",tx_9ik5w6ozwc
tx_wh0buaviuy,BANK_STATEMENT,UTREY90BEEQ,929657,INR,2026-08-13,2026-08-23T05:58:28.049Z,BANK_CREDIT_SETTLEMENT: 9296.57 INR,"{""sourceAccountNumber"":""acc_3JU5X28XS58"",""reference"":""UTREY90BEEQ""}",tx_g2ev8ju0tzr
tx_ls3zq42k9s9,BANK_STATEMENT,UTRD2HV6PVJ,2451787,INR,2026-07-21,2026-08-23T08:05:10.049Z,BANK_CREDIT_SETTLEMENT: 24517.87 INR,"{""sourceAccountNumber"":""acc_5P9OTL6GFF"",""reference"":""UTRD2HV6PVJ""}",tx_03w8k2o8w1g2
tx_uc4714kawzg,BANK_STATEMENT,UTRMNDP3SO6,1131859,INR,2026-08-14,2026-08-22T19:47:29.049Z,BANK_CREDIT_SETTLEMENT: 11318.59 INR,"{""sourceAccountNumber"":""acc_TD1R01ER318"",""reference"":""UTRMNDP3SO6""}",tx_fpiw74qjo9t
tx_l2bycue1eni,BANK_STATEMENT,UTR1133ISBH,1849087,INR,2026-07-23,2026-08-23T15:00:06.049Z,BANK_CREDIT_SETTLEMENT: 18490.87 INR,"{""sourceAccountNumber"":""acc_45EESENFL99"",""reference"":""UTR1133ISBH""}",tx_odityvq0u9
tx_ed3o3cjwoe5,BANK_STATEMENT,UTRW3Z9YC1L,3275354,INR,2026-08-11,2026-08-22T22:01:39.049Z,BANK_CREDIT_SETTLEMENT: 32753.54 INR,"{""sourceAccountNumber"":""acc_W0NJQMTIEON"",""reference"":""UTRW3Z9YC1L""}",tx_d1n7twqdjeu
tx_a4tdgb3id2v,BANK_STATEMENT,UTRGIH60LPK,1889032,INR,2026-07-24,2026-08-23T18:04:14.050Z,BANK_CREDIT_SETTLEMENT: 18890.32 INR,"{""sourceAccountNumber"":""acc_ZHT6OAHZWV"",""reference"":""UTRGIH60LPK""}",tx_55489hgysog
tx_b2h4yg8zmsq,BANK_STATEMENT,UTR2F1AFWZU,1999560,INR,2026-07-14,2026-08-23T08:02:39.050Z,BANK_CREDIT_SETTLEMENT: 19995.6 INR,"{""sourceAccountNumber"":""acc_BI3Z0NCD"",""reference"":""UTR2F1AFWZU""}",tx_0gkd9nirw8w
tx_p80d3mt7vr,BANK_STATEMENT,UTRHHU768TD,1392263,INR,2026-08-16,2026-08-23T14:32:56.050Z,BANK_CREDIT_SETTLEMENT: 13922.63 INR,"{""sourceAccountNumber"":""acc_13GBSZZCZ8WE"",""reference"":""UTRHHU768TD""}",tx_0drleashh24
tx_bxxauwij34r,BANK_STATEMENT,UTRNREZI5N9,202265,INR,2026-08-13,2026-08-22T20:14:56.050Z,BANK_CREDIT_SETTLEMENT: 2022.65 INR,"{""sourceAccountNumber"":""acc_VTBU5G3LCIC"",""reference"":""UTRNREZI5N9""}",tx_im929zxj5j
tx_k7j13ofmab,BANK_STATEMENT,UTRJP1XXRSK,2798181,INR,2026-07-21,2026-08-23T00:17:00.050Z,BANK_CREDIT_SETTLEMENT: 27981.81 INR,"{""sourceAccountNumber"":""acc_YNU03K4EL3"",""reference"":""UTRJP1XXRSK""}",tx_m3qvdzhsrq
tx_7quidxyk6g6,BANK_STATEMENT,UTRMJOV690N,3813569,INR,2026-07-08,2026-08-22T20:43:29.050Z,BANK_CREDIT_SETTLEMENT: 38135.69 INR,"{""sourceAccountNumber"":""acc_KL44G7NILN"",""reference"":""UTRMJOV690N""}",tx_r5xhjqergm
tx_xv12xw96rj,BANK_STATEMENT,UTR7SKVF20N,3304515,INR,2026-08-03,2026-08-23T08:33:59.050Z,BANK_CREDIT_SETTLEMENT: 33045.15 INR,"{""sourceAccountNumber"":""acc_ELUZHVR7ASI"",""reference"":""UTR7SKVF20N""}",tx_i51c170n2a
tx_1t9e5753izn,BANK_STATEMENT,UTRU6K2XUZW,198559,INR,2026-08-14,2026-08-23T15:35:47.050Z,BANK_CREDIT_SETTLEMENT: 1985.59 INR,"{""sourceAccountNumber"":""acc_B9T70GVF5D8"",""reference"":""UTRU6K2XUZW""}",tx_0a2nhopb9v5b
tx_jsxn847omus,BANK_STATEMENT,UTR2JY6H11A,4085228,INR,2026-07-24,2026-08-23T09:47:48.050Z,BANK_CREDIT_SETTLEMENT: 40852.28 INR,"{""sourceAccountNumber"":""acc_7KC9K0NAC1"",""reference"":""UTR2JY6H11A""}",tx_fuj5vy93i3h
tx_5yz1iwsm16b,BANK_STATEMENT,UTRJSQ38R53,3381496,INR,2026-07-30,2026-08-23T16:44:28.050Z,BANK_CREDIT_SETTLEMENT: 33814.96 INR,"{""sourceAccountNumber"":""acc_12IF699OF6UH"",""reference"":""UTRJSQ38R53""}",tx_svsi87ksafe
tx_4fhr4pzo5k,BANK_STATEMENT,UTRM15Z5JJN,2052512,INR,2026-08-03,2026-08-23T00:34:23.050Z,BANK_CREDIT_SETTLEMENT: 20525.12 INR,"{""sourceAccountNumber"":""acc_SAPCEGL0D5"",""reference"":""UTRM15Z5JJN""}",tx_j653nu8s48r
tx_d17sw95g5m9,BANK_STATEMENT,UTRG2RMX8HR,2945587,INR,2026-07-20,2026-08-23T06:09:14.050Z,BANK_CREDIT_SETTLEMENT: 29455.87 INR,"{""sourceAccountNumber"":""acc_IJ0Z3PSQF0H"",""reference"":""UTRG2RMX8HR""}",tx_xd9kizf0job
tx_qqp6x4zdsx,BANK_STATEMENT,UTRG62WVGX5,3102311,INR,2026-07-17,2026-08-23T10:27:40.050Z,BANK_CREDIT_SETTLEMENT: 31023.11 INR,"{""sourceAccountNumber"":""acc_WTFNK0CD82K"",""reference"":""UTRG62WVGX5""}",tx_wzqwf8ejw3
tx_lcu4opi5cd,BANK_STATEMENT,UTRVPXIMDQH,2441387,INR,2026-07-28,2026-08-23T08:22:56.050Z,BANK_CREDIT_SETTLEMENT: 24413.87 INR,"{""sourceAccountNumber"":""acc_8CEV353LWSV"",""reference"":""UTRVPXIMDQH""}",tx_df3jp2xcjk
tx_83feuyglpx9,BANK_STATEMENT,UTR0UNGM23L,664205,INR,2026-08-14,2026-08-23T07:06:16.050Z,BANK_CREDIT_SETTLEMENT: 6642.05 INR,"{""sourceAccountNumber"":""acc_XEPNGZ292GC"",""reference"":""UTR0UNGM23L""}",tx_2jslwgl0gom
tx_rh3pm22kfm,BANK_STATEMENT,UTRYCPK7OT1,3030503,INR,2026-08-19,2026-08-22T02:07:45.050Z,BANK_CREDIT: 30305.03 INR - SOFTWARE_LICENSE_RENEWAL,"{""sourceAccountNumber"":""acc_3YFS8JYQ7L3""}",
tx_9d1r6o6jyza,BANK_STATEMENT,UTR2U4VMIX1,1137704,INR,2026-07-23,2026-08-22T20:03:56.050Z,BANK_CREDIT_SETTLEMENT: 11377.04 INR,"{""sourceAccountNumber"":""acc_1H6R0K3ZJF7"",""reference"":""UTR2U4VMIX1""}",tx_91uhxx6sbmf
tx_y7zs11rcj4,BANK_STATEMENT,UTRUDW7V8QL,1421229,INR,2026-07-18,2026-08-23T13:27:58.050Z,BANK_CREDIT_SETTLEMENT: 14212.29 INR,"{""sourceAccountNumber"":""acc_XZVTCSSGZXP"",""reference"":""UTRUDW7V8QL""}",tx_6i3qpyuy4s
tx_628wwoa6zli,BANK_STATEMENT,UTRS7XXES6D,326432,INR,2026-07-20,2026-08-23T05:15:26.050Z,BANK_CREDIT_SETTLEMENT: 3264.32 INR,"{""sourceAccountNumber"":""acc_HHXF9BMA3UP"",""reference"":""UTRS7XXES6D""}",tx_4trcxzn7a3o
tx_zvw2jqdczpd,BANK_STATEMENT,UTRFEDYB1ON,662968,INR,2026-08-03,2026-08-22T19:18:41.050Z,BANK_CREDIT_SETTLEMENT: 6629.68 INR,"{""sourceAccountNumber"":""acc_ZJK4Z9Q422H"",""reference"":""UTRFEDYB1ON""}",tx_0km80jz6h9j
tx_kdrpf5er7o,BANK_STATEMENT,UTRH41DRXUM,1508766,INR,2026-08-08,2026-08-23T03:31:00.050Z,BANK_CREDIT_SETTLEMENT: 15087.66 INR,"{""sourceAccountNumber"":""acc_HLGYG4WWD0W"",""reference"":""UTRH41DRXUM""}",tx_un10uqx45gm
tx_8obvl9ey17,BANK_STATEMENT,UTRJU3Y0KV2,1116070,INR,2026-07-17,2026-08-22T23:09:45.050Z,BANK_CREDIT_SETTLEMENT: 11160.7 INR,"{""sourceAccountNumber"":""acc_1BGVN3P81EC"",""reference"":""UTRJU3Y0KV2""}",tx_xdh1z39t3ql
tx_fzlp5btjcx,BANK_STATEMENT,UTR1YGJXPFU,1113620,INR,2026-08-20,2026-08-23T09:08:02.050Z,BANK_CREDIT_SETTLEMENT: 11136.2 INR,"{""sourceAccountNumber"":""acc_ZU6027GBXA"",""reference"":""UTR1YGJXPFU""}",tx_9ai01zxjyp9
tx_1bxymhgj5s3,BANK_STATEMENT,UTRSGFKY14A,762987,INR,2026-07-31,2026-08-23T09:51:41.050Z,BANK_CREDIT_SETTLEMENT: 7629.87 INR,"{""sourceAccountNumber"":""acc_THZQREFJ3AP"",""reference"":""UTRSGFKY14A""}",tx_0616a9toei67
tx_bpfs9j86xs8,BANK_STATEMENT,UTRN91J2Z3M,4259828,INR,2026-08-14,2026-08-22T05:17:25.050Z,BANK_CREDIT: 42598.28 INR - ONLINE_SUBSCRIPTION_PURCHASE,"{""sourceAccountNumber"":""acc_3WK51SHSVYE""}",
tx_z4gznkw3s7b,BANK_STATEMENT,UTRUBYICBHF,3964684,INR,2026-07-16,2026-08-22T04:11:08.050Z,BANK_CREDIT: 39646.84 INR - ONLINE_SUBSCRIPTION_PURCHASE,"{""sourceAccountNumber"":""acc_RJG04YN1X5""}",
tx_x23qi7hprnk,BANK_STATEMENT,UTR79ZD3RD0,3692436,INR,2026-08-11,2026-08-23T07:28:57.050Z,BANK_CREDIT_SETTLEMENT: 36924.36 INR,"{""sourceAccountNumber"":""acc_PFWBXQF4NVH"",""reference"":""UTR79ZD3RD0""}",tx_rztddx85o2
tx_915msdxwkb,BANK_STATEMENT,UTR6KJ5Q2DE,2721846,INR,2026-08-13,2026-08-23T10:13:42.050Z,BANK_CREDIT_SETTLEMENT: 27218.46 INR,"{""sourceAccountNumber"":""acc_AMYMFGK4Q09"",""reference"":""UTR6KJ5Q2DE""}",tx_csvgboqbi5f
tx_q5ce5xwkm0j,BANK_STATEMENT,UTR7LOUE7AK,2313954,INR,2026-08-10,2026-08-23T12:41:04.050Z,BANK_CREDIT_SETTLEMENT: 23139.54 INR,"{""sourceAccountNumber"":""acc_X362MU5MU7R"",""reference"":""UTR7LOUE7AK""}",tx_7zibe7whdcq
tx_fp1o17w556p,BANK_STATEMENT,UTRKJ731AO2,3882960,INR,2026-08-18,2026-08-22T14:03:08.050Z,BANK_CREDIT: 38829.6 INR - ONLINE_SUBSCRIPTION_PURCHASE,"{""sourceAccountNumber"":""acc_72RQHYZ8TZG""}",
tx_hhz66byc1wo,BANK_STATEMENT,UTR3T5TIMYV,1963818,INR,2026-08-03,2026-08-23T03:08:37.050Z,BANK_CREDIT_SETTLEMENT: 19638.18 INR,"{""sourceAccountNumber"":""acc_NJXL81D99X"",""reference"":""UTR3T5TIMYV""}",tx_amwwezxqmaq
tx_xmo0n9r3cd,BANK_STATEMENT,UTRB4XY9M1G,3165277,INR,2026-08-19,2026-08-22T23:10:00.050Z,BANK_CREDIT_SETTLEMENT: 31652.77 INR,"{""sourceAccountNumber"":""acc_QISVDL0BEG"",""reference"":""UTRB4XY9M1G""}",tx_xj5qvllt5i
tx_l2qp5mtmqt,BANK_STATEMENT,UTRQXAH8JTP,4051453,INR,2026-07-23,2026-08-23T06:30:41.050Z,BANK_CREDIT_SETTLEMENT: 40514.53 INR,"{""sourceAccountNumber"":""acc_DYCSVNX8KJE"",""reference"":""UTRQXAH8JTP""}",tx_h3n2w70k7a
tx_o79fttcqfu,BANK_STATEMENT,UTRT2V6RVR1,3896605,INR,2026-08-18,2026-08-23T12:20:18.050Z,BANK_CREDIT_SETTLEMENT: 38966.05 INR,"{""sourceAccountNumber"":""acc_FC7H3YNOVC"",""reference"":""UTRT2V6RVR1""}",tx_gx99b5ubivl
tx_ltuklo9y3h,BANK_STATEMENT,UTR6H6XK4GC,2058766,INR,2026-08-14,2026-08-23T10:55:27.050Z,BANK_CREDIT_SETTLEMENT: 20587.66 INR,"{""sourceAccountNumber"":""acc_4J4ODP0T9UW"",""reference"":""UTR6H6XK4GC""}",tx_aah95snwj28
tx_p2pul06r2i,BANK_STATEMENT,UTROAMSKW1N,612078,INR,2026-08-08,2026-08-23T16:40:33.050Z,BANK_CREDIT_SETTLEMENT: 6120.78 INR,"{""sourceAccountNumber"":""acc_1ABLNC1WDI5"",""reference"":""UTROAMSKW1N""}",tx_x0o5vrhjor
tx_q39n2r5xbyn,BANK_STATEMENT,UTR7LKK51TY,4172526,INR,2026-08-03,2026-08-22T23:59:22.050Z,BANK_CREDIT_SETTLEMENT: 41725.26 INR,"{""sourceAccountNumber"":""acc_3YH3T7F0KGU"",""reference"":""UTR7LKK51TY""}",tx_6jya4999no4
tx_mfsn0jfm7qn,BANK_STATEMENT,UTRP1WN1YZC,3979398,INR,2026-08-18,2026-08-22T23:02:17.050Z,BANK_CREDIT_SETTLEMENT: 39793.98 INR,"{""sourceAccountNumber"":""acc_1CXC1N173SZ"",""reference"":""UTRP1WN1YZC""}",tx_26k08oob07n
tx_edzbakb58b,BANK_STATEMENT,UTR6LJL38L6,2760982,INR,2026-08-04,2026-08-23T17:33:05.050Z,BANK_CREDIT_SETTLEMENT: 27609.82 INR,"{""sourceAccountNumber"":""acc_4GX1C5G1R3N"",""reference"":""UTR6LJL38L6""}",tx_gci36b2m4n
tx_v8lo9a4x7c9,BANK_STATEMENT,UTR9NDADLG4,2758076,INR,2026-07-16,2026-08-23T12:00:59.050Z,BANK_CREDIT_SETTLEMENT: 27580.76 INR,"{""sourceAccountNumber"":""acc_W3BTLPV343"",""reference"":""UTR9NDADLG4""}",tx_tbekmk4t3ud
tx_dum77fha9u,BANK_STATEMENT,UTRRHN43O0E,3264020,INR,2026-07-10,2026-08-23T07:18:33.050Z,BANK_CREDIT_SETTLEMENT: 32640.2 INR,"{""sourceAccountNumber"":""acc_LZTC620AC4T"",""reference"":""UTRRHN43O0E""}",tx_hcy4g4gbebc
tx_ui7rw4w1qm,BANK_STATEMENT,UTRRK0N260B,137977,INR,2026-07-15,2026-08-22T06:08:10.050Z,BANK_CREDIT: 1379.77 INR - SOFTWARE_LICENSE_RENEWAL,"{""sourceAccountNumber"":""acc_GW228I1YWYC""}",
tx_tg8zaa9rk1,BANK_STATEMENT,UTRYV289Q9M,362992,INR,2026-08-07,2026-08-22T21:27:25.050Z,BANK_CREDIT_SETTLEMENT: 3629.92 INR,"{""sourceAccountNumber"":""acc_TXZD60PSPRA"",""reference"":""UTRYV289Q9M""}",tx_gs2yol6cef
tx_hdyhiap48ze,BANK_STATEMENT,UTROIF1V3XR,4190321,INR,2026-07-28,2026-08-22T19:38:29.050Z,BANK_CREDIT_SETTLEMENT: 41903.21 INR,"{""sourceAccountNumber"":""acc_MY29QSXR4CP"",""reference"":""UTROIF1V3XR""}",tx_65h8fuc7w39
tx_4dbesxssemw,BANK_STATEMENT,UTRD6RJUNNL,1817352,INR,2026-08-05,2026-08-22T21:10:52.050Z,BANK_CREDIT_SETTLEMENT: 18173.52 INR,"{""sourceAccountNumber"":""acc_63TQCGBI8G"",""reference"":""UTRD6RJUNNL""}",tx_0rdtllr5avx
tx_t7zkjbeng3,BANK_STATEMENT,UTRVY124NYY,4270763,INR,2026-08-05,2026-08-23T17:42:46.050Z,BANK_CREDIT_SETTLEMENT: 42707.63 INR,"{""sourceAccountNumber"":""acc_CJO11BKI0JC"",""reference"":""UTRVY124NYY""}",tx_3520puk1f2h
tx_nkm2ei0mpd,BANK_STATEMENT,UTRWGJQPS7V,238808,INR,2026-08-13,2026-08-22T23:55:56.050Z,BANK_CREDIT_SETTLEMENT: 2388.08 INR,"{""sourceAccountNumber"":""acc_1LIW0DC1V5L"",""reference"":""UTRWGJQPS7V""}",tx_shxcc6a1adj
tx_o19yy7m2n9r,BANK_STATEMENT,UTRRQPEHK40,3165939,INR,2026-07-09,2026-08-23T05:25:56.050Z,BANK_CREDIT_SETTLEMENT: 31659.39 INR,"{""sourceAccountNumber"":""acc_5AIGYHU8KGO"",""reference"":""UTRRQPEHK40""}",tx_m4xpcb3op8
tx_fhb7p96a2g,BANK_STATEMENT,UTRED1D56OP,1213503,INR,2026-07-13,2026-08-23T15:26:31.050Z,BANK_CREDIT_SETTLEMENT: 12135.03 INR,"{""sourceAccountNumber"":""acc_533XCBK97DK"",""reference"":""UTRED1D56OP""}",tx_ur3qvo9r35
tx_gqkigr22fy,BANK_STATEMENT,UTRV3QQIQIR,1082838,INR,2026-08-03,2026-08-23T14:38:27.050Z,BANK_CREDIT_SETTLEMENT: 10828.38 INR,"{""sourceAccountNumber"":""acc_CGC3FN83QKS"",""reference"":""UTRV3QQIQIR""}",tx_w3dx4nub0u
tx_mtn41nwa3f8,BANK_STATEMENT,UTRMBT2V4HK,499499,INR,2026-07-17,2026-08-23T06:55:12.050Z,BANK_CREDIT_SETTLEMENT: 4994.99 INR,"{""sourceAccountNumber"":""acc_5Y1OFWAPDAK"",""reference"":""UTRMBT2V4HK""}",tx_unm62xczbz
tx_zfs2zu693v,BANK_STATEMENT,UTR6N25RTK8,3974839,INR,2026-08-10,2026-08-23T06:22:23.050Z,BANK_CREDIT_SETTLEMENT: 39748.39 INR,"{""sourceAccountNumber"":""acc_361FLX8BACG"",""reference"":""UTR6N25RTK8""}",tx_t29ss6ojr9
tx_qnk8ey0usol,BANK_STATEMENT,UTRFR5FS4XF,2318433,INR,2026-07-20,2026-08-23T16:12:01.050Z,BANK_CREDIT_SETTLEMENT: 23184.33 INR,"{""sourceAccountNumber"":""acc_JFYC0C4C5W"",""reference"":""UTRFR5FS4XF""}",tx_ennrp4lr6yh
tx_r9ku7tkald,BANK_STATEMENT,UTRGEOJ5TWF,4348383,INR,2026-07-17,2026-08-22T21:53:20.050Z,BANK_CREDIT_SETTLEMENT: 43483.83 INR,"{""sourceAccountNumber"":""acc_MW6JME9KBCR"",""reference"":""UTRGEOJ5TWF""}",tx_a9ngqo83jgj
tx_j34wrt7bz6q,BANK_STATEMENT,UTRKD6LMW1J,3858679,INR,2026-08-19,2026-08-22T11:12:20.050Z,BANK_CREDIT: 38586.79 INR - ONLINE_SUBSCRIPTION_PURCHASE,"{""sourceAccountNumber"":""acc_TJ10VU2PZ4S""}",
tx_gtl3y2ksz6f,BANK_STATEMENT,UTR74U7XV5E,4278605,INR,2026-07-24,2026-08-23T04:53:34.050Z,BANK_CREDIT_SETTLEMENT: 42786.05 INR,"{""sourceAccountNumber"":""acc_BNAEZFIAZ0T"",""reference"":""UTR74U7XV5E""}",tx_uawjp3gjsu
tx_dmuauk199zv,BANK_STATEMENT,UTRAEATK4GA,1953459,INR,2026-08-16,2026-08-23T07:13:48.050Z,BANK_CREDIT_SETTLEMENT: 19534.59 INR,"{""sourceAccountNumber"":""acc_PJFNHQ47GIS"",""reference"":""UTRAEATK4GA""}",tx_pcvpmu64we
tx_u22mup02f9,BANK_STATEMENT,UTR5K45QKLK,1752191,INR,2026-08-13,2026-08-23T10:01:49.050Z,BANK_CREDIT_SETTLEMENT: 17521.91 INR,"{""sourceAccountNumber"":""acc_M6Y145ICS8"",""reference"":""UTR5K45QKLK""}",tx_uqby5ejjwfg
tx_3kzm7l85mat,BANK_STATEMENT,UTRMV7QI0MV,1229576,INR,2026-08-03,2026-08-23T10:22:36.050Z,BANK_CREDIT_SETTLEMENT: 12295.76 INR,"{""sourceAccountNumber"":""acc_5XYYLW8KCGT"",""reference"":""UTRMV7QI0MV""}",tx_2xvko9zuhq
tx_z3yog97mwz,BANK_STATEMENT,UTRHXIH8Z83,723573,INR,2026-08-14,2026-08-23T12:31:14.051Z,BANK_CREDIT_SETTLEMENT: 7235.73 INR,"{""sourceAccountNumber"":""acc_LQMWALLEZMS"",""reference"":""UTRHXIH8Z83""}",tx_e5vdjulqmq
tx_jd8heaxuyy9,BANK_STATEMENT,UTRBF16SKEK,2206136,INR,2026-08-05,2026-08-23T14:02:49.051Z,BANK_CREDIT_SETTLEMENT: 22061.36 INR,"{""sourceAccountNumber"":""acc_WZMRRV4EGU"",""reference"":""UTRBF16SKEK""}",tx_5kcxp0key5w
tx_8bj12gaxx3l,BANK_STATEMENT,UTR0Y1FCOGM,701409,INR,2026-08-12,2026-08-23T10:08:37.051Z,BANK_CREDIT_SETTLEMENT: 7014.09 INR,"{""sourceAccountNumber"":""acc_8KHMW0T19YP"",""reference"":""UTR0Y1FCOGM""}",tx_ak4hle5u0t8
tx_vlyhcd3r73,BANK_STATEMENT,UTRNJEKHYS8,3390587,INR,2026-07-28,2026-08-23T05:56:17.051Z,BANK_CREDIT_SETTLEMENT: 33905.87 INR,"{""sourceAccountNumber"":""acc_FE1MIZ6EXNO"",""reference"":""UTRNJEKHYS8""}",tx_1pxyga0l37z
tx_8jc398iwb6a,BANK_STATEMENT,UTRZZVFPY5C,2325400,INR,2026-07-23,2026-08-23T06:40:19.051Z,BANK_CREDIT_SETTLEMENT: 23254 INR,"{""sourceAccountNumber"":""acc_WRB2117V46"",""reference"":""UTRZZVFPY5C""}",tx_299imf6kbiy
tx_jne5o988j5,BANK_STATEMENT,UTRTRPOCNSO,2710366,INR,2026-07-24,2026-08-22T18:50:27.051Z,BANK_CREDIT_SETTLEMENT: 27103.66 INR,"{""sourceAccountNumber"":""acc_117IKYLWS30M"",""reference"":""UTRTRPOCNSO""}",tx_i1z71piftuk
tx_e4d3oxhm2jp,BANK_STATEMENT,UTR9QPBJBGB,2356943,INR,2026-08-07,2026-08-22T23:34:35.051Z,BANK_CREDIT_SETTLEMENT: 23569.43 INR,"{""sourceAccountNumber"":""acc_RPRO6BP5SRJ"",""reference"":""UTR9QPBJBGB""}",tx_qhyqbodcdx
tx_ltzoilv5h4,BANK_STATEMENT,UTR2O1OT6EI,3130543,INR,2026-07-11,2026-08-23T06:23:26.051Z,BANK_CREDIT_SETTLEMENT: 31305.43 INR,"{""sourceAccountNumber"":""acc_3M6J011X5H8"",""reference"":""UTR2O1OT6EI""}",tx_aqhsni3vytr
tx_no5akw1lwrs,BANK_STATEMENT,UTR3SAEE6H2,224923,INR,2026-08-22,2026-08-22T19:39:48.051Z,BANK_CREDIT_SETTLEMENT: 2249.23 INR,"{""sourceAccountNumber"":""acc_F4RHUVAO5ED"",""reference"":""UTR3SAEE6H2""}",tx_33hu0me6a0g
tx_sjbf8kn3fh,BANK_STATEMENT,UTR72Z1XDR7,1062180,INR,2026-08-06,2026-08-22T19:53:44.051Z,BANK_CREDIT_SETTLEMENT: 10621.8 INR,"{""sourceAccountNumber"":""acc_ARIOQFBABN"",""reference"":""UTR72Z1XDR7""}",tx_c74ghcb1mzm
tx_wkbcy0413z,BANK_STATEMENT,UTR6PLZN9HC,1169147,INR,2026-07-16,2026-08-23T09:09:06.051Z,BANK_CREDIT_SETTLEMENT: 11691.47 INR,"{""sourceAccountNumber"":""acc_5LZR5FV2U8Y"",""reference"":""UTR6PLZN9HC""}",tx_edyjx51hwlh
tx_nopvg68v9k,BANK_STATEMENT,UTRBCOKPPG9,4346822,INR,2026-07-13,2026-08-23T16:12:24.051Z,BANK_CREDIT_SETTLEMENT: 43468.22 INR,"{""sourceAccountNumber"":""acc_G066VY4RYFE"",""reference"":""UTRBCOKPPG9""}",tx_bwh3z5e1x2v
tx_ycmee8cnt0b,BANK_STATEMENT,UTRX76SXGJL,3191527,INR,2026-07-09,2026-08-23T04:26:21.051Z,BANK_CREDIT_SETTLEMENT: 31915.27 INR,"{""sourceAccountNumber"":""acc_J1KZH2TV02"",""reference"":""UTRX76SXGJL""}",tx_ml7mbp2u5zg
tx_ovcyre7d5vc,BANK_STATEMENT,UTRN5PHHXJS,153884,INR,2026-07-22,2026-08-22T13:49:35.051Z,BANK_CREDIT: 1538.84 INR - MONTHLY_SERVICE_SUBSCRIPTION,"{""sourceAccountNumber"":""acc_L9XC2XCC14A""}",
tx_vvkgb03nqu,BANK_STATEMENT,UTRJDD6X4IJ,256233,INR,2026-08-06,2026-08-23T18:02:51.051Z,BANK_CREDIT_SETTLEMENT: 2562.33 INR,"{""sourceAccountNumber"":""acc_TSGB5NJ5GVQ"",""reference"":""UTRJDD6X4IJ""}",tx_31spns169ml
tx_xpsnbvw77b,BANK_STATEMENT,UTRT6OKMPSU,3209868,INR,2026-08-04,2026-08-23T05:24:46.051Z,BANK_CREDIT_SETTLEMENT: 32098.68 INR,"{""sourceAccountNumber"":""acc_VSKROMRLID"",""reference"":""UTRT6OKMPSU""}",tx_0b5k3lxu2ff7
tx_xxtxziqy8,BANK_STATEMENT,UTRIA0LQDCB,3459484,INR,2026-07-11,2026-08-23T04:38:53.051Z,BANK_CREDIT_SETTLEMENT: 34594.84 INR,"{""sourceAccountNumber"":""acc_1K22HM6QCI9J"",""reference"":""UTRIA0LQDCB""}",tx_r6l0udz7q7j
tx_gqiy8mxg87r,BANK_STATEMENT,UTRJ3TQ3EUL,1285255,INR,2026-08-17,2026-08-23T10:46:32.051Z,BANK_CREDIT_SETTLEMENT: 12852.55 INR,"{""sourceAccountNumber"":""acc_MTV9DZE67D"",""reference"":""UTRJ3TQ3EUL""}",tx_dnw5pe1fxag
tx_mdfie118c4,BANK_STATEMENT,UTRW66EETID,1713931,INR,2026-07-12,2026-08-23T10:36:41.051Z,BANK_CREDIT_SETTLEMENT: 17139.31 INR,"{""sourceAccountNumber"":""acc_ZFYAC7TPIJ"",""reference"":""UTRW66EETID""}",tx_8d6iu9vd99t
tx_85pngyrg1l3,BANK_STATEMENT,UTRX6A39SOD,2699496,INR,2026-07-30,2026-08-22T21:33:16.051Z,BANK_CREDIT_SETTLEMENT: 26994.96 INR,"{""sourceAccountNumber"":""acc_6XBRA4H21KO"",""reference"":""UTRX6A39SOD""}",tx_mzuhu21155s
tx_yecb38si0zh,BANK_STATEMENT,UTR56KPCWV9,3145670,INR,2026-08-18,2026-08-22T09:03:49.051Z,BANK_CREDIT: 31456.7 INR - PLATFORM_MAINTENANCE_FEE,"{""sourceAccountNumber"":""acc_QDPUK1DB9HF""}",
tx_nr03i37ac6,BANK_STATEMENT,UTR0ZJJ71H7,457416,INR,2026-08-04,2026-08-23T07:42:33.051Z,BANK_CREDIT_SETTLEMENT: 4574.16 INR,"{""sourceAccountNumber"":""acc_RJ992NTF3PE"",""reference"":""UTR0ZJJ71H7""}",tx_14q67116a8f
tx_ix6e4rt29b,BANK_STATEMENT,UTRWM72I8WJ,1912904,INR,2026-07-25,2026-08-23T13:18:36.051Z,BANK_CREDIT_SETTLEMENT: 19129.04 INR,"{""sourceAccountNumber"":""acc_U8NW9TNONZG"",""reference"":""UTRWM72I8WJ""}",tx_33579gvjqhk
tx_djnkyb9i0b5,BANK_STATEMENT,UTR9X9MBT1Z,3395085,INR,2026-07-27,2026-08-23T14:36:12.051Z,BANK_CREDIT_SETTLEMENT: 33950.85 INR,"{""sourceAccountNumber"":""acc_IKLN6Q9FAHR"",""reference"":""UTR9X9MBT1Z""}",tx_a7y3tyc9uoq
tx_go82lmq4pp9,BANK_STATEMENT,UTRF9KV8386,3439901,INR,2026-07-13,2026-08-23T10:10:27.051Z,BANK_CREDIT_SETTLEMENT: 34399.01 INR,"{""sourceAccountNumber"":""acc_U75E7Z432D"",""reference"":""UTRF9KV8386""}",tx_62a9hqa2alt
tx_pnmos8fmogs,BANK_STATEMENT,UTRI0CTG6JE,3959104,INR,2026-07-10,2026-08-23T11:35:09.051Z,BANK_CREDIT_SETTLEMENT: 39591.04 INR,"{""sourceAccountNumber"":""acc_WI9T3UCV6R"",""reference"":""UTRI0CTG6JE""}",tx_wu9iy521ad9
tx_81bwfa0434e,BANK_STATEMENT,UTRU0SVZAL4,549659,INR,2026-08-08,2026-08-23T00:53:39.051Z,BANK_CREDIT_SETTLEMENT: 5496.59 INR,"{""sourceAccountNumber"":""acc_DK3602266TD"",""reference"":""UTRU0SVZAL4""}",tx_yp4mrn474yn
tx_9efl1o0q004,BANK_STATEMENT,UTR4VKES0E9,3312294,INR,2026-07-22,2026-08-23T05:01:23.051Z,BANK_CREDIT_SETTLEMENT: 33122.94 INR,"{""sourceAccountNumber"":""acc_FERG3SMKVAB"",""reference"":""UTR4VKES0E9""}",tx_ykdudb23oa8
tx_tk3s2121yh8,BANK_STATEMENT,UTR50NBQIZY,3694436,INR,2026-07-25,2026-08-23T08:03:35.051Z,BANK_CREDIT_SETTLEMENT: 36944.36 INR,"{""sourceAccountNumber"":""acc_KMHI179NSGH"",""reference"":""UTR50NBQIZY""}",tx_ux7168ejjbg
tx_r8tjd5aznq,BANK_STATEMENT,UTRF8W2XH2Z,3967047,INR,2026-08-07,2026-08-22T22:15:33.051Z,BANK_CREDIT_SETTLEMENT: 39670.47 INR,"{""sourceAccountNumber"":""acc_4CEZSWEY9BN"",""reference"":""UTRF8W2XH2Z""}",tx_o2otebfx39
tx_y8tnajslkgd,BANK_STATEMENT,UTR0BP1YJEV,1870790,INR,2026-08-22,2026-08-22T23:54:50.051Z,BANK_CREDIT_SETTLEMENT: 18707.9 INR,"{""sourceAccountNumber"":""acc_XDRUZAHLUFP"",""reference"":""UTR0BP1YJEV""}",tx_9nt5owgkgf
tx_n608ylsb8os,BANK_STATEMENT,UTR0P3EGAZE,1712406,INR,2026-07-29,2026-08-23T05:59:10.051Z,BANK_CREDIT_SETTLEMENT: 17124.06 INR,"{""sourceAccountNumber"":""acc_20HNKGLYXTJ"",""reference"":""UTR0P3EGAZE""}",tx_fol1kxb6ysk
tx_0kdvzivuednc,BANK_STATEMENT,UTRFJ7DJRGI,1573783,INR,2026-07-30,2026-08-23T11:29:00.051Z,BANK_CREDIT_SETTLEMENT: 15737.83 INR,"{""sourceAccountNumber"":""acc_KTHTFD8HA3G"",""reference"":""UTRFJ7DJRGI""}",tx_4c9hhx4s6vq
tx_iseucoo6on,BANK_STATEMENT,UTR515PMN9Z,1135347,INR,2026-07-29,2026-08-23T05:05:18.051Z,BANK_CREDIT_SETTLEMENT: 11353.47 INR,"{""sourceAccountNumber"":""acc_VB9GBETJ1"",""reference"":""UTR515PMN9Z""}",tx_a08s3rzg8mo
tx_79qnm4rzo5,BANK_STATEMENT,UTRFMMLFXVS,2316744,INR,2026-08-18,2026-08-23T09:42:39.051Z,BANK_CREDIT_SETTLEMENT: 23167.44 INR,"{""sourceAccountNumber"":""acc_7QTJS0X4F2C"",""reference"":""UTRFMMLFXVS""}",tx_cawxjsgdpuf
tx_ylt0di8y1no,BANK_STATEMENT,UTRGTWO8V79,1710919,INR,2026-07-19,2026-08-22T14:36:12.051Z,BANK_CREDIT: 17109.19 INR - MONTHLY_SERVICE_SUBSCRIPTION,"{""sourceAccountNumber"":""acc_3PRUDUUG4HV""}",
tx_aokamoul3os,BANK_STATEMENT,UTRPBP4FS06,3915973,INR,2026-07-28,2026-08-23T13:23:07.051Z,BANK_CREDIT_SETTLEMENT: 39159.73 INR,"{""sourceAccountNumber"":""acc_O3664Y0NVAF"",""reference"":""UTRPBP4FS06""}",tx_x3yx7jw2w3
tx_1q3m1vfwj77,BANK_STATEMENT,UTRISNEFFNS,2316790,INR,2026-08-08,2026-08-22T21:38:22.051Z,BANK_CREDIT_SETTLEMENT: 23167.9 INR,"{""sourceAccountNumber"":""acc_QGQZ9KOLBCB"",""reference"":""UTRISNEFFNS""}",tx_wzlqo0gnls
tx_stkgfxbchfd,BANK_STATEMENT,UTRRSBPVKEA,1458554,INR,2026-07-31,2026-08-23T05:44:01.051Z,BANK_CREDIT_SETTLEMENT: 14585.54 INR,"{""sourceAccountNumber"":""acc_YIT43UGKQ6B"",""reference"":""UTRRSBPVKEA""}",tx_67zrda1epjd
tx_k4hzqab5zue,BANK_STATEMENT,UTR77AMSV9Q,3130119,INR,2026-09-01,2026-08-22T20:43:36.051Z,BANK_CREDIT_SETTLEMENT: 31301.19 INR,"{""sourceAccountNumber"":""acc_FED36HQ6MZU"",""reference"":""UTR77AMSV9Q""}",tx_anzl4tcmxa
tx_3npw6trim32,BANK_STATEMENT,UTR7P3K135M,2567687,INR,2026-07-14,2026-08-22T23:53:34.051Z,BANK_CREDIT_SETTLEMENT: 25676.87 INR,"{""sourceAccountNumber"":""acc_5166DQ2ZGRA"",""reference"":""UTR7P3K135M""}",tx_o7kosnag8tk
tx_87r3fiyle2r,BANK_STATEMENT,UTRDEPWMLH3,2437700,INR,2026-08-17,2026-08-23T12:45:27.051Z,BANK_CREDIT_SETTLEMENT: 24377 INR,"{""sourceAccountNumber"":""acc_BVZNY9CXCN"",""reference"":""UTRDEPWMLH3""}",tx_iprdah7hb5
tx_ce1728pjom,BANK_STATEMENT,UTRKA09ESZH,3124984,INR,2026-07-26,2026-08-23T03:31:44.051Z,BANK_CREDIT_SETTLEMENT: 31249.84 INR,"{""sourceAccountNumber"":""acc_IY5YI0ZL0J"",""reference"":""UTRKA09ESZH""}",tx_hhb8j2jdou
tx_uvmkz81r6jt,BANK_STATEMENT,UTR05Q0R3US,1355366,INR,2026-07-20,2026-08-23T14:25:53.051Z,BANK_CREDIT_SETTLEMENT: 13553.66 INR,"{""sourceAccountNumber"":""acc_LKILDNGBUMQ"",""reference"":""UTR05Q0R3US""}",tx_m1qu2xc5ex
tx_bmeqrbvvfss,BANK_STATEMENT,UTRLEKD5LKM,2316287,INR,2026-08-15,2026-08-23T01:22:22.051Z,BANK_CREDIT_SETTLEMENT: 23162.87 INR,"{""sourceAccountNumber"":""acc_4Y4JHL6UA7U"",""reference"":""UTRLEKD5LKM""}",tx_ydss8he2ccj
tx_skdtmnctvud,BANK_STATEMENT,UTRJR7E8TFZ,328147,INR,2026-08-05,2026-08-23T08:25:04.051Z,BANK_CREDIT_SETTLEMENT: 3281.47 INR,"{""sourceAccountNumber"":""acc_IDIGL1HHXW"",""reference"":""UTRJR7E8TFZ""}",tx_oggd1xwqqbh
tx_xhapokujg4n,BANK_STATEMENT,UTR653UMQPF,1552511,INR,2026-07-10,2026-08-21T23:03:07.051Z,BANK_CREDIT: 15525.11 INR - E_COMMERCE_ONE_TIME_SALE,"{""sourceAccountNumber"":""acc_W3OVY47BZU""}",
tx_ilk1wiu5adc,BANK_STATEMENT,UTRMR7OFG7P,3430849,INR,2026-07-16,2026-08-22T19:05:01.051Z,BANK_CREDIT_SETTLEMENT: 34308.49 INR,"{""sourceAccountNumber"":""acc_BSIP6FV6V96"",""reference"":""UTRMR7OFG7P""}",tx_6jvn9gfckuv
tx_q7xhlksirxn,BANK_STATEMENT,UTRKFN0FG0H,944781,INR,2026-08-04,2026-08-22T18:52:16.051Z,BANK_CREDIT_SETTLEMENT: 9447.81 INR,"{""sourceAccountNumber"":""acc_M05N5S92G7"",""reference"":""UTRKFN0FG0H""}",tx_u7vzrlyvu6i
tx_33twyczjwfp,BANK_STATEMENT,UTRK3SZ259D,4095699,INR,2026-08-09,2026-08-23T02:13:20.051Z,BANK_CREDIT_SETTLEMENT: 40956.99 INR,"{""sourceAccountNumber"":""acc_OPVJZUMVHOG"",""reference"":""UTRK3SZ259D""}",tx_qots5495fh
tx_mvk8cduddzh,BANK_STATEMENT,UTRMA35X5DA,3705423,INR,2026-07-11,2026-08-23T12:44:08.051Z,BANK_CREDIT_SETTLEMENT: 37054.23 INR,"{""sourceAccountNumber"":""acc_KKTL9OP9CXC"",""reference"":""UTRMA35X5DA""}",tx_oqa59mbwbok
tx_72i1525bnja,BANK_STATEMENT,UTR8MRVZ0GQ,1570249,INR,2026-08-17,2026-08-22T21:46:18.052Z,BANK_CREDIT_SETTLEMENT: 15702.49 INR,"{""sourceAccountNumber"":""acc_HIUX6D25N15"",""reference"":""UTR8MRVZ0GQ""}",tx_685i670n90n
tx_bedgyb8l71f,BANK_STATEMENT,UTRRFLWU1ZL,3400244,INR,2026-07-24,2026-08-23T18:23:21.052Z,BANK_CREDIT_SETTLEMENT: 34002.44 INR,"{""sourceAccountNumber"":""acc_SXSSCNOB09"",""reference"":""UTRRFLWU1ZL""}",tx_kp5howr7cfj
tx_mfrrblocmi,BANK_STATEMENT,UTRFCOCO6AJ,3660846,INR,2026-08-12,2026-08-23T11:52:17.052Z,BANK_CREDIT_SETTLEMENT: 36608.46 INR,"{""sourceAccountNumber"":""acc_YQB4YNDMZ6"",""reference"":""UTRFCOCO6AJ""}",tx_ye0tmzxvwyo
tx_rrr4lpr0pk,BANK_STATEMENT,UTRBJK86N80,2128387,INR,2026-07-24,2026-08-23T15:40:46.052Z,BANK_CREDIT_SETTLEMENT: 21283.87 INR,"{""sourceAccountNumber"":""acc_6CEWTLHJJJ9"",""reference"":""UTRBJK86N80""}",tx_nvxhwpziylt
tx_7ppctrk59rm,BANK_STATEMENT,UTRNV9CUZA0,3676961,INR,2026-08-12,2026-08-23T11:28:36.052Z,BANK_CREDIT_SETTLEMENT: 36769.61 INR,"{""sourceAccountNumber"":""acc_GOCTK4RAFWT"",""reference"":""UTRNV9CUZA0""}",tx_8ca2q41t8yn
tx_9tfbr2cwaiv,BANK_STATEMENT,UTRL2RUZBFD,2630573,INR,2026-07-14,2026-08-23T06:04:17.052Z,BANK_CREDIT_SETTLEMENT: 26305.73 INR,"{""sourceAccountNumber"":""acc_43RU2R7YU2Y"",""reference"":""UTRL2RUZBFD""}",tx_un64o4htj2a
tx_s0bnnynffi,BANK_STATEMENT,UTRYN7OCTAI,1072855,INR,2026-07-26,2026-08-23T10:57:57.052Z,BANK_CREDIT_SETTLEMENT: 10728.55 INR,"{""sourceAccountNumber"":""acc_FBUHG706QW7"",""reference"":""UTRYN7OCTAI""}",tx_cui18fyhq8j
tx_8ptn58jfq8b,BANK_STATEMENT,UTRCYZYFCCF,2869407,INR,2026-08-20,2026-08-23T03:53:03.052Z,BANK_CREDIT_SETTLEMENT: 28694.07 INR,"{""sourceAccountNumber"":""acc_0KQRAQBP5V2"",""reference"":""UTRCYZYFCCF""}",tx_k8dmrc5vzip
tx_ibhplqs43h,BANK_STATEMENT,UTR50S7L3H9,2192526,INR,2026-08-13,2026-08-23T18:01:41.052Z,BANK_CREDIT_SETTLEMENT: 21925.26 INR,"{""sourceAccountNumber"":""acc_5EU56X5BK1"",""reference"":""UTR50S7L3H9""}",tx_0fv4hnh318xd
tx_v439bwxrsqk,BANK_STATEMENT,UTRFU8RJCD1,1511780,INR,2026-07-18,2026-08-23T13:38:23.052Z,BANK_CREDIT_SETTLEMENT: 15117.8 INR,"{""sourceAccountNumber"":""acc_ZPLQ4KTINEO"",""reference"":""UTRFU8RJCD1""}",tx_641d6ks5m9k
tx_qnn1l1rjm29,BANK_STATEMENT,UTRUJ6RMI4Z,2768626,INR,2026-07-08,2026-08-23T07:57:13.052Z,BANK_CREDIT_SETTLEMENT: 27686.26 INR,"{""sourceAccountNumber"":""acc_3RVQGV0M6MQ"",""reference"":""UTRUJ6RMI4Z""}",tx_e6etl8eh9p
tx_7yrvt8kvhpd,BANK_STATEMENT,UTROMZ9YPTV,3002228,INR,2026-08-15,2026-08-22T19:31:25.052Z,BANK_CREDIT_SETTLEMENT: 30022.28 INR,"{""sourceAccountNumber"":""acc_P85GT7YXXJ"",""reference"":""UTROMZ9YPTV""}",tx_4s3ed9lpmkg
tx_obdcfgms3z,BANK_STATEMENT,UTRX58J2UU0,1809095,INR,2026-07-13,2026-08-22T23:32:13.052Z,BANK_CREDIT_SETTLEMENT: 18090.95 INR,"{""sourceAccountNumber"":""acc_C123ZU4ASM6"",""reference"":""UTRX58J2UU0""}",tx_s171btsbuj
tx_ohg6su6swiq,BANK_STATEMENT,UTRQHUMTQ78,2552741,INR,2026-07-21,2026-08-23T09:25:37.052Z,BANK_CREDIT_SETTLEMENT: 25527.41 INR,"{""sourceAccountNumber"":""acc_KSEFD7IHFY"",""reference"":""UTRQHUMTQ78""}",tx_tac5nhkb9os
tx_ua5lj8vx4dd,BANK_STATEMENT,UTR6MN42FVL,3228450,INR,2026-07-24,2026-08-23T11:51:15.052Z,BANK_CREDIT_SETTLEMENT: 32284.5 INR,"{""sourceAccountNumber"":""acc_NHMEKP8N89"",""reference"":""UTR6MN42FVL""}",tx_639jnmjtb14
tx_j2o5g4lhhm,BANK_STATEMENT,UTRN2UKO4U7,1099054,INR,2026-07-16,2026-08-22T19:19:31.052Z,BANK_CREDIT_SETTLEMENT: 10990.54 INR,"{""sourceAccountNumber"":""acc_WVHDLO1RFM"",""reference"":""UTRN2UKO4U7""}",tx_wy3vgo6oh9
tx_c13lp15ubpd,BANK_STATEMENT,UTR5SA3R6GB,4157143,INR,2026-07-23,2026-08-23T14:18:21.052Z,BANK_CREDIT_SETTLEMENT: 41571.43 INR,"{""sourceAccountNumber"":""acc_UVWM6BTG5M"",""reference"":""UTR5SA3R6GB""}",tx_nvfnq34ycv
tx_4ka15xi8gsv,BANK_STATEMENT,UTRFB43XNP1,122624,INR,2026-08-14,2026-08-23T06:44:30.052Z,BANK_CREDIT_SETTLEMENT: 1226.24 INR,"{""sourceAccountNumber"":""acc_DUNMG1MHOTO"",""reference"":""UTRFB43XNP1""}",tx_3qzw6zv5i9q
tx_r6jf00biph,BANK_STATEMENT,UTRBMODUXCO,4158403,INR,2026-08-14,2026-08-23T10:30:24.052Z,BANK_CREDIT_SETTLEMENT: 41584.03 INR,"{""sourceAccountNumber"":""acc_UCY0ZNAO2FR"",""reference"":""UTRBMODUXCO""}",tx_8lymtern60y
tx_6d7t8a6xhai,BANK_STATEMENT,UTRDDA62EJ2,2281957,INR,2026-07-28,2026-08-22T21:45:10.052Z,BANK_CREDIT_SETTLEMENT: 22819.57 INR,"{""sourceAccountNumber"":""acc_8MPKI82N3GQ"",""reference"":""UTRDDA62EJ2""}",tx_ycjx6myimdp
tx_ao6cpc32f6l,BANK_STATEMENT,UTR4JENS0Q4,3482615,INR,2026-07-14,2026-08-23T16:00:59.052Z,BANK_CREDIT_SETTLEMENT: 34826.15 INR,"{""sourceAccountNumber"":""acc_JYTXCL6KLZ"",""reference"":""UTR4JENS0Q4""}",tx_vk4i2krs0j
tx_049kss6ttcwt,BANK_STATEMENT,UTRMDRHTW40,2545147,INR,2026-08-20,2026-08-23T15:37:22.052Z,BANK_CREDIT_SETTLEMENT: 25451.47 INR,"{""sourceAccountNumber"":""acc_A457O05M9L7"",""reference"":""UTRMDRHTW40""}",tx_l9pd2ulcccb
tx_1sy3bw6iiw2,BANK_STATEMENT,UTR87LERNN9,4189461,INR,2026-08-04,2026-08-22T19:22:56.052Z,BANK_CREDIT_SETTLEMENT: 41894.61 INR,"{""sourceAccountNumber"":""acc_TXJYLWBHIOK"",""reference"":""UTR87LERNN9""}",tx_k99oh6eoltb
tx_tyt1src55sq,BANK_STATEMENT,UTR11VLGXCL,2462120,INR,2026-08-16,2026-08-23T13:35:29.052Z,BANK_CREDIT_SETTLEMENT: 24621.2 INR,"{""sourceAccountNumber"":""acc_HL8D1OQXFTS"",""reference"":""UTR11VLGXCL""}",tx_nrruy39cfzn
tx_2jgr4owfovt,BANK_STATEMENT,UTRY7BKC7H8,3066663,INR,2026-07-19,2026-08-23T10:46:28.052Z,BANK_CREDIT_SETTLEMENT: 30666.63 INR,"{""sourceAccountNumber"":""acc_7ZO95RIL3J6"",""reference"":""UTRY7BKC7H8""}",tx_fm8t6d8pkf
tx_8ddl7tdbira,BANK_STATEMENT,UTRM97LSQV1,297676,INR,2026-07-27,2026-08-23T04:17:37.052Z,BANK_CREDIT_SETTLEMENT: 2976.76 INR,"{""sourceAccountNumber"":""acc_MKY0FMMA74A"",""reference"":""UTRM97LSQV1""}",tx_u3v2ighqcn
tx_r9w7tn3bpgi,BANK_STATEMENT,UTR2W547EL4,1148837,INR,2026-07-21,2026-08-23T11:43:23.052Z,BANK_CREDIT_SETTLEMENT: 11488.37 INR,"{""sourceAccountNumber"":""acc_64MFDA8OMEU"",""reference"":""UTR2W547EL4""}",tx_csvu7im2qnm
tx_xyadii9lje,BANK_STATEMENT,UTRYZQTXC4J,3358197,INR,2026-08-09,2026-08-23T18:01:14.052Z,BANK_CREDIT_SETTLEMENT: 33581.97 INR,"{""sourceAccountNumber"":""acc_31URZYQHN8V"",""reference"":""UTRYZQTXC4J""}",tx_0ddajyx2736m
tx_rddeeg1szkh,BANK_STATEMENT,UTRH4OJX5VE,4125066,INR,2026-07-10,2026-08-23T16:26:58.052Z,BANK_CREDIT_SETTLEMENT: 41250.66 INR,"{""sourceAccountNumber"":""acc_QB2FGMHGQRO"",""reference"":""UTRH4OJX5VE""}",tx_q94nwteagjo
tx_h74y8j6x7lt,BANK_STATEMENT,UTRUWH9CZAX,3587576,INR,2026-08-16,2026-08-22T22:36:21.052Z,BANK_CREDIT_SETTLEMENT: 35875.76 INR,"{""sourceAccountNumber"":""acc_PM5GJJ62NTA"",""reference"":""UTRUWH9CZAX""}",tx_ud6sk39n0ti
tx_agdbwoaecqr,BANK_STATEMENT,UTRSMFB00E4,4101807,INR,2026-07-19,2026-08-21T21:35:54.052Z,BANK_CREDIT: 41018.07 INR - REFUNDED_CUSTOMER_REQUEST,"{""sourceAccountNumber"":""acc_VL61QM2D4QK""}",
tx_eijwkrol6w,BANK_STATEMENT,UTRFTI3XDUU,2479325,INR,2026-08-13,2026-08-22T00:01:44.052Z,BANK_CREDIT: 24793.25 INR - REFUND_FOR_ORDER_INV_12345,"{""sourceAccountNumber"":""acc_12X4UXSGGGP""}",
tx_z1srhhqq9g,BANK_STATEMENT,UTRSEB9XDKP,396840,INR,2026-07-27,2026-08-23T13:58:36.052Z,BANK_CREDIT_SETTLEMENT: 3968.4 INR,"{""sourceAccountNumber"":""acc_KOAH7L1KBE"",""reference"":""UTRSEB9XDKP""}",tx_x99yjavqvca
tx_k9v7ss5zow,BANK_STATEMENT,UTRW85ZG25Y,3597323,INR,2026-07-19,2026-08-23T05:17:13.052Z,BANK_CREDIT_SETTLEMENT: 35973.23 INR,"{""sourceAccountNumber"":""acc_7M3UY5ZEAVB"",""reference"":""UTRW85ZG25Y""}",tx_27gvjlxyj45
tx_33qnlyd5unb,BANK_STATEMENT,UTR2AOW66YE,2908618,INR,2026-08-11,2026-08-22T20:30:02.052Z,BANK_CREDIT_SETTLEMENT: 29086.18 INR,"{""sourceAccountNumber"":""acc_LVRHBNTLJ98"",""reference"":""UTR2AOW66YE""}",tx_4ivdyoum1x7
tx_0z1lhxbuou7l,BANK_STATEMENT,UTRTU88L3EF,3833415,INR,2026-07-15,2026-08-23T02:27:50.052Z,BANK_CREDIT_SETTLEMENT: 38334.15 INR,"{""sourceAccountNumber"":""acc_D8H5QXMQDL7"",""reference"":""UTRTU88L3EF""}",tx_aqq7jr27yol
tx_08ytkiupitdg,BANK_STATEMENT,UTRHGMSSPPI,2959373,INR,2026-07-20,2026-08-23T03:49:55.052Z,BANK_CREDIT_SETTLEMENT: 29593.73 INR,"{""sourceAccountNumber"":""acc_FIBZSYTPCOM"",""reference"":""UTRHGMSSPPI""}",tx_0xlo4ykiinz9
tx_w976xfwqz1p,BANK_STATEMENT,UTRAVG4YF8R,1626902,INR,2026-08-12,2026-08-23T14:28:19.052Z,BANK_CREDIT_SETTLEMENT: 16269.02 INR,"{""sourceAccountNumber"":""acc_F96TXTB3RMJ"",""reference"":""UTRAVG4YF8R""}",tx_ehjez6qnq44
tx_8vkypuz2rby,BANK_STATEMENT,UTRBLZ9MK3H,3101094,INR,2026-07-16,2026-08-23T14:31:29.052Z,BANK_CREDIT_SETTLEMENT: 31010.94 INR,"{""sourceAccountNumber"":""acc_9X3S4LF3756"",""reference"":""UTRBLZ9MK3H""}",tx_9za73egwipw
tx_nurygyexazn,BANK_STATEMENT,UTR5X9DM6TI,1526179,INR,2026-08-17,2026-08-23T12:25:34.052Z,BANK_CREDIT_SETTLEMENT: 15261.79 INR,"{""sourceAccountNumber"":""acc_ZZK6PUKUWJ"",""reference"":""UTR5X9DM6TI""}",tx_8le4d56kj46
tx_kbgdlxpp16,BANK_STATEMENT,UTRA72N56JA,2981049,INR,2026-08-06,2026-08-23T07:32:52.052Z,BANK_CREDIT_SETTLEMENT: 29810.49 INR,"{""sourceAccountNumber"":""acc_92UDF1UDJTK"",""reference"":""UTRA72N56JA""}",tx_sbiknx8ukc
tx_pxdr208po2g,BANK_STATEMENT,UTRXI3JBZV4,2688723,INR,2026-08-07,2026-08-23T13:38:58.052Z,BANK_CREDIT_SETTLEMENT: 26887.23 INR,"{""sourceAccountNumber"":""acc_KS7EG8I5AT"",""reference"":""UTRXI3JBZV4""}",tx_cem4x1n6qcu
tx_kx8abo6xbgs,BANK_STATEMENT,UTR1DPOZ81N,3860648,INR,2026-07-31,2026-08-23T12:58:57.052Z,BANK_CREDIT_SETTLEMENT: 38606.48 INR,"{""sourceAccountNumber"":""acc_OQG2H35Q91"",""reference"":""UTR1DPOZ81N""}",tx_f1enyejhh7i
tx_bn8p0e8f8gd,BANK_STATEMENT,UTRKVPJIIEK,261430,INR,2026-08-10,2026-08-23T08:29:32.052Z,BANK_CREDIT_SETTLEMENT: 2614.3 INR,"{""sourceAccountNumber"":""acc_P297R6IIQDR"",""reference"":""UTRKVPJIIEK""}",tx_xsbbabpj04l
tx_6v4o28gpk,BANK_STATEMENT,UTRERBE0AZ0,3416876,INR,2026-07-16,2026-08-23T16:40:14.052Z,BANK_CREDIT_SETTLEMENT: 34168.76 INR,"{""sourceAccountNumber"":""acc_QPV8DCSWLW"",""reference"":""UTRERBE0AZ0""}",tx_9rm7otanhm
tx_649ruagx229,BANK_STATEMENT,UTRS2MNPCVP,3933188,INR,2026-07-07,2026-08-22T20:48:21.052Z,BANK_CREDIT_SETTLEMENT: 39331.88 INR,"{""sourceAccountNumber"":""acc_ZG5KW2A96XI"",""reference"":""UTRS2MNPCVP""}",tx_cvp07qc6gb5
tx_c5sdxq5zw8f,BANK_STATEMENT,UTRQM6TA60R,3545160,INR,2026-08-14,2026-08-22T22:10:36.052Z,BANK_CREDIT_SETTLEMENT: 35451.6 INR,"{""sourceAccountNumber"":""acc_JLCNNFB333A"",""reference"":""UTRQM6TA60R""}",tx_k8hyivbkts
tx_4b62pstsudr,BANK_STATEMENT,UTR3V3OIKR4,3518702,INR,2026-08-16,2026-08-23T14:35:20.052Z,BANK_CREDIT_SETTLEMENT: 35187.02 INR,"{""sourceAccountNumber"":""acc_5NVA5UGKCS6"",""reference"":""UTR3V3OIKR4""}",tx_tmv88s0c6te
tx_de35jb5uu59,BANK_STATEMENT,UTRV3F04TWD,1009879,INR,2026-07-14,2026-08-22T21:55:36.053Z,BANK_CREDIT_SETTLEMENT: 10098.79 INR,"{""sourceAccountNumber"":""acc_23HRG7KF4H4"",""reference"":""UTRV3F04TWD""}",tx_hcfjxabyj6s
tx_suqv3ev7vdr,BANK_STATEMENT,UTRJFHM73T9,2932209,INR,2026-08-09,2026-08-23T16:31:12.053Z,BANK_CREDIT_SETTLEMENT: 29322.09 INR,"{""sourceAccountNumber"":""acc_T5OBWDVRXEP"",""reference"":""UTRJFHM73T9""}",tx_m1rrade28m
tx_4oe83ttob1n,BANK_STATEMENT,UTRARMXLTS3,2720905,INR,2026-07-14,2026-08-23T17:10:08.053Z,BANK_CREDIT_SETTLEMENT: 27209.05 INR,"{""sourceAccountNumber"":""acc_MBR8SZKF55R"",""reference"":""UTRARMXLTS3""}",tx_2uj6bdyi2ja
tx_ct4ittvzvv,BANK_STATEMENT,UTR9F4UVW6K,3586695,INR,2026-08-14,2026-08-22T19:55:51.053Z,BANK_CREDIT_SETTLEMENT: 35866.95 INR,"{""sourceAccountNumber"":""acc_CIT6FE0E08"",""reference"":""UTR9F4UVW6K""}",tx_fdrutfiyyl
tx_cvtepc5kfg,BANK_STATEMENT,UTRGJOLQU62,1392304,INR,2026-08-15,2026-08-23T10:34:59.053Z,BANK_CREDIT_SETTLEMENT: 13923.04 INR,"{""sourceAccountNumber"":""acc_Q1D0L94VYG"",""reference"":""UTRGJOLQU62""}",tx_8ilp6djib0d
tx_8mogdcsge0n,BANK_STATEMENT,UTRV399UD74,2346100,INR,2026-08-06,2026-08-23T11:50:42.053Z,BANK_CREDIT_SETTLEMENT: 23461 INR,"{""sourceAccountNumber"":""acc_0RMS1JXN6AF"",""reference"":""UTRV399UD74""}",tx_uahwj0za9ra
tx_af538nvezs7,BANK_STATEMENT,UTR5X4DB31C,2351034,INR,2026-07-27,2026-08-22T21:26:52.053Z,BANK_CREDIT_SETTLEMENT: 23510.34 INR,"{""sourceAccountNumber"":""acc_YL67HB0GDP"",""reference"":""UTR5X4DB31C""}",tx_svnuqts9no
tx_iflohftqw9,BANK_STATEMENT,UTRX2MRI5EB,3253419,INR,2026-07-29,2026-08-22T22:44:28.053Z,BANK_CREDIT_SETTLEMENT: 32534.19 INR,"{""sourceAccountNumber"":""acc_7SC5TH7KAUS"",""reference"":""UTRX2MRI5EB""}",tx_gmc3bstacwd
tx_oq19k7rujfg,BANK_STATEMENT,UTRIV6XBQN1,3248641,INR,2026-07-21,2026-08-23T08:58:17.053Z,BANK_CREDIT_SETTLEMENT: 32486.41 INR,"{""sourceAccountNumber"":""acc_92E9XZPWF5"",""reference"":""UTRIV6XBQN1""}",tx_onc0n6cuik
tx_knwix3qi3m,BANK_STATEMENT,UTRPMCPKHZZ,1574395,INR,2026-08-10,2026-08-23T04:57:56.053Z,BANK_CREDIT_SETTLEMENT: 15743.95 INR,"{""sourceAccountNumber"":""acc_KPASCCPJ85"",""reference"":""UTRPMCPKHZZ""}",tx_nxx738v3l2
tx_0kjxu2uh6wb,BANK_STATEMENT,UTRD0XMYN7I,2713292,INR,2026-08-01,2026-08-23T16:23:49.053Z,BANK_CREDIT_SETTLEMENT: 27132.92 INR,"{""sourceAccountNumber"":""acc_VZ1OH812XT"",""reference"":""UTRD0XMYN7I""}",tx_jxm953dae4
tx_lwol9pt94w,BANK_STATEMENT,UTRAP9WJHA6,2205279,INR,2026-08-15,2026-08-23T06:34:52.053Z,BANK_CREDIT_SETTLEMENT: 22052.79 INR,"{""sourceAccountNumber"":""acc_7U4VZURMFQL"",""reference"":""UTRAP9WJHA6""}",tx_ivjpo9g93f
tx_gvkymdi6jzt,BANK_STATEMENT,UTR39XT3LJE,3147074,INR,2026-08-07,2026-08-23T17:36:00.053Z,BANK_CREDIT_SETTLEMENT: 31470.74 INR,"{""sourceAccountNumber"":""acc_SMQF7J3EY4A"",""reference"":""UTR39XT3LJE""}",tx_v2bwzi90ch
tx_otdg0x7k1xe,BANK_STATEMENT,UTR8C95798D,2107756,INR,2026-08-07,2026-08-23T06:16:55.053Z,BANK_CREDIT_SETTLEMENT: 21077.56 INR,"{""sourceAccountNumber"":""acc_2W9AGIB9L85"",""reference"":""UTR8C95798D""}",tx_8nctauunx3f
tx_eqw9uz44l9,BANK_STATEMENT,UTRS5E55MVV,1875202,INR,2026-08-04,2026-08-23T14:14:21.053Z,BANK_CREDIT_SETTLEMENT: 18752.02 INR,"{""sourceAccountNumber"":""acc_RTK376XD0E"",""reference"":""UTRS5E55MVV""}",tx_xctruvfigl
tx_74iycpcvwii,BANK_STATEMENT,UTR5O3WMN6V,1393365,INR,2026-07-26,2026-08-23T13:18:53.053Z,BANK_CREDIT_SETTLEMENT: 13933.65 INR,"{""sourceAccountNumber"":""acc_6E1QW2EQ0RS"",""reference"":""UTR5O3WMN6V""}",tx_6jg0tc7tt7b
tx_aqgwzzcd7w8,BANK_STATEMENT,UTRMXDOL3LE,728364,INR,2026-08-08,2026-08-23T12:16:47.053Z,BANK_CREDIT_SETTLEMENT: 7283.64 INR,"{""sourceAccountNumber"":""acc_ODHCTT20QGN"",""reference"":""UTRMXDOL3LE""}",tx_t33l4zef9p
tx_1eakcnb4ehv,BANK_STATEMENT,UTRF7CMAI8N,845667,INR,2026-08-02,2026-08-23T15:50:49.053Z,BANK_CREDIT_SETTLEMENT: 8456.67 INR,"{""sourceAccountNumber"":""acc_LQN76OX4GXL"",""reference"":""UTRF7CMAI8N""}",tx_1z2a093uace
tx_m2yxt7bumdi,BANK_STATEMENT,UTR37IQUU44,1653767,INR,2026-08-02,2026-08-22T22:46:49.053Z,BANK_CREDIT_SETTLEMENT: 16537.67 INR,"{""sourceAccountNumber"":""acc_6HU2212BPJX"",""reference"":""UTR37IQUU44""}",tx_4chvk1l4bia
tx_rkh28l0h4kk,BANK_STATEMENT,UTR30SA3K58,4166947,INR,2026-07-24,2026-08-23T07:32:10.053Z,BANK_CREDIT_SETTLEMENT: 41669.47 INR,"{""sourceAccountNumber"":""acc_J45RRLWLZHJ"",""reference"":""UTR30SA3K58""}",tx_z7pv7zuzwng
tx_26ikyzp0tpn,BANK_STATEMENT,UTRG0LGXGA4,2740306,INR,2026-07-28,2026-08-23T11:00:30.053Z,BANK_CREDIT_SETTLEMENT: 27403.06 INR,"{""sourceAccountNumber"":""acc_7JLVC1RUJNH"",""reference"":""UTRG0LGXGA4""}",tx_uisog978eof
tx_rk8d2vacyx,BANK_STATEMENT,UTRYHE177FI,357373,INR,2026-08-03,2026-08-22T23:56:31.053Z,BANK_CREDIT_SETTLEMENT: 3573.73 INR,"{""sourceAccountNumber"":""acc_GD7SG4UA1H5"",""reference"":""UTRYHE177FI""}",tx_0ulawezun8h
tx_vglf1bq959,BANK_STATEMENT,UTR0K71VG6C,2892820,INR,2026-08-02,2026-08-23T11:40:46.053Z,BANK_CREDIT_SETTLEMENT: 28928.2 INR,"{""sourceAccountNumber"":""acc_ZP055V4QNDH"",""reference"":""UTR0K71VG6C""}",tx_lzilnqa7apj
tx_wop2t0mzfo,BANK_STATEMENT,UTRIAA6P13Y,2763371,INR,2026-07-17,2026-08-23T01:45:06.053Z,BANK_CREDIT_SETTLEMENT: 27633.71 INR,"{""sourceAccountNumber"":""acc_LN2KZI1ZP7H"",""reference"":""UTRIAA6P13Y""}",tx_46435sducbk
tx_zb75ul11p8j,BANK_STATEMENT,UTRBUP740HB,1193940,INR,2026-07-28,2026-08-23T14:29:07.053Z,BANK_CREDIT_SETTLEMENT: 11939.4 INR,"{""sourceAccountNumber"":""acc_1ZW7D5AFXBS"",""reference"":""UTRBUP740HB""}",tx_4zasfg6ut5
tx_7fqptfh3yz8,BANK_STATEMENT,UTRJH5DUQV2,3189676,INR,2026-07-09,2026-08-23T11:58:11.053Z,BANK_CREDIT_SETTLEMENT: 31896.76 INR,"{""sourceAccountNumber"":""acc_NCS8CBNY2G"",""reference"":""UTRJH5DUQV2""}",tx_xkk6im1zvt
tx_8foyud2hs3x,BANK_STATEMENT,UTRIKZH3DEW,4025223,INR,2026-07-15,2026-08-23T02:45:16.053Z,BANK_CREDIT_SETTLEMENT: 40252.23 INR,"{""sourceAccountNumber"":""acc_SFHZI2GFXY"",""reference"":""UTRIKZH3DEW""}",tx_pu31m6fs8m
tx_ht2v9xk58em,BANK_STATEMENT,UTRUX9VU355,1604798,INR,2026-08-04,2026-08-23T13:29:12.053Z,BANK_CREDIT_SETTLEMENT: 16047.98 INR,"{""sourceAccountNumber"":""acc_W9P5RD70XW"",""reference"":""UTRUX9VU355""}",tx_hdbdbb8ac17
tx_4iz71t6orz5,BANK_STATEMENT,UTRRBI5H56C,1815706,INR,2026-07-31,2026-08-23T09:25:13.053Z,BANK_CREDIT_SETTLEMENT: 18157.06 INR,"{""sourceAccountNumber"":""acc_7L7ZWQEVMYK"",""reference"":""UTRRBI5H56C""}",tx_o3k7n4bkk9
tx_2dcv1ed1gf7,BANK_STATEMENT,UTRZ3JP30NV,2398974,INR,2026-08-18,2026-08-22T15:55:43.053Z,BANK_CREDIT: 23989.74 INR - ANNUAL_PREMIUM_UPGRADE,"{""sourceAccountNumber"":""acc_SVXHC1BUUD""}",
tx_e73orki23np,BANK_STATEMENT,UTRWIT1R42F,637924,INR,2026-08-09,2026-08-23T09:45:37.053Z,BANK_CREDIT_SETTLEMENT: 6379.24 INR,"{""sourceAccountNumber"":""acc_WIJXX8H85ZS"",""reference"":""UTRWIT1R42F""}",tx_lbf7tmlu9r
tx_k2cnzo1s37,BANK_STATEMENT,UTRF2VQHAW3,1901132,INR,2026-07-30,2026-08-23T14:04:33.053Z,BANK_CREDIT_SETTLEMENT: 19011.32 INR,"{""sourceAccountNumber"":""acc_THF0ITD457C"",""reference"":""UTRF2VQHAW3""}",tx_6bffk9jsyar
tx_a58zv6ldaer,BANK_STATEMENT,UTRZUBUHDBQ,2325803,INR,2026-07-26,2026-08-22T18:48:42.053Z,BANK_CREDIT_SETTLEMENT: 23258.03 INR,"{""sourceAccountNumber"":""acc_53FBIKHPZGH"",""reference"":""UTRZUBUHDBQ""}",tx_x1ydijqpz9
tx_uwfjty9yzs,BANK_STATEMENT,UTROLVTGI1U,1455275,INR,2026-07-23,2026-08-23T07:54:17.053Z,BANK_CREDIT_SETTLEMENT: 14552.75 INR,"{""sourceAccountNumber"":""acc_T6TNRS9GJH"",""reference"":""UTROLVTGI1U""}",tx_2eh2f9ca11u
tx_hxvkb9o4cpi,BANK_STATEMENT,UTRDJ5Z4RBO,3476634,INR,2026-08-14,2026-08-23T01:03:06.053Z,BANK_CREDIT_SETTLEMENT: 34766.34 INR,"{""sourceAccountNumber"":""acc_HG32QAEI1OJ"",""reference"":""UTRDJ5Z4RBO""}",tx_aw1bx502pp5
tx_3g1pujgknkx,BANK_STATEMENT,UTR6DPS8JVJ,835490,INR,2026-07-24,2026-08-22T14:05:12.053Z,BANK_CREDIT: 8354.9 INR - REFUNDED_CUSTOMER_REQUEST,"{""sourceAccountNumber"":""acc_SQY6OIBE1AQ""}",
tx_p5m2wi0atp9,BANK_STATEMENT,UTR31FER6CR,2417085,INR,2026-07-23,2026-08-23T14:52:56.053Z,BANK_CREDIT_SETTLEMENT: 24170.85 INR,"{""sourceAccountNumber"":""acc_1QUPI6WWL2JI"",""reference"":""UTR31FER6CR""}",tx_2gi4bigzan3
tx_ioqznz3368m,BANK_STATEMENT,UTR1F48Z9SI,2650125,INR,2026-07-09,2026-08-23T06:05:32.053Z,BANK_CREDIT_SETTLEMENT: 26501.25 INR,"{""sourceAccountNumber"":""acc_C7QGZLKSN45"",""reference"":""UTR1F48Z9SI""}",tx_du4fqfc39m4
tx_915rhbw31u5,BANK_STATEMENT,UTRZFR6MKSX,456648,INR,2026-07-10,2026-08-22T19:32:02.053Z,BANK_CREDIT_SETTLEMENT: 4566.48 INR,"{""sourceAccountNumber"":""acc_3JAJ5HDFLZV"",""reference"":""UTRZFR6MKSX""}",tx_rxr6rsnf4a
tx_74zw7feeua2,BANK_STATEMENT,UTR4KPIGD8M,1129857,INR,2026-07-15,2026-08-23T00:02:46.053Z,BANK_CREDIT_SETTLEMENT: 11298.57 INR,"{""sourceAccountNumber"":""acc_KGMU2USRLQJ"",""reference"":""UTR4KPIGD8M""}",tx_03gykarbsq2h
tx_txdcar3dvz,BANK_STATEMENT,UTRBO5MAOU8,1282043,INR,2026-07-10,2026-08-23T00:55:40.053Z,BANK_CREDIT_SETTLEMENT: 12820.43 INR,"{""sourceAccountNumber"":""acc_3OCEJC72FGV"",""reference"":""UTRBO5MAOU8""}",tx_nl0j0hlbop
tx_grpto5d3m0h,BANK_STATEMENT,UTR5NTRZZVQ,282211,INR,2026-07-11,2026-08-23T17:32:23.053Z,BANK_CREDIT_SETTLEMENT: 2822.11 INR,"{""sourceAccountNumber"":""acc_MUEBPGCCV6K"",""reference"":""UTR5NTRZZVQ""}",tx_0qidk8xurcuk
tx_ezt9ykn1a67,BANK_STATEMENT,UTRZA6OM5MQ,2028744,INR,2026-07-22,2026-08-23T04:44:17.053Z,BANK_CREDIT_SETTLEMENT: 20287.44 INR,"{""sourceAccountNumber"":""acc_C72RWRBS9G6"",""reference"":""UTRZA6OM5MQ""}",tx_vv5tovwgdw8
tx_v4kp342pden,BANK_STATEMENT,UTRY3XMBA28,1422083,INR,2026-08-02,2026-08-22T23:16:51.053Z,BANK_CREDIT_SETTLEMENT: 14220.83 INR,"{""sourceAccountNumber"":""acc_6ZEBR4PGPMJ"",""reference"":""UTRY3XMBA28""}",tx_6m8u1zd9a3h
tx_a9as8av89w7,BANK_STATEMENT,UTRSZA3H60G,4092618,INR,2026-08-16,2026-08-23T11:54:38.054Z,BANK_CREDIT_SETTLEMENT: 40926.18 INR,"{""sourceAccountNumber"":""acc_TZCP93D1MR"",""reference"":""UTRSZA3H60G""}",tx_db2wh0tv1o
tx_tq5mek6h2pk,BANK_STATEMENT,UTRFSRP4RJR,3938202,INR,2026-07-20,2026-08-23T05:29:57.054Z,BANK_CREDIT_SETTLEMENT: 39382.02 INR,"{""sourceAccountNumber"":""acc_R5XRRM5NCX"",""reference"":""UTRFSRP4RJR""}",tx_541p0ejbiea
tx_7ogaelbmf6q,BANK_STATEMENT,UTRV6LDZHNO,1328006,INR,2026-07-27,2026-08-23T02:32:24.054Z,BANK_CREDIT_SETTLEMENT: 13280.06 INR,"{""sourceAccountNumber"":""acc_U13GEWRBLLF"",""reference"":""UTRV6LDZHNO""}",tx_i2gh4ox944
tx_27yb9vgeczn,BANK_STATEMENT,UTRGPMWON2N,1851834,INR,2026-07-29,2026-08-23T06:09:26.054Z,BANK_CREDIT_SETTLEMENT: 18518.34 INR,"{""sourceAccountNumber"":""acc_O2QQ2IF3WL"",""reference"":""UTRGPMWON2N""}",tx_74li72n08xb
tx_7wmdiw7r2eu,BANK_STATEMENT,UTR1QJG9B9J,3866315,INR,2026-07-25,2026-08-22T19:11:05.054Z,BANK_CREDIT_SETTLEMENT: 38663.15 INR,"{""sourceAccountNumber"":""acc_7XMDUSVHRNA"",""reference"":""UTR1QJG9B9J""}",tx_ksf4kyruckd
tx_thdbkounl3a,BANK_STATEMENT,UTRZZ8974QS,3035841,INR,2026-08-19,2026-08-23T06:30:21.054Z,BANK_CREDIT_SETTLEMENT: 30358.41 INR,"{""sourceAccountNumber"":""acc_1V0SY5NZN17"",""reference"":""UTRZZ8974QS""}",tx_0qjj8vkp7z8e
tx_l401v0oxx5,BANK_STATEMENT,UTRR9EGZULT,913016,INR,2026-07-26,2026-08-23T04:09:06.054Z,BANK_CREDIT_SETTLEMENT: 9130.16 INR,"{""sourceAccountNumber"":""acc_1RGVFL21BTJ"",""reference"":""UTRR9EGZULT""}",tx_8rr2g7db5xt
tx_0iycynf9dhdd,BANK_STATEMENT,UTRH70JMSFI,2599757,INR,2026-08-17,2026-08-23T13:50:31.054Z,BANK_CREDIT_SETTLEMENT: 25997.57 INR,"{""sourceAccountNumber"":""acc_5MTQNMWG48F"",""reference"":""UTRH70JMSFI""}",tx_impu5a9tzs
tx_wb4khtbyt2o,BANK_STATEMENT,UTRUQY6EPEA,1775036,INR,2026-08-20,2026-08-23T05:52:09.054Z,BANK_CREDIT_SETTLEMENT: 17750.36 INR,"{""sourceAccountNumber"":""acc_YLT8HSL8SZF"",""reference"":""UTRUQY6EPEA""}",tx_pswdvj8o4g
tx_roy5mn54m5o,BANK_STATEMENT,UTRH3UOCVZ2,4314754,INR,2026-07-20,2026-08-23T01:38:21.054Z,BANK_CREDIT_SETTLEMENT: 43147.54 INR,"{""sourceAccountNumber"":""acc_EDZX4YGJGID"",""reference"":""UTRH3UOCVZ2""}",tx_rr9s7tw190p
tx_5layspga6f,BANK_STATEMENT,UTRDWSNRMQA,1214858,INR,2026-08-04,2026-08-22T11:19:56.054Z,BANK_CREDIT: 12148.58 INR - REFUNDED_CUSTOMER_REQUEST,"{""sourceAccountNumber"":""acc_89QUB6VFLZ3""}",
tx_c5ei1um21zv,BANK_STATEMENT,UTRQ5WMVXMZ,895759,INR,2026-07-27,2026-08-23T08:45:37.054Z,BANK_CREDIT_SETTLEMENT: 8957.59 INR,"{""sourceAccountNumber"":""acc_K308K4DUO5"",""reference"":""UTRQ5WMVXMZ""}",tx_te79v018ai
tx_a5qle5h8yik,BANK_STATEMENT,UTRD1GN9R3I,4312119,INR,2026-08-02,2026-08-23T01:08:44.054Z,BANK_CREDIT_SETTLEMENT: 43121.19 INR,"{""sourceAccountNumber"":""acc_UE766FAOLK"",""reference"":""UTRD1GN9R3I""}",tx_dda6tprnt96
tx_3kyzz1a81xs,BANK_STATEMENT,UTRFNJ0M7JB,542968,INR,2026-08-18,2026-08-22T22:03:28.054Z,BANK_CREDIT_SETTLEMENT: 5429.68 INR,"{""sourceAccountNumber"":""acc_OM4XPBOW37A"",""reference"":""UTRFNJ0M7JB""}",tx_ovydq6qsia
tx_r8r2ohypeqk,BANK_STATEMENT,UTRUPMPFQVV,651662,INR,2026-07-31,2026-08-23T05:37:31.054Z,BANK_CREDIT_SETTLEMENT: 6516.62 INR,"{""sourceAccountNumber"":""acc_Q359AW7GSM"",""reference"":""UTRUPMPFQVV""}",tx_9ou7d0vbfmo
tx_owrvzjs4y8,BANK_STATEMENT,UTR1YJW0E68,2176125,INR,2026-08-16,2026-08-23T09:53:05.054Z,BANK_CREDIT_SETTLEMENT: 21761.25 INR,"{""sourceAccountNumber"":""acc_OR616G9RTVN"",""reference"":""UTR1YJW0E68""}",tx_237y3xafazdj
tx_f7cdioe3qse,BANK_STATEMENT,UTRB60U3WI3,1543344,INR,2026-07-08,2026-08-23T14:48:23.054Z,BANK_CREDIT_SETTLEMENT: 15433.44 INR,"{""sourceAccountNumber"":""acc_LH88UCTUQ5"",""reference"":""UTRB60U3WI3""}",tx_o6omujk88oj
tx_jj8lvf8plcr,BANK_STATEMENT,UTRVWI9CKAU,3303989,INR,2026-08-13,2026-08-23T06:36:38.054Z,BANK_CREDIT_SETTLEMENT: 33039.89 INR,"{""sourceAccountNumber"":""acc_MEQPPLULEED"",""reference"":""UTRVWI9CKAU""}",tx_wubbcxalou
tx_klvr6f55nwi,BANK_STATEMENT,UTR9GZCVM04,2110867,INR,2026-08-15,2026-08-22T20:25:31.054Z,BANK_CREDIT_SETTLEMENT: 21108.67 INR,"{""sourceAccountNumber"":""acc_X37NYGZLHMA"",""reference"":""UTR9GZCVM04""}",tx_wzl6gbv4zy
tx_evcn36e8lm7,BANK_STATEMENT,UTRZ3QZFBGA,549130,INR,2026-07-22,2026-08-23T00:22:20.054Z,BANK_CREDIT_SETTLEMENT: 5491.3 INR,"{""sourceAccountNumber"":""acc_5TWZO44BCZF"",""reference"":""UTRZ3QZFBGA""}",tx_elbzbpkmqb
tx_j8sj65pd7x,BANK_STATEMENT,UTR89V4CHZ4,731000,INR,2026-07-24,2026-08-22T21:26:33.054Z,BANK_CREDIT_SETTLEMENT: 7310 INR,"{""sourceAccountNumber"":""acc_BKNOSW21L9U"",""reference"":""UTR89V4CHZ4""}",tx_kn3jk0tm30j
tx_br8w4ksr6ew,BANK_STATEMENT,UTRX0BYNMWS,511149,INR,2026-07-15,2026-08-23T17:52:53.054Z,BANK_CREDIT_SETTLEMENT: 5111.49 INR,"{""sourceAccountNumber"":""acc_2LDSZV34S6Z"",""reference"":""UTRX0BYNMWS""}",tx_rk198qrakpe
tx_rpmwm9vnvn8,BANK_STATEMENT,UTROIWINIYO,465559,INR,2026-08-06,2026-08-22T19:30:39.054Z,BANK_CREDIT_SETTLEMENT: 4655.59 INR,"{""sourceAccountNumber"":""acc_2O3A83VZ1K7"",""reference"":""UTROIWINIYO""}",tx_60ncqbcefqy
tx_mw3o324b0h,BANK_STATEMENT,UTRZ14TR5QU,2543713,INR,2026-07-16,2026-08-23T05:04:01.054Z,BANK_CREDIT_SETTLEMENT: 25437.13 INR,"{""sourceAccountNumber"":""acc_YSMQB0GCO1"",""reference"":""UTRZ14TR5QU""}",tx_l0asf53s6is
tx_s2hsvigups,BANK_STATEMENT,UTRUH0DA9B3,4151233,INR,2026-07-29,2026-08-23T00:15:59.054Z,BANK_CREDIT_SETTLEMENT: 41512.33 INR,"{""sourceAccountNumber"":""acc_M0W40N9RAM"",""reference"":""UTRUH0DA9B3""}",tx_5zbxswsrrt7
tx_s9jewfgla4,BANK_STATEMENT,UTRIEZCVRFL,1521274,INR,2026-07-18,2026-08-23T16:27:32.054Z,BANK_CREDIT_SETTLEMENT: 15212.74 INR,"{""sourceAccountNumber"":""acc_JNDFMDNGDQS"",""reference"":""UTRIEZCVRFL""}",tx_jy48bztowe
tx_ahpcprtwdxg,BANK_STATEMENT,UTR4JTRC0ZO,4165533,INR,2026-07-25,2026-08-23T04:49:29.054Z,BANK_CREDIT_SETTLEMENT: 41655.33 INR,"{""sourceAccountNumber"":""acc_VD9KX3YY2T"",""reference"":""UTR4JTRC0ZO""}",tx_ojm8z5nsno
tx_cva8k1wbgd,BANK_STATEMENT,UTR7LS1FDKR,1857275,INR,2026-07-26,2026-08-23T13:00:54.054Z,BANK_CREDIT_SETTLEMENT: 18572.75 INR,"{""sourceAccountNumber"":""acc_B2HHFL5BBI5"",""reference"":""UTR7LS1FDKR""}",tx_3l7gexrnemg
tx_xh58m21rqbb,BANK_STATEMENT,UTR1OG3A1MD,3363878,INR,2026-07-22,2026-08-23T16:20:32.054Z,BANK_CREDIT_SETTLEMENT: 33638.78 INR,"{""sourceAccountNumber"":""acc_NW66O4COJTT"",""reference"":""UTR1OG3A1MD""}",tx_rkbn4thva8
tx_o14cbeuybdf,BANK_STATEMENT,UTRQ0JC9A5E,3748993,INR,2026-08-20,2026-08-23T13:52:26.054Z,BANK_CREDIT_SETTLEMENT: 37489.93 INR,"{""sourceAccountNumber"":""acc_YNA12EP07LE"",""reference"":""UTRQ0JC9A5E""}",tx_di4y8yas4da
tx_3h1c6xelmg9,BANK_STATEMENT,UTRE4XQG6AZ,3700184,INR,2026-07-23,2026-08-23T18:25:44.054Z,BANK_CREDIT_SETTLEMENT: 37001.84 INR,"{""sourceAccountNumber"":""acc_87M2AV1T8IT"",""reference"":""UTRE4XQG6AZ""}",tx_jney0khxf3g
tx_swotgbmub48,BANK_STATEMENT,UTRHHCK6ELX,3335448,INR,2026-08-01,2026-08-23T09:59:13.054Z,BANK_CREDIT_SETTLEMENT: 33354.48 INR,"{""sourceAccountNumber"":""acc_1TJHDKU5FBH"",""reference"":""UTRHHCK6ELX""}",tx_37jl273ruo2
tx_q154ac4wbrf,BANK_STATEMENT,UTROOAODW36,1055877,INR,2026-08-12,2026-08-23T02:13:39.054Z,BANK_CREDIT_SETTLEMENT: 10558.77 INR,"{""sourceAccountNumber"":""acc_D4LPBJVRBFQ"",""reference"":""UTROOAODW36""}",tx_odcj7warlta
tx_sg2m8rldxv,BANK_STATEMENT,UTR93AXR80T,789929,INR,2026-08-19,2026-08-23T11:36:33.054Z,BANK_CREDIT_SETTLEMENT: 7899.29 INR,"{""sourceAccountNumber"":""acc_P9UPQ8ZN1BQ"",""reference"":""UTR93AXR80T""}",tx_dj891tkqdx
tx_q79rjsqutmf,BANK_STATEMENT,UTRIN5Z2WUL,1580549,INR,2026-07-16,2026-08-23T02:11:17.054Z,BANK_CREDIT_SETTLEMENT: 15805.49 INR,"{""sourceAccountNumber"":""acc_2VL93ASU3L2"",""reference"":""UTRIN5Z2WUL""}",tx_m56n44mfoz
tx_2axc8z23x6k,BANK_STATEMENT,UTRER4K70AD,960897,INR,2026-08-20,2026-08-22T20:16:21.056Z,BANK_CREDIT_SETTLEMENT: 9608.97 INR,"{""sourceAccountNumber"":""acc_NSFF4EJY8LF"",""reference"":""UTRER4K70AD""}",tx_790d4g2p65f
tx_0laehbhzyxi,BANK_STATEMENT,UTRVKDNAWYT,985496,INR,2026-07-16,2026-08-22T17:39:03.056Z,BANK_CREDIT: 9854.96 INR - ANNUAL_PREMIUM_UPGRADE,"{""sourceAccountNumber"":""acc_L2TQIF0VUGR""}",
tx_qnxvvcvq1r,BANK_STATEMENT,UTR05SZCJ7O,3450326,INR,2026-07-13,2026-08-23T16:33:11.056Z,BANK_CREDIT_SETTLEMENT: 34503.26 INR,"{""sourceAccountNumber"":""acc_K5LLSPT1AXK"",""reference"":""UTR05SZCJ7O""}",tx_2f3annohi53
tx_ecar7xe47tk,BANK_STATEMENT,UTR9J7Q6WNB,2638408,INR,2026-08-08,2026-08-23T09:43:52.056Z,BANK_CREDIT_SETTLEMENT: 26384.08 INR,"{""sourceAccountNumber"":""acc_JTMK0MDYJ8"",""reference"":""UTR9J7Q6WNB""}",tx_m49ye76hnx
tx_3vamo84lvcr,BANK_STATEMENT,UTR8WKPIM7X,3560960,INR,2026-07-31,2026-08-23T03:23:09.056Z,BANK_CREDIT_SETTLEMENT: 35609.6 INR,"{""sourceAccountNumber"":""acc_WQ9790HCAS"",""reference"":""UTR8WKPIM7X""}",tx_l03lkwy4w7
tx_sjir8vmldnq,BANK_STATEMENT,UTRKBODZPCD,1001418,INR,2026-07-17,2026-08-23T09:35:27.056Z,BANK_CREDIT_SETTLEMENT: 10014.18 INR,"{""sourceAccountNumber"":""acc_WTS4UF1BI6M"",""reference"":""UTRKBODZPCD""}",tx_yxwtlcl30qj
tx_jwp0tf0a86a,BANK_STATEMENT,UTRW8PM21BJ,3017516,INR,2026-07-24,2026-08-23T09:12:29.056Z,BANK_CREDIT_SETTLEMENT: 30175.16 INR,"{""sourceAccountNumber"":""acc_TRYRUISSHR"",""reference"":""UTRW8PM21BJ""}",tx_t7vbd6n25t
tx_wr31dmi5wlb,BANK_STATEMENT,UTRKZRTZTCN,1538906,INR,2026-08-18,2026-08-23T07:25:06.056Z,BANK_CREDIT_SETTLEMENT: 15389.06 INR,"{""sourceAccountNumber"":""acc_AZUL8WGRHM9"",""reference"":""UTRKZRTZTCN""}",tx_p3wcrobez28
tx_76vfvku9kh5,BANK_STATEMENT,UTRW3IWRWXM,1220035,INR,2026-07-27,2026-08-23T01:23:52.056Z,BANK_CREDIT_SETTLEMENT: 12200.35 INR,"{""sourceAccountNumber"":""acc_8UIRWRANM0B"",""reference"":""UTRW3IWRWXM""}",tx_3n6ss07e50i
tx_tx2z1q380w,BANK_STATEMENT,UTR4S4NCRHN,1875088,INR,2026-07-10,2026-08-23T16:47:00.056Z,BANK_CREDIT_SETTLEMENT: 18750.88 INR,"{""sourceAccountNumber"":""acc_TOD0G4YREZ"",""reference"":""UTR4S4NCRHN""}",tx_380zzkcdwln
tx_kmrgo26ys7,BANK_STATEMENT,UTRY54MJX82,1604864,INR,2026-07-17,2026-08-23T07:30:43.056Z,BANK_CREDIT_SETTLEMENT: 16048.64 INR,"{""sourceAccountNumber"":""acc_2P0GN6CKZI"",""reference"":""UTRY54MJX82""}",tx_stybarpy12d
tx_7r8993epk7l,BANK_STATEMENT,UTRBVDGMUGC,1745331,INR,2026-08-15,2026-08-23T03:48:45.056Z,BANK_CREDIT_SETTLEMENT: 17453.31 INR,"{""sourceAccountNumber"":""acc_857G31KRB36"",""reference"":""UTRBVDGMUGC""}",tx_k1buuxgzu4
tx_4lybyx23t3e,BANK_STATEMENT,UTRV2WUOIFR,2508914,INR,2026-07-19,2026-08-23T02:38:36.056Z,BANK_CREDIT_SETTLEMENT: 25089.14 INR,"{""sourceAccountNumber"":""acc_S7OL6B2549J"",""reference"":""UTRV2WUOIFR""}",tx_gzejtk7law
tx_oc1yvb56qpp,BANK_STATEMENT,UTRQ7P1871T,1442372,INR,2026-08-19,2026-08-23T18:27:51.056Z,BANK_CREDIT_SETTLEMENT: 14423.72 INR,"{""sourceAccountNumber"":""acc_ZDNGG3MYXA"",""reference"":""UTRQ7P1871T""}",tx_0h7jfqp0mdcp
tx_jgyugsbaz4b,BANK_STATEMENT,UTRDPBDJ9QR,4164485,INR,2026-07-28,2026-08-23T16:08:11.056Z,BANK_CREDIT_SETTLEMENT: 41644.85 INR,"{""sourceAccountNumber"":""acc_NY1S78ZDAR"",""reference"":""UTRDPBDJ9QR""}",tx_z8vho01ve0g
tx_6pp6a3ep3ep,BANK_STATEMENT,UTR2WOW96V1,1571246,INR,2026-07-28,2026-08-23T08:37:30.056Z,BANK_CREDIT_SETTLEMENT: 15712.46 INR,"{""sourceAccountNumber"":""acc_K7R7WNZOEQI"",""reference"":""UTR2WOW96V1""}",tx_wj6xk4jz4w9
tx_4jvubkmtdmr,BANK_STATEMENT,UTR82ITAQAN,763621,INR,2026-08-16,2026-08-22T23:25:11.056Z,BANK_CREDIT_SETTLEMENT: 7636.21 INR,"{""sourceAccountNumber"":""acc_HQROWMC42OD"",""reference"":""UTR82ITAQAN""}",tx_rdthjekr5jp
tx_4pruv9mv87l,BANK_STATEMENT,UTRAEAXRUVN,2780145,INR,2026-07-10,2026-08-23T07:49:25.056Z,BANK_CREDIT_SETTLEMENT: 27801.45 INR,"{""sourceAccountNumber"":""acc_H3M1X2GOI0J"",""reference"":""UTRAEAXRUVN""}",tx_3phxe91fnad
tx_q2orrbnvxim,BANK_STATEMENT,UTRLDH6JINZ,3730198,INR,2026-07-27,2026-08-23T16:45:02.056Z,BANK_CREDIT_SETTLEMENT: 37301.98 INR,"{""sourceAccountNumber"":""acc_YZK2W9HLFG"",""reference"":""UTRLDH6JINZ""}",tx_m73zwhq91ko
tx_yzfmpp9vsxq,BANK_STATEMENT,UTRGDHTET4K,2851134,INR,2026-08-12,2026-08-23T15:21:01.057Z,BANK_CREDIT_SETTLEMENT: 28511.34 INR,"{""sourceAccountNumber"":""acc_0XF0CHSCCLFG"",""reference"":""UTRGDHTET4K""}",tx_5d91scy1232
tx_c6p15ljawd,BANK_STATEMENT,UTR9J6N6P25,2196361,INR,2026-07-29,2026-08-23T14:59:17.057Z,BANK_CREDIT_SETTLEMENT: 21963.61 INR,"{""sourceAccountNumber"":""acc_958OUJPJ62H"",""reference"":""UTR9J6N6P25""}",tx_mx2wf8cc3ei
tx_292acd45t79,BANK_STATEMENT,UTRYQWICGI6,1882213,INR,2026-07-20,2026-08-23T04:43:24.057Z,BANK_CREDIT_SETTLEMENT: 18822.13 INR,"{""sourceAccountNumber"":""acc_I1G9TJMTOUF"",""reference"":""UTRYQWICGI6""}",tx_hjugr5c5p0d
tx_lenkppt4et,BANK_STATEMENT,UTR22QEH9FA,1844376,INR,2026-07-21,2026-08-23T01:08:53.057Z,BANK_CREDIT_SETTLEMENT: 18443.76 INR,"{""sourceAccountNumber"":""acc_QNYZVDIY1JG"",""reference"":""UTR22QEH9FA""}",tx_q7nsq99i31
tx_qo0fjiw9xer,BANK_STATEMENT,UTRVGCLUALK,1100251,INR,2026-07-15,2026-08-22T18:43:27.057Z,BANK_CREDIT_SETTLEMENT: 11002.51 INR,"{""sourceAccountNumber"":""acc_VMR6YT4SDYA"",""reference"":""UTRVGCLUALK""}",tx_68o9yiaohjc
tx_aki9p0sux2i,BANK_STATEMENT,UTRG5W16Y6N,2159269,INR,2026-08-15,2026-08-23T08:05:39.057Z,BANK_CREDIT_SETTLEMENT: 21592.69 INR,"{""sourceAccountNumber"":""acc_ZNRFD0TKA7C"",""reference"":""UTRG5W16Y6N""}",tx_x0gas5c1sgh
tx_5d1h3hxadhc,BANK_STATEMENT,UTR1CD8PDQZ,3741407,INR,2026-07-08,2026-08-23T15:52:12.057Z,BANK_CREDIT_SETTLEMENT: 37414.07 INR,"{""sourceAccountNumber"":""acc_F3FNJ57TZAS"",""reference"":""UTR1CD8PDQZ""}",tx_n1dr0y4phtl
tx_c057zy146m6,BANK_STATEMENT,UTRWO9OKKCW,538284,INR,2026-07-07,2026-08-23T01:15:56.057Z,BANK_CREDIT_SETTLEMENT: 5382.84 INR,"{""sourceAccountNumber"":""acc_QQ2ZP9U5KR8"",""reference"":""UTRWO9OKKCW""}",tx_06r1oolbwdz6