"transactionRecordId","dataSource","externalReference","amountPaise","currencyCode","transactionDate","ingestedAt","rawDescription","rawPayload"
tx_yztwv84y0c8,MERCHANT_LEDGER,inv_QF7ZW69JYV,1966425,INR,2026-07-12,2026-08-19T01:31:56.245Z,MERCHANT_LEDGER: 19664.25 INR - DIGITAL_GOODS_EBOOK_DOWNLOAD,"{""merchantIdentifier"":""MERCHANT_001"",""customerIdentifier"":""cust_FKFQ8VBRA4"",""productServiceIdentifier"":""prod_ZSL7IXWN0K"",""description"":""ANNUAL_PREMIUM_UPGRADE"",""referenceNumber"":""ref_33JNS4D2S4"",""commissionRateInPaise"":58992}"
tx_id5unf9x0vt,MERCHANT_LEDGER,inv_EMY6XB5NH6,1534300,INR,2026-07-23,2026-08-23T02:20:47.245Z,MERCHANT_LEDGER: 15343 INR - E_COMMERCE_ONE_TIME_SALE,"{""merchantIdentifier"":""MERCHANT_001"",""customerIdentifier"":""cust_8VRKRI9DEZ"",""productServiceIdentifier"":""prod_XGMGK4A4DE"",""description"":""ONLINE_SUBSCRIPTION_PURCHASE"",""referenceNumber"":""ref_HH071PZCI2"",""commissionRateInPaise"":46029}"
tx_3yctpeimnqo,MERCHANT_LEDGER,inv_UOLOPGCBQN,1352134,INR,2026-08-15,2026-08-14T21:42:57.245Z,MERCHANT_LEDGER: 13521.34 INR - ONLINE_SUBSCRIPTION_PURCHASE,"{""merchantIdentifier"":""MERCHANT_001"",""customerIdentifier"":""cust_QNAITQ4O5K"",""productServiceIdentifier"":""prod_CN3I4W6Y1R"",""description"":""CHARITABLE_DONATION"",""referenceNumber"":""ref_QFG3H31R79"",""commissionRateInPaise"":40564}"
tx_3g306ysvnlx,MERCHANT_LEDGER,inv_A7L49MFQLM,1030955,INR,2026-08-03,2026-08-18T06:43:56.245Z,MERCHANT_LEDGER: 10309.55 INR - CHARITABLE_DONATION,"{""merchantIdentifier"":""MERCHANT_001"",""customerIdentifier"":""cust_MFZQ88OVZJ"",""productServiceIdentifier"":""prod_3JAKKE7TAU"",""description"":""MONTHLY_SERVICE_SUBSCRIPTION"",""referenceNumber"":""ref_AOO9RJ3NYP"",""commissionRateInPaise"":30928}"
tx_5loomybvhg,MERCHANT_LEDGER,inv_JFJBVEP69X,1827366,INR,2026-07-25,2026-08-21T09:19:18.245Z,MERCHANT_LEDGER: 18273.66 INR - SOFTWARE_LICENSE_RENEWAL,"{""merchantIdentifier"":""MERCHANT_001"",""customerIdentifier"":""cust_373IEFNV36"",""productServiceIdentifier"":""prod_IJSRDYGDKV"",""description"":""CHARITABLE_DONATION"",""referenceNumber"":""ref_MVNWLFME0O"",""commissionRateInPaise"":54820}"
tx_dtvx206ztyh,MERCHANT_LEDGER,inv_DOMQ7S47C7,1966720,INR,2026-07-28,2026-08-20T08:46:06.245Z,MERCHANT_LEDGER: 19667.2 INR - MONTHLY_SERVICE_SUBSCRIPTION,"{""merchantIdentifier"":""MERCHANT_001"",""customerIdentifier"":""cust_XJN43VZQKC"",""productServiceIdentifier"":""prod_EFPFJ07I2R"",""description"":""PLATFORM_MAINTENANCE_FEE"",""referenceNumber"":""ref_PW6I2D2GVD"",""commissionRateInPaise"":59001}"
tx_45ls2b8yx2l,MERCHANT_LEDGER,inv_TWEP00SDM2,884501,INR,2026-08-17,2026-08-16T20:37:25.245Z,MERCHANT_LEDGER: 8845.01 INR - ANNUAL_PREMIUM_UPGRADE,"{""merchantIdentifier"":""MERCHANT_001"",""customerIdentifier"":""cust_M7R873CQ6N"",""productServiceIdentifier"":""prod_6OJFJR8PL3"",""description"":""REFUND_FOR_ORDER_INV_12345"",""referenceNumber"":""ref_JTSXMB9704"",""commissionRateInPaise"":26535}"
tx_iapoa2hc0dh,MERCHANT_LEDGER,inv_AGE1JBUJ4W,525179,INR,2026-07-25,2026-08-15T02:16:15.245Z,MERCHANT_LEDGER: 5251.79 INR - ANNUAL_PREMIUM_UPGRADE,"{""merchantIdentifier"":""MERCHANT_001"",""customerIdentifier"":""cust_GD1UA7R2F3"",""productServiceIdentifier"":""prod_C506HBBTJK"",""description"":""DIGITAL_GOODS_EBOOK_DOWNLOAD"",""referenceNumber"":""ref_CAGGTJH4OV"",""commissionRateInPaise"":15755}"
tx_9s8uuu8uqau,MERCHANT_LEDGER,inv_3HU3QC6YJF,448724,INR,2026-07-27,2026-08-14T16:36:15.245Z,MERCHANT_LEDGER: 4487.24 INR - E_COMMERCE_ONE_TIME_SALE,"{""merchantIdentifier"":""MERCHANT_001"",""customerIdentifier"":""cust_31OGG1MLH6"",""productServiceIdentifier"":""prod_ZWBM4EA0L6"",""description"":""MONTHLY_SERVICE_SUBSCRIPTION"",""referenceNumber"":""ref_SORPWDSFA"",""commissionRateInPaise"":13461}"
tx_gddrib8y3c9,MERCHANT_LEDGER,inv_RAZY4HYL8R,195028,INR,2026-07-14,2026-08-15T15:23:50.245Z,MERCHANT_LEDGER: 1950.28 INR - PLATFORM_MAINTENANCE_FEE,"{""merchantIdentifier"":""MERCHANT_001"",""customerIdentifier"":""cust_7RQ2R8QU1C"",""productServiceIdentifier"":""prod_2GB5O9IKZU"",""description"":""DIGITAL_GOODS_EBOOK_DOWNLOAD"",""referenceNumber"":""ref_PNUW8ZSPPK"",""commissionRateInPaise"":5850}"
tx_6axtm39pvrl,MERCHANT_LEDGER,inv_4YXCFSCSBG,1012771,INR,2026-07-14,2026-08-21T09:16:48.246Z,MERCHANT_LEDGER: 10127.71 INR - CHARITABLE_DONATION,"{""merchantIdentifier"":""MERCHANT_001"",""customerIdentifier"":""cust_2G1TAED8LI"",""productServiceIdentifier"":""prod_X0KK0TR8P1"",""description"":""CHARITABLE_DONATION"",""referenceNumber"":""ref_YF56QGCXDP"",""commissionRateInPaise"":30383}"
tx_cr4di79z6ig,MERCHANT_LEDGER,inv_86RRZURN77,700243,INR,2026-07-22,2026-08-15T01:19:01.246Z,MERCHANT_LEDGER: 7002.43 INR - PLATFORM_MAINTENANCE_FEE,"{""merchantIdentifier"":""MERCHANT_001"",""customerIdentifier"":""cust_1FWYGFKNXX"",""productServiceIdentifier"":""prod_S25ABZ01S2"",""description"":""REFUNDED_CUSTOMER_REQUEST"",""referenceNumber"":""ref_ZVHM0J0JBP"",""commissionRateInPaise"":21007}"
tx_kumckba1nte,MERCHANT_LEDGER,inv_FRWVPVDA1A,151025,INR,2026-08-17,2026-08-22T11:03:33.246Z,MERCHANT_LEDGER: 1510.25 INR - SOFTWARE_LICENSE_RENEWAL,"{""merchantIdentifier"":""MERCHANT_001"",""customerIdentifier"":""cust_TYRYML8PPB"",""productServiceIdentifier"":""prod_Q4HIVQX07W"",""description"":""CHARITABLE_DONATION"",""referenceNumber"":""ref_MBOO9WH7DN"",""commissionRateInPaise"":4530}"
tx_8fvzu1so6le,MERCHANT_LEDGER,inv_I9U248VSVO,205057,INR,2026-08-20,2026-08-14T07:55:14.246Z,MERCHANT_LEDGER: 2050.57 INR - E_COMMERCE_ONE_TIME_SALE,"{""merchantIdentifier"":""MERCHANT_001"",""customerIdentifier"":""cust_JR055OAL3V"",""productServiceIdentifier"":""prod_Z01AB73E4I"",""description"":""E_COMMERCE_ONE_TIME_SALE"",""referenceNumber"":""ref_HSX98WZWWM"",""commissionRateInPaise"":6151}"
tx_0xa9nmq2fxrj,MERCHANT_LEDGER,inv_ADSA3EZAOP,430773,INR,2026-07-09,2026-08-21T03:22:41.246Z,MERCHANT_LEDGER: 4307.73 INR - PLATFORM_MAINTENANCE_FEE,"{""merchantIdentifier"":""MERCHANT_001"",""customerIdentifier"":""cust_4XS30SP4DL"",""productServiceIdentifier"":""prod_1XDVQJ5PW4"",""description"":""E_COMMERCE_ONE_TIME_SALE"",""referenceNumber"":""ref_RPT0FNT8TM"",""commissionRateInPaise"":12923}"
tx_8hqa5fiaojy,MERCHANT_LEDGER,inv_OA7UFZ5S4X,181069,INR,2026-07-18,2026-08-21T17:12:51.246Z,MERCHANT_LEDGER: 1810.69 INR - DIGITAL_GOODS_EBOOK_DOWNLOAD,"{""merchantIdentifier"":""MERCHANT_001"",""customerIdentifier"":""cust_YCA3MBOIWY"",""productServiceIdentifier"":""prod_SZLGATRTT1"",""description"":""SOFTWARE_LICENSE_RENEWAL"",""referenceNumber"":""ref_KCZ37IAGRF"",""commissionRateInPaise"":5432}"
tx_b78dwv5lzld,MERCHANT_LEDGER,inv_A1MH5HRWQ1,733140,INR,2026-07-07,2026-08-19T05:45:51.246Z,MERCHANT_LEDGER: 7331.4 INR - REFUND_FOR_ORDER_INV_12345,"{""merchantIdentifier"":""MERCHANT_001"",""customerIdentifier"":""cust_L9H5BRT2XC"",""productServiceIdentifier"":""prod_AYNJ8OD50I"",""description"":""MONTHLY_SERVICE_SUBSCRIPTION"",""referenceNumber"":""ref_TAL5FTGO6M"",""commissionRateInPaise"":21994}"
tx_kps22wey5zl,MERCHANT_LEDGER,inv_ZRGM80J3OG,787351,INR,2026-06-26,2026-08-16T23:26:00.246Z,MERCHANT_LEDGER: 7873.51 INR - CHARGEBACK_CUSTOMER_DISPUTE,"{""merchantIdentifier"":""MERCHANT_001"",""customerIdentifier"":""cust_TRIFLEIDKI"",""productServiceIdentifier"":""prod_6YSBF5THEO"",""description"":""COMMUNITY_MEMBERSHIP_FEE"",""referenceNumber"":""ref_BEC3Q7C203"",""commissionRateInPaise"":23620}"
tx_uaty3359z78,MERCHANT_LEDGER,inv_8CHQ1C57LD,1350911,INR,2026-07-16,2026-08-14T11:53:52.246Z,MERCHANT_LEDGER: 13509.11 INR - REFUNDED_CUSTOMER_REQUEST,"{""merchantIdentifier"":""MERCHANT_001"",""customerIdentifier"":""cust_97GU60H9OV"",""productServiceIdentifier"":""prod_4OE722L6Y5"",""description"":""E_COMMERCE_ONE_TIME_SALE"",""referenceNumber"":""ref_G61334EBR1"",""commissionRateInPaise"":40527}"
tx_45jqmlx6j6o,MERCHANT_LEDGER,inv_5X5LE13LK8,692297,INR,2026-07-28,2026-08-21T19:38:16.246Z,MERCHANT_LEDGER: 6922.97 INR - CHARGEBACK_CUSTOMER_DISPUTE,"{""merchantIdentifier"":""MERCHANT_001"",""customerIdentifier"":""cust_0VHCVDLIOH"",""productServiceIdentifier"":""prod_PNMJYN06IA"",""description"":""CHARGEBACK_CUSTOMER_DISPUTE"",""referenceNumber"":""ref_VHECCB56ZL"",""commissionRateInPaise"":20768}"
tx_j8szpb24q7s,MERCHANT_LEDGER,inv_TQ34Z7N72N,1778554,INR,2026-07-17,2026-08-22T02:09:33.246Z,MERCHANT_LEDGER: 17785.54 INR - PLATFORM_MAINTENANCE_FEE,"{""merchantIdentifier"":""MERCHANT_001"",""customerIdentifier"":""cust_VOKDXXLU1J"",""productServiceIdentifier"":""prod_2AGMHNV96V"",""description"":""CHARGEBACK_CUSTOMER_DISPUTE"",""referenceNumber"":""ref_53ROZAHDJV"",""commissionRateInPaise"":53356}"
tx_x22yozdoqcp,MERCHANT_LEDGER,inv_TPU4TRBWYW,1408514,INR,2026-07-02,2026-08-18T16:28:28.246Z,MERCHANT_LEDGER: 14085.14 INR - COMMUNITY_MEMBERSHIP_FEE,"{""merchantIdentifier"":""MERCHANT_001"",""customerIdentifier"":""cust_PD7SBVXV7M"",""productServiceIdentifier"":""prod_I7XG6TZ43E"",""description"":""COMMUNITY_MEMBERSHIP_FEE"",""referenceNumber"":""ref_0FREQ6R1W7"",""commissionRateInPaise"":42255}"
tx_dc03fgdh5as,MERCHANT_LEDGER,inv_HRXXSPA54I,481263,INR,2026-07-17,2026-08-22T06:56:37.246Z,MERCHANT_LEDGER: 4812.63 INR - ONLINE_SUBSCRIPTION_PURCHASE,"{""merchantIdentifier"":""MERCHANT_001"",""customerIdentifier"":""cust_UTZGMK16JK"",""productServiceIdentifier"":""prod_OV6J0RT0A1"",""description"":""COMMUNITY_MEMBERSHIP_FEE"",""referenceNumber"":""ref_G6QWGF0OFI"",""commissionRateInPaise"":14437}"
tx_6917nypb3x,MERCHANT_LEDGER,inv_H6V2F9OKQ9,1566028,INR,2026-07-24,2026-08-14T07:59:50.246Z,MERCHANT_LEDGER: 15660.28 INR - ONLINE_SUBSCRIPTION_PURCHASE,"{""merchantIdentifier"":""MERCHANT_001"",""customerIdentifier"":""cust_UJ2Z2W66YA"",""productServiceIdentifier"":""prod_W98OEM7LLY"",""description"":""PLATFORM_MAINTENANCE_FEE"",""referenceNumber"":""ref_Y15FPNTM77"",""commissionRateInPaise"":46980}"
tx_oettfumkkie,MERCHANT_LEDGER,inv_5GVULOQY2B,214554,INR,2026-07-08,2026-08-17T08:23:07.246Z,MERCHANT_LEDGER: 2145.54 INR - COMMUNITY_MEMBERSHIP_FEE,"{""merchantIdentifier"":""MERCHANT_001"",""customerIdentifier"":""cust_LBR2E4IB17"",""productServiceIdentifier"":""prod_WJ000AOAXY"",""description"":""COMMUNITY_MEMBERSHIP_FEE"",""referenceNumber"":""ref_QGCHB6UA55"",""commissionRateInPaise"":6436}"
tx_7oprl5nqfea,MERCHANT_LEDGER,inv_ZHB5ZQ3FPU,1074671,INR,2026-07-19,2026-08-21T10:38:56.246Z,MERCHANT_LEDGER: 10746.71 INR - ANNUAL_PREMIUM_UPGRADE,"{""merchantIdentifier"":""MERCHANT_001"",""customerIdentifier"":""cust_D5XFG2JMZH"",""productServiceIdentifier"":""prod_20DN2LE5CZ"",""description"":""DIGITAL_GOODS_EBOOK_DOWNLOAD"",""referenceNumber"":""ref_SCL2LDPEJV"",""commissionRateInPaise"":32240}"
tx_qdsmika6qn,MERCHANT_LEDGER,inv_4NCIP7UUJ7,1710860,INR,2026-07-13,2026-08-20T23:45:06.246Z,MERCHANT_LEDGER: 17108.6 INR - REFUND_FOR_ORDER_INV_12345,"{""merchantIdentifier"":""MERCHANT_001"",""customerIdentifier"":""cust_MDGQB3NI5B"",""productServiceIdentifier"":""prod_MBR21ESILT"",""description"":""PLATFORM_MAINTENANCE_FEE"",""referenceNumber"":""ref_U8C3X0ZKAL"",""commissionRateInPaise"":51325}"
tx_pw8yo13ndil,MERCHANT_LEDGER,inv_MMO40HLLEB,1291564,INR,2026-08-10,2026-08-15T20:33:55.246Z,MERCHANT_LEDGER: 12915.64 INR - PLATFORM_MAINTENANCE_FEE,"{""merchantIdentifier"":""MERCHANT_001"",""customerIdentifier"":""cust_89TYKQQZOT"",""productServiceIdentifier"":""prod_JHGJ2CRWEQ"",""description"":""E_COMMERCE_ONE_TIME_SALE"",""referenceNumber"":""ref_PFU925NI9L"",""commissionRateInPaise"":38746}"
tx_cg56qi953vq,MERCHANT_LEDGER,inv_VIRQASUE1U,1168466,INR,2026-07-18,2026-08-19T10:43:43.246Z,MERCHANT_LEDGER: 11684.66 INR - DIGITAL_GOODS_EBOOK_DOWNLOAD,"{""merchantIdentifier"":""MERCHANT_001"",""customerIdentifier"":""cust_80G9YS835V"",""productServiceIdentifier"":""prod_7V9KTXWNRE"",""description"":""REFUNDED_CUSTOMER_REQUEST"",""referenceNumber"":""ref_HUEME8JGMR"",""commissionRateInPaise"":35053}"
tx_tqn6lyq8bl,MERCHANT_LEDGER,inv_8FMDMKQCOW,1349292,INR,2026-06-26,2026-08-21T17:26:40.246Z,MERCHANT_LEDGER: 13492.92 INR - REFUNDED_CUSTOMER_REQUEST,"{""merchantIdentifier"":""MERCHANT_001"",""customerIdentifier"":""cust_LZ5PVKV21B"",""productServiceIdentifier"":""prod_48ZBVGYI1Y"",""description"":""SOFTWARE_LICENSE_RENEWAL"",""referenceNumber"":""ref_7HUHTGB6M0"",""commissionRateInPaise"":40478}"
tx_rckpncw24bq,MERCHANT_LEDGER,inv_2LH2DG69YS,339445,INR,2026-07-06,2026-08-16T20:42:09.246Z,MERCHANT_LEDGER: 3394.45 INR - REFUND_FOR_ORDER_INV_12345,"{""merchantIdentifier"":""MERCHANT_001"",""customerIdentifier"":""cust_H9LWR6BTIL"",""productServiceIdentifier"":""prod_ZPU09KKP7T"",""description"":""REFUNDED_CUSTOMER_REQUEST"",""referenceNumber"":""ref_I0EUSAYBCV"",""commissionRateInPaise"":10183}"
tx_ne5mawg8fu8,MERCHANT_LEDGER,inv_ACYX5U0CB9,464815,INR,2026-07-17,2026-08-22T14:40:19.246Z,MERCHANT_LEDGER: 4648.15 INR - CHARITABLE_DONATION,"{""merchantIdentifier"":""MERCHANT_001"",""customerIdentifier"":""cust_SKJH1YZOPD"",""productServiceIdentifier"":""prod_RWCOWHA20D"",""description"":""REFUNDED_CUSTOMER_REQUEST"",""referenceNumber"":""ref_10TBQZ3DWU"",""commissionRateInPaise"":13944}"
tx_urp40m95eg9,MERCHANT_LEDGER,inv_6W3ALKT0FI,550642,INR,2026-08-21,2026-08-17T03:30:21.246Z,MERCHANT_LEDGER: 5506.42 INR - REFUND_FOR_ORDER_INV_12345,"{""merchantIdentifier"":""MERCHANT_001"",""customerIdentifier"":""cust_8S5V61CL67"",""productServiceIdentifier"":""prod_YO9RR9DY0O"",""description"":""CHARITABLE_DONATION"",""referenceNumber"":""ref_R0PEW3OZHT"",""commissionRateInPaise"":16519}"
tx_u7d3k6837v,MERCHANT_LEDGER,inv_I20LYDXEN2,621498,INR,2026-08-14,2026-08-23T05:38:14.246Z,MERCHANT_LEDGER: 6214.98 INR - CHARGEBACK_CUSTOMER_DISPUTE,"{""merchantIdentifier"":""MERCHANT_001"",""customerIdentifier"":""cust_YN5PUZSTRX"",""productServiceIdentifier"":""prod_P85ZEALVWQ"",""description"":""COMMUNITY_MEMBERSHIP_FEE"",""referenceNumber"":""ref_BTHT9O2B5T"",""commissionRateInPaise"":18644}"
tx_ttbmdz2flrq,MERCHANT_LEDGER,inv_2PTV0O1DLB,984454,INR,2026-07-19,2026-08-15T17:47:49.246Z,MERCHANT_LEDGER: 9844.54 INR - REFUNDED_CUSTOMER_REQUEST,"{""merchantIdentifier"":""MERCHANT_001"",""customerIdentifier"":""cust_FPZ809FDKU"",""productServiceIdentifier"":""prod_VJI4Y34DRX"",""description"":""CHARGEBACK_CUSTOMER_DISPUTE"",""referenceNumber"":""ref_BI28X747QH"",""commissionRateInPaise"":29533}"
tx_93ckqxlcjiu,MERCHANT_LEDGER,inv_C1T5AXOML9,475296,INR,2026-08-21,2026-08-15T03:15:59.246Z,MERCHANT_LEDGER: 4752.96 INR - PLATFORM_MAINTENANCE_FEE,"{""merchantIdentifier"":""MERCHANT_001"",""customerIdentifier"":""cust_TZYG9Q1LL0"",""productServiceIdentifier"":""prod_0QUX9OESJP"",""description"":""REFUNDED_CUSTOMER_REQUEST"",""referenceNumber"":""ref_WOLZ9VAS66"",""commissionRateInPaise"":14258}"
tx_jcodb437zyl,MERCHANT_LEDGER,inv_Z8Z2B740IP,1031601,INR,2026-07-16,2026-08-17T01:34:19.246Z,MERCHANT_LEDGER: 10316.01 INR - REFUND_FOR_ORDER_INV_12345,"{""merchantIdentifier"":""MERCHANT_001"",""customerIdentifier"":""cust_UJ6BNDSLOT"",""productServiceIdentifier"":""prod_MX0Q91HYI4"",""description"":""ONLINE_SUBSCRIPTION_PURCHASE"",""referenceNumber"":""ref_VISPV5RVVT"",""commissionRateInPaise"":30948}"
tx_olykomgj62c,MERCHANT_LEDGER,inv_X00EJ45MOA,1507651,INR,2026-08-01,2026-08-13T22:14:52.246Z,MERCHANT_LEDGER: 15076.51 INR - REFUND_FOR_ORDER_INV_12345,"{""merchantIdentifier"":""MERCHANT_001"",""customerIdentifier"":""cust_OCT7X6HC0Z"",""productServiceIdentifier"":""prod_DDP1XH3Q16"",""description"":""E_COMMERCE_ONE_TIME_SALE"",""referenceNumber"":""ref_W1C8E93VSJ"",""commissionRateInPaise"":45229}"
tx_5ir4vzcvvah,MERCHANT_LEDGER,inv_DJC09M70NJ,883027,INR,2026-07-18,2026-08-20T08:44:34.246Z,MERCHANT_LEDGER: 8830.27 INR - SOFTWARE_LICENSE_RENEWAL,"{""merchantIdentifier"":""MERCHANT_001"",""customerIdentifier"":""cust_8E3B60P7JC"",""productServiceIdentifier"":""prod_9CQRPGCK9T"",""description"":""ONLINE_SUBSCRIPTION_PURCHASE"",""referenceNumber"":""ref_7KTZB4I758"",""commissionRateInPaise"":26490}"
tx_yz73v3ts64l,MERCHANT_LEDGER,inv_B3FFU6ROA6,1661362,INR,2026-08-17,2026-08-17T01:20:31.246Z,MERCHANT_LEDGER: 16613.62 INR - SOFTWARE_LICENSE_RENEWAL,"{""merchantIdentifier"":""MERCHANT_001"",""customerIdentifier"":""cust_DQB2VY5L4V"",""productServiceIdentifier"":""prod_X30IDHLEK2"",""description"":""CHARGEBACK_CUSTOMER_DISPUTE"",""referenceNumber"":""ref_WPNLNUC3F9"",""commissionRateInPaise"":49840}"
tx_fo5z35wzcs4,MERCHANT_LEDGER,inv_2FDTUXSR6K,302612,INR,2026-07-26,2026-08-15T19:55:57.246Z,MERCHANT_LEDGER: 3026.12 INR - ONLINE_SUBSCRIPTION_PURCHASE,"{""merchantIdentifier"":""MERCHANT_001"",""customerIdentifier"":""cust_92RHPWP40J"",""productServiceIdentifier"":""prod_82846QVO1L"",""description"":""ANNUAL_PREMIUM_UPGRADE"",""referenceNumber"":""ref_41RAIN4V2Q"",""commissionRateInPaise"":9078}"
tx_r9yc0hs1r5c,MERCHANT_LEDGER,inv_B0PTMG5BV6,1702299,INR,2026-07-29,2026-08-16T21:46:21.246Z,MERCHANT_LEDGER: 17022.99 INR - SOFTWARE_LICENSE_RENEWAL,"{""merchantIdentifier"":""MERCHANT_001"",""customerIdentifier"":""cust_RIA1IKXLKZ"",""productServiceIdentifier"":""prod_D0WW06EXU6"",""description"":""CHARITABLE_DONATION"",""referenceNumber"":""ref_4P0ENLKZTP"",""commissionRateInPaise"":51068}"
tx_kekd0kpqlh,MERCHANT_LEDGER,inv_0SIE5Y4PM2,597167,INR,2026-08-13,2026-08-20T08:40:39.246Z,MERCHANT_LEDGER: 5971.67 INR - REFUNDED_CUSTOMER_REQUEST,"{""merchantIdentifier"":""MERCHANT_001"",""customerIdentifier"":""cust_H51HNZYVZN"",""productServiceIdentifier"":""prod_UFNFYSI4RK"",""description"":""E_COMMERCE_ONE_TIME_SALE"",""referenceNumber"":""ref_3HCD9ILNPH"",""commissionRateInPaise"":17915}"
tx_wg5pzl49lg8,MERCHANT_LEDGER,inv_B2MOKKPXIC,537754,INR,2026-07-29,2026-08-16T21:40:12.246Z,MERCHANT_LEDGER: 5377.54 INR - REFUNDED_CUSTOMER_REQUEST,"{""merchantIdentifier"":""MERCHANT_001"",""customerIdentifier"":""cust_NJ5CZHFXYL"",""productServiceIdentifier"":""prod_H9VN8JKBM5"",""description"":""REFUND_FOR_ORDER_INV_12345"",""referenceNumber"":""ref_UKTTM9SK77"",""commissionRateInPaise"":16132}"
tx_4yebhv9oj3t,MERCHANT_LEDGER,inv_FRHTZI2KTQ,735620,INR,2026-08-22,2026-08-17T13:15:24.246Z,MERCHANT_LEDGER: 7356.2 INR - PLATFORM_MAINTENANCE_FEE,"{""merchantIdentifier"":""MERCHANT_001"",""customerIdentifier"":""cust_FV3W1RG5EJ"",""productServiceIdentifier"":""prod_N0VK0CRXLF"",""description"":""REFUND_FOR_ORDER_INV_12345"",""referenceNumber"":""ref_SSZE2XW9BH"",""commissionRateInPaise"":22068}"
tx_ukp3em6wcj,MERCHANT_LEDGER,inv_EWHROVECK3,1085981,INR,2026-07-28,2026-08-21T03:33:31.246Z,MERCHANT_LEDGER: 10859.81 INR - CHARGEBACK_CUSTOMER_DISPUTE,"{""merchantIdentifier"":""MERCHANT_001"",""customerIdentifier"":""cust_SBSLIYDBPR"",""productServiceIdentifier"":""prod_O1NJA28QBV"",""description"":""CHARGEBACK_CUSTOMER_DISPUTE"",""referenceNumber"":""ref_MMLICPGJI2"",""commissionRateInPaise"":32579}"
tx_dhd4xjlxoil,MERCHANT_LEDGER,inv_YT46NSW0KX,1245343,INR,2026-08-19,2026-08-14T00:41:27.246Z,MERCHANT_LEDGER: 12453.43 INR - CHARITABLE_DONATION,"{""merchantIdentifier"":""MERCHANT_001"",""customerIdentifier"":""cust_KZ0158Q5QA"",""productServiceIdentifier"":""prod_IR0USLG75H"",""description"":""MONTHLY_SERVICE_SUBSCRIPTION"",""referenceNumber"":""ref_CPMTOUVCPZ"",""commissionRateInPaise"":37360}"
tx_25qk9971k4r,MERCHANT_LEDGER,inv_9O01GNKXCW,747830,INR,2026-07-07,2026-08-17T21:43:29.246Z,MERCHANT_LEDGER: 7478.3 INR - REFUND_FOR_ORDER_INV_12345,"{""merchantIdentifier"":""MERCHANT_001"",""customerIdentifier"":""cust_YHWF9KR7LR"",""productServiceIdentifier"":""prod_ZIKOD8A6L8"",""description"":""MONTHLY_SERVICE_SUBSCRIPTION"",""referenceNumber"":""ref_HT9DFAWQ9N"",""commissionRateInPaise"":22434}"
tx_otuzdzdlkyd,MERCHANT_LEDGER,inv_6TCJ9MR0YN,1963119,INR,2026-08-17,2026-08-18T01:24:04.246Z,MERCHANT_LEDGER: 19631.19 INR - CHARGEBACK_CUSTOMER_DISPUTE,"{""merchantIdentifier"":""MERCHANT_001"",""customerIdentifier"":""cust_EKYYIMHPEA"",""productServiceIdentifier"":""prod_GX0WYAA6VT"",""description"":""MONTHLY_SERVICE_SUBSCRIPTION"",""referenceNumber"":""ref_HU7MMAXI27"",""commissionRateInPaise"":58893}"
tx_ykamgthgfkg,MERCHANT_LEDGER,inv_0AVOE30DEO,1228605,INR,2026-07-25,2026-08-15T01:25:24.246Z,MERCHANT_LEDGER: 12286.05 INR - REFUNDED_CUSTOMER_REQUEST,"{""merchantIdentifier"":""MERCHANT_001"",""customerIdentifier"":""cust_VHPXEQFYZM"",""productServiceIdentifier"":""prod_2JDAT4P6ZA"",""description"":""CHARGEBACK_CUSTOMER_DISPUTE"",""referenceNumber"":""ref_O3Y5XXO6XZ"",""commissionRateInPaise"":36858}"
tx_mozcooiiqr,MERCHANT_LEDGER,inv_6J3AOYO0IG,631971,INR,2026-07-07,2026-08-17T12:40:46.246Z,MERCHANT_LEDGER: 6319.71 INR - CHARGEBACK_CUSTOMER_DISPUTE,"{""merchantIdentifier"":""MERCHANT_001"",""customerIdentifier"":""cust_40MK5MGEDD"",""productServiceIdentifier"":""prod_TZ95NHV3AN"",""description"":""SOFTWARE_LICENSE_RENEWAL"",""referenceNumber"":""ref_HR9ZB7K7WE"",""commissionRateInPaise"":18959}"
tx_bk3qq4zzpom,MERCHANT_LEDGER,inv_R7Y5TH3SES,555969,INR,2026-06-26,2026-08-13T23:41:43.246Z,MERCHANT_LEDGER: 5559.69 INR - ONLINE_SUBSCRIPTION_PURCHASE,"{""merchantIdentifier"":""MERCHANT_001"",""customerIdentifier"":""cust_40JN81OCDQ"",""productServiceIdentifier"":""prod_SOJK5SMU7O"",""description"":""ANNUAL_PREMIUM_UPGRADE"",""referenceNumber"":""ref_RLL73NW7N6"",""commissionRateInPaise"":16679}"
tx_zlbbwon9kym,MERCHANT_LEDGER,inv_8VZ4EY2FLN,1822222,INR,2026-08-01,2026-08-14T21:26:45.246Z,MERCHANT_LEDGER: 18222.22 INR - DIGITAL_GOODS_EBOOK_DOWNLOAD,"{""merchantIdentifier"":""MERCHANT_001"",""customerIdentifier"":""cust_T61I73UCDD"",""productServiceIdentifier"":""prod_M0M0H1Q8P5"",""description"":""DIGITAL_GOODS_EBOOK_DOWNLOAD"",""referenceNumber"":""ref_MWOA6GLJ01"",""commissionRateInPaise"":54666}"
tx_9hmgho6y9ve,MERCHANT_LEDGER,inv_WHI68RJYOQ,178262,INR,2026-06-27,2026-08-14T01:33:32.246Z,MERCHANT_LEDGER: 1782.62 INR - CHARGEBACK_CUSTOMER_DISPUTE,"{""merchantIdentifier"":""MERCHANT_001"",""customerIdentifier"":""cust_HA8PEXYS49"",""productServiceIdentifier"":""prod_LFICSGT572"",""description"":""CHARGEBACK_CUSTOMER_DISPUTE"",""referenceNumber"":""ref_4CP0QA8C7Z"",""commissionRateInPaise"":5347}"
tx_tdr7vpr0pz,MERCHANT_LEDGER,inv_032SNOTL8S,319022,INR,2026-08-13,2026-08-18T08:38:04.246Z,MERCHANT_LEDGER: 3190.22 INR - ONLINE_SUBSCRIPTION_PURCHASE,"{""merchantIdentifier"":""MERCHANT_001"",""customerIdentifier"":""cust_ACDGXGQMOD"",""productServiceIdentifier"":""prod_C91I07DXAJ"",""description"":""E_COMMERCE_ONE_TIME_SALE"",""referenceNumber"":""ref_PV3W5BPML6"",""commissionRateInPaise"":9570}"
tx_pdox6zuofo,MERCHANT_LEDGER,inv_7HJ46V42NB,1491923,INR,2026-08-01,2026-08-15T09:08:05.246Z,MERCHANT_LEDGER: 14919.23 INR - CHARITABLE_DONATION,"{""merchantIdentifier"":""MERCHANT_001"",""customerIdentifier"":""cust_6I0UP8BXWR"",""productServiceIdentifier"":""prod_1EWFHDAZOR"",""description"":""CHARGEBACK_CUSTOMER_DISPUTE"",""referenceNumber"":""ref_RCCW4R9ZPJ"",""commissionRateInPaise"":44757}"
tx_osf01c2ngx,MERCHANT_LEDGER,inv_GB9HKGMLOY,927986,INR,2026-07-23,2026-08-18T08:53:39.246Z,MERCHANT_LEDGER: 9279.86 INR - ANNUAL_PREMIUM_UPGRADE,"{""merchantIdentifier"":""MERCHANT_001"",""customerIdentifier"":""cust_9BESAA5OOY"",""productServiceIdentifier"":""prod_GGKYPKYGV1"",""description"":""DIGITAL_GOODS_EBOOK_DOWNLOAD"",""referenceNumber"":""ref_68XYHJMGRG"",""commissionRateInPaise"":27839}"
tx_tvh7qu15s9,MERCHANT_LEDGER,inv_ZE4SAC3VMA,502664,INR,2026-07-16,2026-08-16T18:00:06.246Z,MERCHANT_LEDGER: 5026.64 INR - E_COMMERCE_ONE_TIME_SALE,"{""merchantIdentifier"":""MERCHANT_001"",""customerIdentifier"":""cust_M0LEYX0QSL"",""productServiceIdentifier"":""prod_1V819B90ZF"",""description"":""MONTHLY_SERVICE_SUBSCRIPTION"",""referenceNumber"":""ref_65TT9XMTTH"",""commissionRateInPaise"":15079}"
tx_njuq7hw00p,MERCHANT_LEDGER,inv_KSGM40L38T,1233740,INR,2026-07-22,2026-08-15T07:50:14.246Z,MERCHANT_LEDGER: 12337.4 INR - ONLINE_SUBSCRIPTION_PURCHASE,"{""merchantIdentifier"":""MERCHANT_001"",""customerIdentifier"":""cust_Y0C4CXSG3K"",""productServiceIdentifier"":""prod_76EFTSM3Z8"",""description"":""PLATFORM_MAINTENANCE_FEE"",""referenceNumber"":""ref_6LNJFAT83S"",""commissionRateInPaise"":37012}"
tx_kj2n3ihrmbm,MERCHANT_LEDGER,inv_PDV3JGJVJR,1954698,INR,2026-07-22,2026-08-23T11:48:25.246Z,MERCHANT_LEDGER: 19546.98 INR - REFUND_FOR_ORDER_INV_12345,"{""merchantIdentifier"":""MERCHANT_001"",""customerIdentifier"":""cust_PETB9UYGDP"",""productServiceIdentifier"":""prod_WYMWH7HGMR"",""description"":""ANNUAL_PREMIUM_UPGRADE"",""referenceNumber"":""ref_1OLOPPZ0WF"",""commissionRateInPaise"":58640}"
tx_d6f7oz3hffq,MERCHANT_LEDGER,inv_XFY28NWLBF,155055,INR,2026-08-10,2026-08-16T13:29:34.246Z,MERCHANT_LEDGER: 1550.55 INR - COMMUNITY_MEMBERSHIP_FEE,"{""merchantIdentifier"":""MERCHANT_001"",""customerIdentifier"":""cust_H2Q0KKDLZT"",""productServiceIdentifier"":""prod_DEZN4HRKU5"",""description"":""PLATFORM_MAINTENANCE_FEE"",""referenceNumber"":""ref_KQUKNNB26I"",""commissionRateInPaise"":4651}"
tx_mzplklfs9re,MERCHANT_LEDGER,inv_XVKRE4Z4E0,100063,INR,2026-07-18,2026-08-16T22:50:47.246Z,MERCHANT_LEDGER: 1000.63 INR - ANNUAL_PREMIUM_UPGRADE,"{""merchantIdentifier"":""MERCHANT_001"",""customerIdentifier"":""cust_AL9R0E0TSG"",""productServiceIdentifier"":""prod_ION96EEMVE"",""description"":""SOFTWARE_LICENSE_RENEWAL"",""referenceNumber"":""ref_YCDCZM8RUO"",""commissionRateInPaise"":3001}"
tx_53eoow125x3,MERCHANT_LEDGER,inv_8V86VD369X,1639013,INR,2026-07-17,2026-08-22T10:23:28.246Z,MERCHANT_LEDGER: 16390.13 INR - ANNUAL_PREMIUM_UPGRADE,"{""merchantIdentifier"":""MERCHANT_001"",""customerIdentifier"":""cust_3TUGWGJ9TP"",""productServiceIdentifier"":""prod_B0IO96THEQ"",""description"":""E_COMMERCE_ONE_TIME_SALE"",""referenceNumber"":""ref_4DILZ5AM1E"",""commissionRateInPaise"":49170}"
tx_69b9v90nvdu,MERCHANT_LEDGER,inv_BHTT905GVB,779521,INR,2026-07-05,2026-08-21T00:05:38.246Z,MERCHANT_LEDGER: 7795.21 INR - SOFTWARE_LICENSE_RENEWAL,"{""merchantIdentifier"":""MERCHANT_001"",""customerIdentifier"":""cust_MD6KDHA89M"",""productServiceIdentifier"":""prod_1U4UFP94ZF"",""description"":""COMMUNITY_MEMBERSHIP_FEE"",""referenceNumber"":""ref_MKSXAK54FH"",""commissionRateInPaise"":23385}"
tx_ysklr8r4bcq,MERCHANT_LEDGER,inv_7X7KCMDV02,641302,INR,2026-07-18,2026-08-20T04:40:31.246Z,MERCHANT_LEDGER: 6413.02 INR - ANNUAL_PREMIUM_UPGRADE,"{""merchantIdentifier"":""MERCHANT_001"",""customerIdentifier"":""cust_H9RDKUIFDN"",""productServiceIdentifier"":""prod_5SQSY4U57Q"",""description"":""REFUNDED_CUSTOMER_REQUEST"",""referenceNumber"":""ref_SBL83O4HM7"",""commissionRateInPaise"":19239}"
tx_lxdnvpy09s9,MERCHANT_LEDGER,inv_NSNO4CYRL6,356339,INR,2026-08-21,2026-08-21T21:29:18.246Z,MERCHANT_LEDGER: 3563.39 INR - COMMUNITY_MEMBERSHIP_FEE,"{""merchantIdentifier"":""MERCHANT_001"",""customerIdentifier"":""cust_EJHJT8HXZE"",""productServiceIdentifier"":""prod_YK5Y7B3BKT"",""description"":""SOFTWARE_LICENSE_RENEWAL"",""referenceNumber"":""ref_464NV4DD3B"",""commissionRateInPaise"":10690}"
tx_79vfg1d7kv7,MERCHANT_LEDGER,inv_TUIDHB6IYY,288325,INR,2026-08-13,2026-08-20T21:51:38.246Z,MERCHANT_LEDGER: 2883.25 INR - MONTHLY_SERVICE_SUBSCRIPTION,"{""merchantIdentifier"":""MERCHANT_001"",""customerIdentifier"":""cust_ESQ4217I8O"",""productServiceIdentifier"":""prod_C0S9IIONWO"",""description"":""E_COMMERCE_ONE_TIME_SALE"",""referenceNumber"":""ref_BD5H1JEFTW"",""commissionRateInPaise"":8649}"
tx_oudud8zdp5,MERCHANT_LEDGER,inv_DOSWY174UL,1731551,INR,2026-07-26,2026-08-20T18:17:13.246Z,MERCHANT_LEDGER: 17315.51 INR - ONLINE_SUBSCRIPTION_PURCHASE,"{""merchantIdentifier"":""MERCHANT_001"",""customerIdentifier"":""cust_SWZJOUY9B1"",""productServiceIdentifier"":""prod_DAUVR6NJ3H"",""description"":""MONTHLY_SERVICE_SUBSCRIPTION"",""referenceNumber"":""ref_V5IKI3NQV2"",""commissionRateInPaise"":51946}"
tx_7dy8cjws0vw,MERCHANT_LEDGER,inv_RD7IU2IBXC,1346728,INR,2026-07-16,2026-08-18T15:55:00.246Z,MERCHANT_LEDGER: 13467.28 INR - ANNUAL_PREMIUM_UPGRADE,"{""merchantIdentifier"":""MERCHANT_001"",""customerIdentifier"":""cust_9KMP2TPVP"",""productServiceIdentifier"":""prod_KZZJ0AYO8R"",""description"":""SOFTWARE_LICENSE_RENEWAL"",""referenceNumber"":""ref_WQHS512RCL"",""commissionRateInPaise"":40401}"
tx_w2c0qq9j38p,MERCHANT_LEDGER,inv_PJC26F0SLB,210892,INR,2026-07-15,2026-08-14T16:20:54.246Z,MERCHANT_LEDGER: 2108.92 INR - ANNUAL_PREMIUM_UPGRADE,"{""merchantIdentifier"":""MERCHANT_001"",""customerIdentifier"":""cust_444QM9U9ET"",""productServiceIdentifier"":""prod_HED9U7FONI"",""description"":""CHARGEBACK_CUSTOMER_DISPUTE"",""referenceNumber"":""ref_6NL0RD6CGD"",""commissionRateInPaise"":6326}"
tx_hbk2i05lqxf,MERCHANT_LEDGER,inv_16AKIY45DS,1255332,INR,2026-08-14,2026-08-17T15:35:29.246Z,MERCHANT_LEDGER: 12553.32 INR - MONTHLY_SERVICE_SUBSCRIPTION,"{""merchantIdentifier"":""MERCHANT_001"",""customerIdentifier"":""cust_7AG0KFEME3"",""productServiceIdentifier"":""prod_LD2ODH4EC8"",""description"":""E_COMMERCE_ONE_TIME_SALE"",""referenceNumber"":""ref_I8CIE9LG4H"",""commissionRateInPaise"":37659}"
tx_l1115qs7ua,MERCHANT_LEDGER,inv_NALTVWMLAT,1444102,INR,2026-08-13,2026-08-23T17:55:11.246Z,MERCHANT_LEDGER: 14441.02 INR - ANNUAL_PREMIUM_UPGRADE,"{""merchantIdentifier"":""MERCHANT_001"",""customerIdentifier"":""cust_PTQE9AXGEL"",""productServiceIdentifier"":""prod_48PJJJ5HT3"",""description"":""CHARGEBACK_CUSTOMER_DISPUTE"",""referenceNumber"":""ref_79ZEJIDP7N"",""commissionRateInPaise"":43323}"
tx_mp6r643e079,MERCHANT_LEDGER,inv_GC2TKXJC96,1084777,INR,2026-08-01,2026-08-22T19:56:16.246Z,MERCHANT_LEDGER: 10847.77 INR - PLATFORM_MAINTENANCE_FEE,"{""merchantIdentifier"":""MERCHANT_001"",""customerIdentifier"":""cust_UVPEY2FJL8"",""productServiceIdentifier"":""prod_DARF8O1ML2"",""description"":""REFUNDED_CUSTOMER_REQUEST"",""referenceNumber"":""ref_BJK461L9ZF"",""commissionRateInPaise"":32543}"
tx_bi4gndvg4,MERCHANT_LEDGER,inv_CVTWXRQVFW,779908,INR,2026-08-01,2026-08-18T12:21:01.246Z,MERCHANT_LEDGER: 7799.08 INR - COMMUNITY_MEMBERSHIP_FEE,"{""merchantIdentifier"":""MERCHANT_001"",""customerIdentifier"":""cust_LVSA0GF8W0"",""productServiceIdentifier"":""prod_U70WDPEUB"",""description"":""CHARGEBACK_CUSTOMER_DISPUTE"",""referenceNumber"":""ref_D12F7W8FOY"",""commissionRateInPaise"":23397}"
tx_k3s02571vrq,MERCHANT_LEDGER,inv_1F3IW62DN6,1183957,INR,2026-07-24,2026-08-14T18:19:09.246Z,MERCHANT_LEDGER: 11839.57 INR - CHARGEBACK_CUSTOMER_DISPUTE,"{""merchantIdentifier"":""MERCHANT_001"",""customerIdentifier"":""cust_RC5EVZPIFK"",""productServiceIdentifier"":""prod_2QZGHQPQG1"",""description"":""PLATFORM_MAINTENANCE_FEE"",""referenceNumber"":""ref_N13QR7UR13"",""commissionRateInPaise"":35518}"
tx_8hkyrlhjdsd,MERCHANT_LEDGER,inv_JGKNHYTRBT,1756639,INR,2026-08-03,2026-08-16T04:57:47.246Z,MERCHANT_LEDGER: 17566.39 INR - REFUNDED_CUSTOMER_REQUEST,"{""merchantIdentifier"":""MERCHANT_001"",""customerIdentifier"":""cust_2KTAD84IYP"",""productServiceIdentifier"":""prod_TKFI86IBAD"",""description"":""CHARGEBACK_CUSTOMER_DISPUTE"",""referenceNumber"":""ref_ONMJDL31S9"",""commissionRateInPaise"":52699}"
tx_zo9v366cjjs,MERCHANT_LEDGER,inv_548JYZHMR4,87606,INR,2026-07-07,2026-08-21T01:30:44.246Z,MERCHANT_LEDGER: 876.06 INR - CHARITABLE_DONATION,"{""merchantIdentifier"":""MERCHANT_001"",""customerIdentifier"":""cust_53Z64OB5CK"",""productServiceIdentifier"":""prod_4OMC1BV1E8"",""description"":""ONLINE_SUBSCRIPTION_PURCHASE"",""referenceNumber"":""ref_5VI6R43F9E"",""commissionRateInPaise"":2628}"
tx_p060jqeno5,MERCHANT_LEDGER,inv_NX0CLI1KV5,258836,INR,2026-08-23,2026-08-16T23:43:55.246Z,MERCHANT_LEDGER: 2588.36 INR - ANNUAL_PREMIUM_UPGRADE,"{""merchantIdentifier"":""MERCHANT_001"",""customerIdentifier"":""cust_BIF192EP6F"",""productServiceIdentifier"":""prod_G762E434U9"",""description"":""ONLINE_SUBSCRIPTION_PURCHASE"",""referenceNumber"":""ref_XR3BRR79WH"",""commissionRateInPaise"":7765}"
tx_et6rxj2swxr,MERCHANT_LEDGER,inv_15RRE5KGJK,51952,INR,2026-07-03,2026-08-20T06:39:55.246Z,MERCHANT_LEDGER: 519.52 INR - PLATFORM_MAINTENANCE_FEE,"{""merchantIdentifier"":""MERCHANT_001"",""customerIdentifier"":""cust_QJ1Q972WB6"",""productServiceIdentifier"":""prod_Q48SSH76CB"",""description"":""DIGITAL_GOODS_EBOOK_DOWNLOAD"",""referenceNumber"":""ref_JNREZNY9ZR"",""commissionRateInPaise"":1558}"
tx_k80k6vlgrpj,MERCHANT_LEDGER,inv_9Q0JI8UJW9,1707179,INR,2026-07-17,2026-08-18T13:45:14.246Z,MERCHANT_LEDGER: 17071.79 INR - E_COMMERCE_ONE_TIME_SALE,"{""merchantIdentifier"":""MERCHANT_001"",""customerIdentifier"":""cust_UFIV8BLP69"",""productServiceIdentifier"":""prod_JGFTZS66X1"",""description"":""ONLINE_SUBSCRIPTION_PURCHASE"",""referenceNumber"":""ref_73G54IITDM"",""commissionRateInPaise"":51215}"
tx_r2tsdxjf6tj,MERCHANT_LEDGER,inv_YFSWBJKGT2,1936580,INR,2026-06-25,2026-08-19T14:28:05.246Z,MERCHANT_LEDGER: 19365.8 INR - SOFTWARE_LICENSE_RENEWAL,"{""merchantIdentifier"":""MERCHANT_001"",""customerIdentifier"":""cust_1RGN4VDQRL"",""productServiceIdentifier"":""prod_D3VB34ENWT"",""description"":""REFUND_FOR_ORDER_INV_12345"",""referenceNumber"":""ref_ESCPMXWJAG"",""commissionRateInPaise"":58097}"
tx_t6o36h47bma,MERCHANT_LEDGER,inv_FN72K7N0QG,157718,INR,2026-06-25,2026-08-18T01:12:15.246Z,MERCHANT_LEDGER: 1577.18 INR - ANNUAL_PREMIUM_UPGRADE,"{""merchantIdentifier"":""MERCHANT_001"",""customerIdentifier"":""cust_KHNDFAW9RF"",""productServiceIdentifier"":""prod_Q9AKZRCG7M"",""description"":""MONTHLY_SERVICE_SUBSCRIPTION"",""referenceNumber"":""ref_OEBONAHDAF"",""commissionRateInPaise"":4731}"
tx_x2hf59h5f1k,MERCHANT_LEDGER,inv_F4MIEECW0Z,385576,INR,2026-07-18,2026-08-18T12:09:15.246Z,MERCHANT_LEDGER: 3855.76 INR - MONTHLY_SERVICE_SUBSCRIPTION,"{""merchantIdentifier"":""MERCHANT_001"",""customerIdentifier"":""cust_R8O57GDDN5"",""productServiceIdentifier"":""prod_N5IPJ0NB41"",""description"":""REFUND_FOR_ORDER_INV_12345"",""referenceNumber"":""ref_3DU1RHTIKR"",""commissionRateInPaise"":11567}"
tx_nmsf42nivpj,MERCHANT_LEDGER,inv_081VGBGIZL,937273,INR,2026-06-25,2026-08-13T22:34:59.246Z,MERCHANT_LEDGER: 9372.73 INR - ANNUAL_PREMIUM_UPGRADE,"{""merchantIdentifier"":""MERCHANT_001"",""customerIdentifier"":""cust_RX0U19EY4E"",""productServiceIdentifier"":""prod_60XP698690"",""description"":""ONLINE_SUBSCRIPTION_PURCHASE"",""referenceNumber"":""ref_BI2HKWF2JF"",""commissionRateInPaise"":28118}"
tx_8syjkjw8hjv,MERCHANT_LEDGER,inv_6CTRQYYH4H,1997913,INR,2026-08-19,2026-08-20T23:46:02.246Z,MERCHANT_LEDGER: 19979.13 INR - REFUNDED_CUSTOMER_REQUEST,"{""merchantIdentifier"":""MERCHANT_001"",""customerIdentifier"":""cust_C4JNVHNHSZ"",""productServiceIdentifier"":""prod_X7D29GF95Y"",""description"":""ANNUAL_PREMIUM_UPGRADE"",""referenceNumber"":""ref_B8CVI7ECK4"",""commissionRateInPaise"":59937}"
tx_xynzsfqe4ve,MERCHANT_LEDGER,inv_E8O4PO6KN4,1044054,INR,2026-06-25,2026-08-17T13:46:58.246Z,MERCHANT_LEDGER: 10440.54 INR - MONTHLY_SERVICE_SUBSCRIPTION,"{""merchantIdentifier"":""MERCHANT_001"",""customerIdentifier"":""cust_68BNL7FOGL"",""productServiceIdentifier"":""prod_XGLODZ5C4W"",""description"":""DIGITAL_GOODS_EBOOK_DOWNLOAD"",""referenceNumber"":""ref_6MB6OKDPL7"",""commissionRateInPaise"":31321}"
tx_eqcnfqrkec6,MERCHANT_LEDGER,inv_5QXPPAE52G,1612487,INR,2026-08-12,2026-08-16T09:01:55.246Z,MERCHANT_LEDGER: 16124.87 INR - ONLINE_SUBSCRIPTION_PURCHASE,"{""merchantIdentifier"":""MERCHANT_001"",""customerIdentifier"":""cust_XUQT8NROVN"",""productServiceIdentifier"":""prod_J1G6N2VXI4"",""description"":""SOFTWARE_LICENSE_RENEWAL"",""referenceNumber"":""ref_NDY4C0AG15"",""commissionRateInPaise"":48374}"
tx_fsohxfb2e4n,MERCHANT_LEDGER,inv_5PVEUDX524,1433827,INR,2026-08-04,2026-08-15T01:41:27.246Z,MERCHANT_LEDGER: 14338.27 INR - CHARITABLE_DONATION,"{""merchantIdentifier"":""MERCHANT_001"",""customerIdentifier"":""cust_Z2RKOG96W5"",""productServiceIdentifier"":""prod_GCM81G0MH3"",""description"":""ONLINE_SUBSCRIPTION_PURCHASE"",""referenceNumber"":""ref_BIJYXV6HY2"",""commissionRateInPaise"":43014}"
tx_bbnd66bo0oi,MERCHANT_LEDGER,inv_ONAJYOSQ6B,744373,INR,2026-06-30,2026-08-15T06:06:19.246Z,MERCHANT_LEDGER: 7443.73 INR - ANNUAL_PREMIUM_UPGRADE,"{""merchantIdentifier"":""MERCHANT_001"",""customerIdentifier"":""cust_84L6YY2SM7"",""productServiceIdentifier"":""prod_4NWH1OX3WL"",""description"":""REFUND_FOR_ORDER_INV_12345"",""referenceNumber"":""ref_BAOAOTRYV1"",""commissionRateInPaise"":22331}"
tx_unaxd6dp4y,MERCHANT_LEDGER,inv_ZW7Q3PAA8G,969095,INR,2026-08-01,2026-08-14T14:40:24.246Z,MERCHANT_LEDGER: 9690.95 INR - CHARITABLE_DONATION,"{""merchantIdentifier"":""MERCHANT_001"",""customerIdentifier"":""cust_26X8B8IJ5E"",""productServiceIdentifier"":""prod_P4BPIZ5CU9"",""description"":""REFUND_FOR_ORDER_INV_12345"",""referenceNumber"":""ref_JTTYFWLLK8"",""commissionRateInPaise"":29072}"
tx_4wwfhqckjvt,MERCHANT_LEDGER,inv_WXF1KRHOW0,595167,INR,2026-07-11,2026-08-21T04:23:20.246Z,MERCHANT_LEDGER: 5951.67 INR - ANNUAL_PREMIUM_UPGRADE,"{""merchantIdentifier"":""MERCHANT_001"",""customerIdentifier"":""cust_Z11X6O1EY7"",""productServiceIdentifier"":""prod_FZVPY7ANMG"",""description"":""PLATFORM_MAINTENANCE_FEE"",""referenceNumber"":""ref_5WVE8WY141"",""commissionRateInPaise"":17855}"
tx_8lnc5vslwih,MERCHANT_LEDGER,inv_PN2WCPMYWD,1190741,INR,2026-08-18,2026-08-21T08:41:52.246Z,MERCHANT_LEDGER: 11907.41 INR - COMMUNITY_MEMBERSHIP_FEE,"{""merchantIdentifier"":""MERCHANT_001"",""customerIdentifier"":""cust_HG7SLJEJHT"",""productServiceIdentifier"":""prod_NAFS6C1OJ3"",""description"":""REFUNDED_CUSTOMER_REQUEST"",""referenceNumber"":""ref_8TAB66ZVET"",""commissionRateInPaise"":35722}"
tx_crmdqgx69l,MERCHANT_LEDGER,inv_WKQWADPJN2,1577298,INR,2026-07-19,2026-08-21T07:35:20.246Z,MERCHANT_LEDGER: 15772.98 INR - CHARITABLE_DONATION,"{""merchantIdentifier"":""MERCHANT_001"",""customerIdentifier"":""cust_LGBK7NI9JB"",""productServiceIdentifier"":""prod_U9ZC74UQO8"",""description"":""PLATFORM_MAINTENANCE_FEE"",""referenceNumber"":""ref_MM64BDAJK4"",""commissionRateInPaise"":47318}"
tx_9q8eahvh6vu,MERCHANT_LEDGER,inv_K8PFZ0C6BU,197270,INR,2026-07-18,2026-08-23T05:45:03.246Z,MERCHANT_LEDGER: 1972.7 INR - MONTHLY_SERVICE_SUBSCRIPTION,"{""merchantIdentifier"":""MERCHANT_001"",""customerIdentifier"":""cust_ED0L34Q73M"",""productServiceIdentifier"":""prod_JFRDI8BHHA"",""description"":""ANNUAL_PREMIUM_UPGRADE"",""referenceNumber"":""ref_YK8ECJUWFG"",""commissionRateInPaise"":5918}"
tx_asqcqbzfmk,MERCHANT_LEDGER,inv_R8D9PHEVLD,186246,INR,2026-08-09,2026-08-13T18:48:00.246Z,MERCHANT_LEDGER: 1862.46 INR - DIGITAL_GOODS_EBOOK_DOWNLOAD,"{""merchantIdentifier"":""MERCHANT_001"",""customerIdentifier"":""cust_KQJKW0IGWW"",""productServiceIdentifier"":""prod_ZYIF3UAXOQ"",""description"":""DIGITAL_GOODS_EBOOK_DOWNLOAD"",""referenceNumber"":""ref_OFLTMDBAIW"",""commissionRateInPaise"":5587}"
tx_d8hx2xtwjsk,MERCHANT_LEDGER,inv_LNOOAO051U,406671,INR,2026-07-31,2026-08-22T07:36:11.246Z,MERCHANT_LEDGER: 4066.71 INR - COMMUNITY_MEMBERSHIP_FEE,"{""merchantIdentifier"":""MERCHANT_001"",""customerIdentifier"":""cust_NFD7EIBBLH"",""productServiceIdentifier"":""prod_LI6U3RCC1B"",""description"":""ONLINE_SUBSCRIPTION_PURCHASE"",""referenceNumber"":""ref_99QW0HS85I"",""commissionRateInPaise"":12200}"
tx_ivlah4lbqp,MERCHANT_LEDGER,inv_SZIJ13GJX4,1083612,INR,2026-07-27,2026-08-16T04:35:04.246Z,MERCHANT_LEDGER: 10836.12 INR - ONLINE_SUBSCRIPTION_PURCHASE,"{""merchantIdentifier"":""MERCHANT_001"",""customerIdentifier"":""cust_EE0BZ6UG0W"",""productServiceIdentifier"":""prod_K0H7M0ASCL"",""description"":""ONLINE_SUBSCRIPTION_PURCHASE"",""referenceNumber"":""ref_ZPY49AYI1X"",""commissionRateInPaise"":32508}"
tx_wfkrnamhgjs,MERCHANT_LEDGER,inv_4Y5BULM6JE,1657147,INR,2026-07-21,2026-08-22T00:24:07.246Z,MERCHANT_LEDGER: 16571.47 INR - REFUND_FOR_ORDER_INV_12345,"{""merchantIdentifier"":""MERCHANT_001"",""customerIdentifier"":""cust_3V0LFIW8ZZ"",""productServiceIdentifier"":""prod_6MXBBQTXQR"",""description"":""SOFTWARE_LICENSE_RENEWAL"",""referenceNumber"":""ref_7BS4FTQ92H"",""commissionRateInPaise"":49714}"
tx_qhgg26booc9,MERCHANT_LEDGER,inv_9LVKFEC4AT,1710578,INR,2026-06-27,2026-08-17T20:51:16.246Z,MERCHANT_LEDGER: 17105.78 INR - PLATFORM_MAINTENANCE_FEE,"{""merchantIdentifier"":""MERCHANT_001"",""customerIdentifier"":""cust_2TO0UOL34V"",""productServiceIdentifier"":""prod_LWM72VFKNM"",""description"":""MONTHLY_SERVICE_SUBSCRIPTION"",""referenceNumber"":""ref_EGE1L9436A"",""commissionRateInPaise"":51317}"
tx_bzjcm9sr9s6,MERCHANT_LEDGER,inv_MRAJ4JY2AZ,1433653,INR,2026-07-03,2026-08-18T18:56:31.246Z,MERCHANT_LEDGER: 14336.53 INR - DIGITAL_GOODS_EBOOK_DOWNLOAD,"{""merchantIdentifier"":""MERCHANT_001"",""customerIdentifier"":""cust_F10MHKGXGK"",""productServiceIdentifier"":""prod_RUJQNAF1LV"",""description"":""CHARGEBACK_CUSTOMER_DISPUTE"",""referenceNumber"":""ref_7SC6TGH3HW"",""commissionRateInPaise"":43009}"
tx_qin1djeld7b,MERCHANT_LEDGER,inv_04K1D1IA6T,564935,INR,2026-08-02,2026-08-18T18:16:59.246Z,MERCHANT_LEDGER: 5649.35 INR - PLATFORM_MAINTENANCE_FEE,"{""merchantIdentifier"":""MERCHANT_001"",""customerIdentifier"":""cust_T78UC64PP3"",""productServiceIdentifier"":""prod_D1QZASB8JD"",""description"":""COMMUNITY_MEMBERSHIP_FEE"",""referenceNumber"":""ref_KHPYRAZZXQ"",""commissionRateInPaise"":16948}"
tx_a9kpxjg3wd5,MERCHANT_LEDGER,inv_QHCMYINZ5N,1676862,INR,2026-07-05,2026-08-22T23:20:52.246Z,MERCHANT_LEDGER: 16768.62 INR - REFUNDED_CUSTOMER_REQUEST,"{""merchantIdentifier"":""MERCHANT_001"",""customerIdentifier"":""cust_NOIBT0KYNI"",""productServiceIdentifier"":""prod_1YXLPMYU95"",""description"":""PLATFORM_MAINTENANCE_FEE"",""referenceNumber"":""ref_K6J5YGXQN9"",""commissionRateInPaise"":50305}"
tx_rf4acxfcnv8,MERCHANT_LEDGER,inv_IE0A3XBX0F,249647,INR,2026-07-25,2026-08-18T18:12:12.246Z,MERCHANT_LEDGER: 2496.47 INR - SOFTWARE_LICENSE_RENEWAL,"{""merchantIdentifier"":""MERCHANT_001"",""customerIdentifier"":""cust_LBD5PTCBC0"",""productServiceIdentifier"":""prod_9OZ9X27ZKL"",""description"":""CHARGEBACK_CUSTOMER_DISPUTE"",""referenceNumber"":""ref_P81XG0WAUK"",""commissionRateInPaise"":7489}"
tx_lxfhqiosd1b,MERCHANT_LEDGER,inv_ZKTYWY10HO,1513904,INR,2026-06-27,2026-08-20T10:14:00.247Z,MERCHANT_LEDGER: 15139.04 INR - CHARGEBACK_CUSTOMER_DISPUTE,"{""merchantIdentifier"":""MERCHANT_001"",""customerIdentifier"":""cust_KOKP3H2V0E"",""productServiceIdentifier"":""prod_7NTPXBRYGK"",""description"":""COMMUNITY_MEMBERSHIP_FEE"",""referenceNumber"":""ref_H91VTENILK"",""commissionRateInPaise"":45417}"
tx_6t690s3aszs,MERCHANT_LEDGER,inv_0SMX6PTF9V,87280,INR,2026-07-21,2026-08-18T00:36:19.247Z,MERCHANT_LEDGER: 872.8 INR - REFUND_FOR_ORDER_INV_12345,"{""merchantIdentifier"":""MERCHANT_001"",""customerIdentifier"":""cust_VX1CDTEG9X"",""productServiceIdentifier"":""prod_K0FD0N32B6"",""description"":""SOFTWARE_LICENSE_RENEWAL"",""referenceNumber"":""ref_DI1UY6RE9I"",""commissionRateInPaise"":2618}"
tx_kq3hlgtxvz,MERCHANT_LEDGER,inv_D1D4L4N7DP,983264,INR,2026-07-11,2026-08-16T14:44:19.247Z,MERCHANT_LEDGER: 9832.64 INR - CHARGEBACK_CUSTOMER_DISPUTE,"{""merchantIdentifier"":""MERCHANT_001"",""customerIdentifier"":""cust_TE8WZ2JESZ"",""productServiceIdentifier"":""prod_8ZE4RXXGP8"",""description"":""REFUNDED_CUSTOMER_REQUEST"",""referenceNumber"":""ref_IGNZTTY4GQ"",""commissionRateInPaise"":29497}"
tx_6bzn7bp2jls,MERCHANT_LEDGER,inv_0NSS2ENMIE,916620,INR,2026-07-11,2026-08-22T06:16:51.247Z,MERCHANT_LEDGER: 9166.2 INR - ANNUAL_PREMIUM_UPGRADE,"{""merchantIdentifier"":""MERCHANT_001"",""customerIdentifier"":""cust_57Y11O5Q1Q"",""productServiceIdentifier"":""prod_XDOC9XW7ZH"",""description"":""DIGITAL_GOODS_EBOOK_DOWNLOAD"",""referenceNumber"":""ref_ZUU2HNFX88"",""commissionRateInPaise"":27498}"
tx_u52w3y9tit,MERCHANT_LEDGER,inv_ZHAPCLLK7Z,1725653,INR,2026-06-27,2026-08-21T10:54:55.247Z,MERCHANT_LEDGER: 17256.53 INR - ANNUAL_PREMIUM_UPGRADE,"{""merchantIdentifier"":""MERCHANT_001"",""customerIdentifier"":""cust_FQDWCXSJ5V"",""productServiceIdentifier"":""prod_DP29FO67QM"",""description"":""E_COMMERCE_ONE_TIME_SALE"",""referenceNumber"":""ref_C9E8X798KC"",""commissionRateInPaise"":51769}"
tx_ufm2j83khxn,MERCHANT_LEDGER,inv_8OC3M48XL3,1619484,INR,2026-08-23,2026-08-17T13:07:39.247Z,MERCHANT_LEDGER: 16194.84 INR - ANNUAL_PREMIUM_UPGRADE,"{""merchantIdentifier"":""MERCHANT_001"",""customerIdentifier"":""cust_J357JB4W1I"",""productServiceIdentifier"":""prod_ZRM20W5T05"",""description"":""REFUNDED_CUSTOMER_REQUEST"",""referenceNumber"":""ref_G7GTVJY4GN"",""commissionRateInPaise"":48584}"
tx_4cztqc0ve49,MERCHANT_LEDGER,inv_WI4658HF86,261669,INR,2026-07-13,2026-08-18T15:54:03.247Z,MERCHANT_LEDGER: 2616.69 INR - E_COMMERCE_ONE_TIME_SALE,"{""merchantIdentifier"":""MERCHANT_001"",""customerIdentifier"":""cust_7DFHKK1QZN"",""productServiceIdentifier"":""prod_EUQKJXMWGM"",""description"":""E_COMMERCE_ONE_TIME_SALE"",""referenceNumber"":""ref_00HB7V0V6I"",""commissionRateInPaise"":7850}"
tx_xbwhh643nqe,MERCHANT_LEDGER,inv_XY9IROYDGC,394930,INR,2026-07-18,2026-08-20T09:50:32.247Z,MERCHANT_LEDGER: 3949.3 INR - PLATFORM_MAINTENANCE_FEE,"{""merchantIdentifier"":""MERCHANT_001"",""customerIdentifier"":""cust_A4R6109XZ8"",""productServiceIdentifier"":""prod_FXVHH1FZX6"",""description"":""COMMUNITY_MEMBERSHIP_FEE"",""referenceNumber"":""ref_XLRVIR3YVM"",""commissionRateInPaise"":11847}"
tx_i38u1ziyimf,MERCHANT_LEDGER,inv_12FSL6DWBX,1206683,INR,2026-07-03,2026-08-22T19:46:45.247Z,MERCHANT_LEDGER: 12066.83 INR - ANNUAL_PREMIUM_UPGRADE,"{""merchantIdentifier"":""MERCHANT_001"",""customerIdentifier"":""cust_XY7PSXOB25"",""productServiceIdentifier"":""prod_W651WPCA6L"",""description"":""E_COMMERCE_ONE_TIME_SALE"",""referenceNumber"":""ref_DKUZ2IU6PG"",""commissionRateInPaise"":36200}"
tx_yfir5ijlw8,MERCHANT_LEDGER,inv_4QYDO0KY84,1530445,INR,2026-06-27,2026-08-17T15:55:38.247Z,MERCHANT_LEDGER: 15304.45 INR - COMMUNITY_MEMBERSHIP_FEE,"{""merchantIdentifier"":""MERCHANT_001"",""customerIdentifier"":""cust_MB78T33X2A"",""productServiceIdentifier"":""prod_KDW05R5RNR"",""description"":""E_COMMERCE_ONE_TIME_SALE"",""referenceNumber"":""ref_PN2VUMR6UF"",""commissionRateInPaise"":45913}"
tx_bwopactv10p,MERCHANT_LEDGER,inv_LJ7LDIDGYP,301632,INR,2026-07-17,2026-08-23T09:32:27.247Z,MERCHANT_LEDGER: 3016.32 INR - REFUNDED_CUSTOMER_REQUEST,"{""merchantIdentifier"":""MERCHANT_001"",""customerIdentifier"":""cust_RWAPE8IIZB"",""productServiceIdentifier"":""prod_UE61QVLZG0"",""description"":""COMMUNITY_MEMBERSHIP_FEE"",""referenceNumber"":""ref_RO81OQ2DW3"",""commissionRateInPaise"":9048}"
tx_9x4zr1otbiq,MERCHANT_LEDGER,inv_C2IFTMNCZM,481530,INR,2026-08-18,2026-08-13T22:09:30.247Z,MERCHANT_LEDGER: 4815.3 INR - CHARITABLE_DONATION,"{""merchantIdentifier"":""MERCHANT_001"",""customerIdentifier"":""cust_3BFAD77WOX"",""productServiceIdentifier"":""prod_X7HMKZCE83"",""description"":""REFUNDED_CUSTOMER_REQUEST"",""referenceNumber"":""ref_GLECGMA47W"",""commissionRateInPaise"":14445}"
tx_mkuu1vv6pw,MERCHANT_LEDGER,inv_5ZU4TC4YDU,973180,INR,2026-07-01,2026-08-14T23:23:46.247Z,MERCHANT_LEDGER: 9731.8 INR - E_COMMERCE_ONE_TIME_SALE,"{""merchantIdentifier"":""MERCHANT_001"",""customerIdentifier"":""cust_CV4JF9RFI"",""productServiceIdentifier"":""prod_XCLFVA3K3Z"",""description"":""REFUNDED_CUSTOMER_REQUEST"",""referenceNumber"":""ref_25FCJT7E23"",""commissionRateInPaise"":29195}"
tx_vuwa0bp0yf8,MERCHANT_LEDGER,inv_Y26RCX5E67,142204,INR,2026-08-18,2026-08-20T04:47:01.247Z,MERCHANT_LEDGER: 1422.04 INR - CHARGEBACK_CUSTOMER_DISPUTE,"{""merchantIdentifier"":""MERCHANT_001"",""customerIdentifier"":""cust_JZ1DOWU77E"",""productServiceIdentifier"":""prod_R9VN2N6QRQ"",""description"":""REFUND_FOR_ORDER_INV_12345"",""referenceNumber"":""ref_UIVKAZLKON"",""commissionRateInPaise"":4266}"
tx_9va4w2rw1n9,MERCHANT_LEDGER,inv_2Y2CDYM0U5,1695747,INR,2026-06-27,2026-08-18T10:56:21.247Z,MERCHANT_LEDGER: 16957.47 INR - REFUNDED_CUSTOMER_REQUEST,"{""merchantIdentifier"":""MERCHANT_001"",""customerIdentifier"":""cust_AJFODQZ497"",""productServiceIdentifier"":""prod_4SITOBW64S"",""description"":""COMMUNITY_MEMBERSHIP_FEE"",""referenceNumber"":""ref_TV8D7BNN92"",""commissionRateInPaise"":50872}"
tx_std40holle9,MERCHANT_LEDGER,inv_WGY7OJP1M7,1957752,INR,2026-07-18,2026-08-22T22:20:03.247Z,MERCHANT_LEDGER: 19577.52 INR - CHARGEBACK_CUSTOMER_DISPUTE,"{""merchantIdentifier"":""MERCHANT_001"",""customerIdentifier"":""cust_4HN9951OSR"",""productServiceIdentifier"":""prod_XK1SE31TWT"",""description"":""CHARGEBACK_CUSTOMER_DISPUTE"",""referenceNumber"":""ref_9YWHRRZQCK"",""commissionRateInPaise"":58732}"
tx_pwoevq5akek,MERCHANT_LEDGER,inv_Z78MQSME4L,1848331,INR,2026-07-30,2026-08-20T09:06:24.247Z,MERCHANT_LEDGER: 18483.31 INR - E_COMMERCE_ONE_TIME_SALE,"{""merchantIdentifier"":""MERCHANT_001"",""customerIdentifier"":""cust_ITJ3IWAWJB"",""productServiceIdentifier"":""prod_G1WSBKF2EG"",""description"":""DIGITAL_GOODS_EBOOK_DOWNLOAD"",""referenceNumber"":""ref_W8WJ8JHSQX"",""commissionRateInPaise"":55449}"
tx_cs1shx8qv3d,MERCHANT_LEDGER,inv_EBMIWXDQHC,1424171,INR,2026-07-10,2026-08-23T11:33:59.247Z,MERCHANT_LEDGER: 14241.71 INR - DIGITAL_GOODS_EBOOK_DOWNLOAD,"{""merchantIdentifier"":""MERCHANT_001"",""customerIdentifier"":""cust_9YVDZTBL2A"",""productServiceIdentifier"":""prod_EPXKVAW4PF"",""description"":""MONTHLY_SERVICE_SUBSCRIPTION"",""referenceNumber"":""ref_43U6LENJ3A"",""commissionRateInPaise"":42725}"
tx_tsdrmp32zj,MERCHANT_LEDGER,inv_4XGZ1RHHJX,410657,INR,2026-07-19,2026-08-15T16:26:30.247Z,MERCHANT_LEDGER: 4106.57 INR - SOFTWARE_LICENSE_RENEWAL,"{""merchantIdentifier"":""MERCHANT_001"",""customerIdentifier"":""cust_8ZLZH4NVB2"",""productServiceIdentifier"":""prod_BX1KF6YXME"",""description"":""PLATFORM_MAINTENANCE_FEE"",""referenceNumber"":""ref_XO4F82JCAX"",""commissionRateInPaise"":12319}"
tx_q5wudsiy9bp,MERCHANT_LEDGER,inv_K9W2OXJQ4X,1350507,INR,2026-08-08,2026-08-15T03:43:29.247Z,MERCHANT_LEDGER: 13505.07 INR - E_COMMERCE_ONE_TIME_SALE,"{""merchantIdentifier"":""MERCHANT_001"",""customerIdentifier"":""cust_18OLU655H0"",""productServiceIdentifier"":""prod_CVA93D93PZ"",""description"":""CHARGEBACK_CUSTOMER_DISPUTE"",""referenceNumber"":""ref_1AKUQGH41U"",""commissionRateInPaise"":40515}"
tx_axb11pqnqra,MERCHANT_LEDGER,inv_G2H9EBDOMV,868147,INR,2026-08-16,2026-08-15T03:51:46.247Z,MERCHANT_LEDGER: 8681.47 INR - SOFTWARE_LICENSE_RENEWAL,"{""merchantIdentifier"":""MERCHANT_001"",""customerIdentifier"":""cust_O6YLRUQS9F"",""productServiceIdentifier"":""prod_2OWVN112SZ"",""description"":""SOFTWARE_LICENSE_RENEWAL"",""referenceNumber"":""ref_R13GEDYZUP"",""commissionRateInPaise"":26044}"
tx_lbcgetoztdm,MERCHANT_LEDGER,inv_G72RJKPLFB,238389,INR,2026-07-30,2026-08-14T00:17:37.247Z,MERCHANT_LEDGER: 2383.89 INR - ONLINE_SUBSCRIPTION_PURCHASE,"{""merchantIdentifier"":""MERCHANT_001"",""customerIdentifier"":""cust_1UC7VEC3BW"",""productServiceIdentifier"":""prod_Z6DW6BPK1C"",""description"":""ANNUAL_PREMIUM_UPGRADE"",""referenceNumber"":""ref_84BFQSFGAA"",""commissionRateInPaise"":7151}"
tx_qmcm5icwp2n,MERCHANT_LEDGER,inv_MEA0Z17L5J,1757595,INR,2026-07-02,2026-08-20T17:17:57.247Z,MERCHANT_LEDGER: 17575.95 INR - E_COMMERCE_ONE_TIME_SALE,"{""merchantIdentifier"":""MERCHANT_001"",""customerIdentifier"":""cust_D1N75AQZYN"",""productServiceIdentifier"":""prod_GI9R043ZDG"",""description"":""PLATFORM_MAINTENANCE_FEE"",""referenceNumber"":""ref_06CKGLRXT9"",""commissionRateInPaise"":52727}"
tx_okccn1q4y99,MERCHANT_LEDGER,inv_EXROKF3PLT,1050669,INR,2026-07-18,2026-08-18T14:08:02.247Z,MERCHANT_LEDGER: 10506.69 INR - DIGITAL_GOODS_EBOOK_DOWNLOAD,"{""merchantIdentifier"":""MERCHANT_001"",""customerIdentifier"":""cust_PNQTMJG3Q1"",""productServiceIdentifier"":""prod_JU07Y9SG0A"",""description"":""E_COMMERCE_ONE_TIME_SALE"",""referenceNumber"":""ref_FQSSM482FY"",""commissionRateInPaise"":31520}"
tx_y0wdwcaz0n,MERCHANT_LEDGER,inv_9E30LNAK45,540446,INR,2026-08-07,2026-08-20T18:39:57.247Z,MERCHANT_LEDGER: 5404.46 INR - REFUNDED_CUSTOMER_REQUEST,"{""merchantIdentifier"":""MERCHANT_001"",""customerIdentifier"":""cust_73NIGZQZFE"",""productServiceIdentifier"":""prod_44X04JUDFM"",""description"":""PLATFORM_MAINTENANCE_FEE"",""referenceNumber"":""ref_FOLADH0HGU"",""commissionRateInPaise"":16213}"
tx_d7hyepgwni7,MERCHANT_LEDGER,inv_6BN5H7YYXA,1335657,INR,2026-07-12,2026-08-17T08:39:03.247Z,MERCHANT_LEDGER: 13356.57 INR - E_COMMERCE_ONE_TIME_SALE,"{""merchantIdentifier"":""MERCHANT_001"",""customerIdentifier"":""cust_EDCG7ISTFO"",""productServiceIdentifier"":""prod_KK5UQLD2CF"",""description"":""E_COMMERCE_ONE_TIME_SALE"",""referenceNumber"":""ref_OK3D7S7X1N"",""commissionRateInPaise"":40069}"
tx_9drlvz0gai,MERCHANT_LEDGER,inv_NBMWMTV4CX,997292,INR,2026-08-09,2026-08-20T07:21:58.247Z,MERCHANT_LEDGER: 9972.92 INR - DIGITAL_GOODS_EBOOK_DOWNLOAD,"{""merchantIdentifier"":""MERCHANT_001"",""customerIdentifier"":""cust_6WOF27MGMO"",""productServiceIdentifier"":""prod_E02JV3OV84"",""description"":""ANNUAL_PREMIUM_UPGRADE"",""referenceNumber"":""ref_R5B5U09R3M"",""commissionRateInPaise"":29918}"
tx_5z0awqv5wf9,MERCHANT_LEDGER,inv_UXN13QGTHN,731703,INR,2026-06-26,2026-08-19T23:51:29.247Z,MERCHANT_LEDGER: 7317.03 INR - REFUNDED_CUSTOMER_REQUEST,"{""merchantIdentifier"":""MERCHANT_001"",""customerIdentifier"":""cust_L8X5L5AQCW"",""productServiceIdentifier"":""prod_OO2V4797FR"",""description"":""DIGITAL_GOODS_EBOOK_DOWNLOAD"",""referenceNumber"":""ref_2RDLWO6IXV"",""commissionRateInPaise"":21951}"
tx_5o4lxt29f0c,MERCHANT_LEDGER,inv_QEHT67WQBM,361176,INR,2026-08-06,2026-08-20T10:58:11.247Z,MERCHANT_LEDGER: 3611.76 INR - REFUNDED_CUSTOMER_REQUEST,"{""merchantIdentifier"":""MERCHANT_001"",""customerIdentifier"":""cust_84XK9OEYB7"",""productServiceIdentifier"":""prod_LULBBL6UNT"",""description"":""SOFTWARE_LICENSE_RENEWAL"",""referenceNumber"":""ref_I7I3CB2R8I"",""commissionRateInPaise"":10835}"
tx_dem22wdyha,MERCHANT_LEDGER,inv_LH9CM0BIJW,287744,INR,2026-07-25,2026-08-17T23:31:27.247Z,MERCHANT_LEDGER: 2877.44 INR - CHARITABLE_DONATION,"{""merchantIdentifier"":""MERCHANT_001"",""customerIdentifier"":""cust_CSTLEVFKSO"",""productServiceIdentifier"":""prod_UKJ9SUFFD0"",""description"":""E_COMMERCE_ONE_TIME_SALE"",""referenceNumber"":""ref_W23JS6WMJT"",""commissionRateInPaise"":8632}"
tx_2os5r5e0n5m,MERCHANT_LEDGER,inv_2315LZZS4T,460380,INR,2026-08-01,2026-08-19T08:11:37.247Z,MERCHANT_LEDGER: 4603.8 INR - CHARGEBACK_CUSTOMER_DISPUTE,"{""merchantIdentifier"":""MERCHANT_001"",""customerIdentifier"":""cust_PXA7LW7CN8"",""productServiceIdentifier"":""prod_AZL4L26G39"",""description"":""CHARITABLE_DONATION"",""referenceNumber"":""ref_4VT9KCUGM0"",""commissionRateInPaise"":13811}"
tx_20phk9lmyb0h,MERCHANT_LEDGER,inv_9GC4U94M9B,936157,INR,2026-08-12,2026-08-21T13:58:24.247Z,MERCHANT_LEDGER: 9361.57 INR - CHARITABLE_DONATION,"{""merchantIdentifier"":""MERCHANT_001"",""customerIdentifier"":""cust_XDVEAF5WP4"",""productServiceIdentifier"":""prod_X3Y4CDCEYK"",""description"":""ANNUAL_PREMIUM_UPGRADE"",""referenceNumber"":""ref_S5WYRZCDAB"",""commissionRateInPaise"":28084}"
tx_gis7wylbbol,MERCHANT_LEDGER,inv_9YEWG6EHZS,1877064,INR,2026-07-10,2026-08-20T13:06:40.247Z,MERCHANT_LEDGER: 18770.64 INR - CHARITABLE_DONATION,"{""merchantIdentifier"":""MERCHANT_001"",""customerIdentifier"":""cust_FLVQGAEBM6"",""productServiceIdentifier"":""prod_HQS09HLE20"",""description"":""ANNUAL_PREMIUM_UPGRADE"",""referenceNumber"":""ref_5TIZJFXCT0"",""commissionRateInPaise"":56311}"
tx_1jzb6c6h21f,MERCHANT_LEDGER,inv_1BQUONYOHS,1804483,INR,2026-08-18,2026-08-21T12:52:02.247Z,MERCHANT_LEDGER: 18044.83 INR - PLATFORM_MAINTENANCE_FEE,"{""merchantIdentifier"":""MERCHANT_001"",""customerIdentifier"":""cust_YPSJD9TD3"",""productServiceIdentifier"":""prod_ZHS8Q3831Y"",""description"":""REFUND_FOR_ORDER_INV_12345"",""referenceNumber"":""ref_QLH0Q18SC2"",""commissionRateInPaise"":54134}"
tx_t85qsewvom,MERCHANT_LEDGER,inv_ZEYM8ESJ4V,1919391,INR,2026-07-24,2026-08-22T00:18:57.247Z,MERCHANT_LEDGER: 19193.91 INR - SOFTWARE_LICENSE_RENEWAL,"{""merchantIdentifier"":""MERCHANT_001"",""customerIdentifier"":""cust_K5IIDVJD9F"",""productServiceIdentifier"":""prod_XYFL40Z57H"",""description"":""DIGITAL_GOODS_EBOOK_DOWNLOAD"",""referenceNumber"":""ref_J80Q36JJU4"",""commissionRateInPaise"":57581}"
tx_m2hygekc44d,MERCHANT_LEDGER,inv_FNOFRWLROV,1788019,INR,2026-07-20,2026-08-19T18:50:53.247Z,MERCHANT_LEDGER: 17880.19 INR - E_COMMERCE_ONE_TIME_SALE,"{""merchantIdentifier"":""MERCHANT_001"",""customerIdentifier"":""cust_L00D6DK8CN"",""productServiceIdentifier"":""prod_FNV7592FNN"",""description"":""ANNUAL_PREMIUM_UPGRADE"",""referenceNumber"":""ref_KDLV66Q1SP"",""commissionRateInPaise"":53640}"
tx_18hubwdab2w,MERCHANT_LEDGER,inv_I4RAPTZLAZ,450389,INR,2026-08-04,2026-08-23T10:41:09.247Z,MERCHANT_LEDGER: 4503.89 INR - PLATFORM_MAINTENANCE_FEE,"{""merchantIdentifier"":""MERCHANT_001"",""customerIdentifier"":""cust_42R0WAO9P7"",""productServiceIdentifier"":""prod_9ELLU1UH91"",""description"":""DIGITAL_GOODS_EBOOK_DOWNLOAD"",""referenceNumber"":""ref_MHL6DM7G5E"",""commissionRateInPaise"":13511}"
tx_iyuwnia70ik,MERCHANT_LEDGER,inv_QGNV4E9648,1224463,INR,2026-08-01,2026-08-15T20:11:04.247Z,MERCHANT_LEDGER: 12244.63 INR - SOFTWARE_LICENSE_RENEWAL,"{""merchantIdentifier"":""MERCHANT_001"",""customerIdentifier"":""cust_68Z3JTYCWF"",""productServiceIdentifier"":""prod_2AU17859WD"",""description"":""ANNUAL_PREMIUM_UPGRADE"",""referenceNumber"":""ref_XTX3XZ5IOD"",""commissionRateInPaise"":36733}"
tx_9i885fnkpr,MERCHANT_LEDGER,inv_TVYNFMSWA3,1813950,INR,2026-07-17,2026-08-14T17:43:10.247Z,MERCHANT_LEDGER: 18139.5 INR - CHARITABLE_DONATION,"{""merchantIdentifier"":""MERCHANT_001"",""customerIdentifier"":""cust_941RS2GXWR"",""productServiceIdentifier"":""prod_U0292SFYCZ"",""description"":""ANNUAL_PREMIUM_UPGRADE"",""referenceNumber"":""ref_X799AJIYZG"",""commissionRateInPaise"":54418}"
tx_xt673uzfdu,MERCHANT_LEDGER,inv_SG1B3VFOCE,586066,INR,2026-08-17,2026-08-17T09:45:43.247Z,MERCHANT_LEDGER: 5860.66 INR - MONTHLY_SERVICE_SUBSCRIPTION,"{""merchantIdentifier"":""MERCHANT_001"",""customerIdentifier"":""cust_OS8TKYXO5Z"",""productServiceIdentifier"":""prod_B8I8RTPWKY"",""description"":""REFUND_FOR_ORDER_INV_12345"",""referenceNumber"":""ref_NL5NDA06QF"",""commissionRateInPaise"":17581}"
tx_333gbxm43dt,MERCHANT_LEDGER,inv_F4XZD4WIX7,1138862,INR,2026-07-18,2026-08-17T00:41:30.247Z,MERCHANT_LEDGER: 11388.62 INR - CHARGEBACK_CUSTOMER_DISPUTE,"{""merchantIdentifier"":""MERCHANT_001"",""customerIdentifier"":""cust_VIKVTAGOWM"",""productServiceIdentifier"":""prod_9HOMUL1CVU"",""description"":""REFUND_FOR_ORDER_INV_12345"",""referenceNumber"":""ref_72QRJTVQ6J"",""commissionRateInPaise"":34165}"
tx_mm4zzvzfzgo,MERCHANT_LEDGER,inv_EWIEDFPZT1,1011966,INR,2026-08-01,2026-08-23T14:31:30.247Z,MERCHANT_LEDGER: 10119.66 INR - ONLINE_SUBSCRIPTION_PURCHASE,"{""merchantIdentifier"":""MERCHANT_001"",""customerIdentifier"":""cust_HD3IPLOXSU"",""productServiceIdentifier"":""prod_9TGFGUDAAE"",""description"":""DIGITAL_GOODS_EBOOK_DOWNLOAD"",""referenceNumber"":""ref_UU2G1GRY9M"",""commissionRateInPaise"":30358}"
tx_v1xkku5d94e,MERCHANT_LEDGER,inv_2HL11R031I,1639842,INR,2026-08-18,2026-08-23T04:52:41.247Z,MERCHANT_LEDGER: 16398.42 INR - SOFTWARE_LICENSE_RENEWAL,"{""merchantIdentifier"":""MERCHANT_001"",""customerIdentifier"":""cust_YOU0ZQAU0T"",""productServiceIdentifier"":""prod_RKKLHK8O79"",""description"":""REFUND_FOR_ORDER_INV_12345"",""referenceNumber"":""ref_MQLWV9BAVN"",""commissionRateInPaise"":49195}"
tx_v095wk2bfp,MERCHANT_LEDGER,inv_Q4DKIXJQNM,278222,INR,2026-08-20,2026-08-17T22:40:04.247Z,MERCHANT_LEDGER: 2782.22 INR - CHARITABLE_DONATION,"{""merchantIdentifier"":""MERCHANT_001"",""customerIdentifier"":""cust_C3202B9IUW"",""productServiceIdentifier"":""prod_4G5XB7DFI3"",""description"":""E_COMMERCE_ONE_TIME_SALE"",""referenceNumber"":""ref_ZTAMGBSNH3"",""commissionRateInPaise"":8346}"
tx_w68hdveycei,MERCHANT_LEDGER,inv_ALFW49L6YJ,941020,INR,2026-08-10,2026-08-22T09:44:53.247Z,MERCHANT_LEDGER: 9410.2 INR - REFUND_FOR_ORDER_INV_12345,"{""merchantIdentifier"":""MERCHANT_001"",""customerIdentifier"":""cust_SU1RAAG1AM"",""productServiceIdentifier"":""prod_EA9XCHT8K8"",""description"":""CHARGEBACK_CUSTOMER_DISPUTE"",""referenceNumber"":""ref_6H4CC0P3NJ"",""commissionRateInPaise"":28230}"
tx_8dtm6w0q639,MERCHANT_LEDGER,inv_LGHL1S3JVD,427360,INR,2026-07-16,2026-08-19T19:54:10.247Z,MERCHANT_LEDGER: 4273.6 INR - ANNUAL_PREMIUM_UPGRADE,"{""merchantIdentifier"":""MERCHANT_001"",""customerIdentifier"":""cust_MJTVO7R79N"",""productServiceIdentifier"":""prod_NQJDQ7RFKN"",""description"":""ONLINE_SUBSCRIPTION_PURCHASE"",""referenceNumber"":""ref_9U8RE01OW4"",""commissionRateInPaise"":12820}"
tx_9cv5aeuukio,MERCHANT_LEDGER,inv_ZMZ14HL7G6,367708,INR,2026-06-29,2026-08-21T23:15:11.247Z,MERCHANT_LEDGER: 3677.08 INR - PLATFORM_MAINTENANCE_FEE,"{""merchantIdentifier"":""MERCHANT_001"",""customerIdentifier"":""cust_3TKNOFXTU1"",""productServiceIdentifier"":""prod_V3IWVJ878O"",""description"":""REFUNDED_CUSTOMER_REQUEST"",""referenceNumber"":""ref_SNXRTA5UIC"",""commissionRateInPaise"":11031}"
tx_o2wm7c0jt9r,MERCHANT_LEDGER,inv_3S1KJE205K,702523,INR,2026-07-22,2026-08-20T16:44:42.247Z,MERCHANT_LEDGER: 7025.23 INR - CHARITABLE_DONATION,"{""merchantIdentifier"":""MERCHANT_001"",""customerIdentifier"":""cust_MMJ68U43BK"",""productServiceIdentifier"":""prod_O1C74KKELQ"",""description"":""E_COMMERCE_ONE_TIME_SALE"",""referenceNumber"":""ref_B06XHAONUD"",""commissionRateInPaise"":21075}"
tx_ds9nf8hsrso,MERCHANT_LEDGER,inv_WOZU58ZVHA,1325008,INR,2026-08-15,2026-08-16T23:30:50.247Z,MERCHANT_LEDGER: 13250.08 INR - ONLINE_SUBSCRIPTION_PURCHASE,"{""merchantIdentifier"":""MERCHANT_001"",""customerIdentifier"":""cust_2L784319N9"",""productServiceIdentifier"":""prod_KZFOB0ZEI5"",""description"":""REFUNDED_CUSTOMER_REQUEST"",""referenceNumber"":""ref_56LGBHE22F"",""commissionRateInPaise"":39750}"
tx_5cmgii0xg6b,MERCHANT_LEDGER,inv_LSTCT17U0F,1951194,INR,2026-07-14,2026-08-16T06:04:24.247Z,MERCHANT_LEDGER: 19511.94 INR - ANNUAL_PREMIUM_UPGRADE,"{""merchantIdentifier"":""MERCHANT_001"",""customerIdentifier"":""cust_0X4KBU3ACA"",""productServiceIdentifier"":""prod_FC7UN43CB0"",""description"":""CHARGEBACK_CUSTOMER_DISPUTE"",""referenceNumber"":""ref_BHTGCPCXB9"",""commissionRateInPaise"":58535}"
tx_f016t9zfekf,MERCHANT_LEDGER,inv_GT61O9C23V,1930886,INR,2026-08-04,2026-08-14T22:42:14.247Z,MERCHANT_LEDGER: 19308.86 INR - COMMUNITY_MEMBERSHIP_FEE,"{""merchantIdentifier"":""MERCHANT_001"",""customerIdentifier"":""cust_G7SXFWA3P6"",""productServiceIdentifier"":""prod_BM5T4XZ0NA"",""description"":""ONLINE_SUBSCRIPTION_PURCHASE"",""referenceNumber"":""ref_8ITNK3LYYM"",""commissionRateInPaise"":57926}"
tx_0vp1936xxvbf,MERCHANT_LEDGER,inv_CBN5E33LRD,1508236,INR,2026-07-13,2026-08-13T22:05:49.247Z,MERCHANT_LEDGER: 15082.36 INR - REFUND_FOR_ORDER_INV_12345,"{""merchantIdentifier"":""MERCHANT_001"",""customerIdentifier"":""cust_J7XZT6PHQV"",""productServiceIdentifier"":""prod_YON0LPHI1W"",""description"":""CHARITABLE_DONATION"",""referenceNumber"":""ref_AK2J1976PX"",""commissionRateInPaise"":45247}"
tx_omzei0hnjz,MERCHANT_LEDGER,inv_ZXI2PY52CS,895764,INR,2026-08-22,2026-08-19T11:20:11.247Z,MERCHANT_LEDGER: 8957.64 INR - CHARITABLE_DONATION,"{""merchantIdentifier"":""MERCHANT_001"",""customerIdentifier"":""cust_7I8VT4X2IC"",""productServiceIdentifier"":""prod_WY70ULLF7K"",""description"":""REFUNDED_CUSTOMER_REQUEST"",""referenceNumber"":""ref_6LGXRW23N8"",""commissionRateInPaise"":26872}"
tx_8osuoyuts54,MERCHANT_LEDGER,inv_PRDU3736PU,1858083,INR,2026-07-19,2026-08-17T04:56:42.247Z,MERCHANT_LEDGER: 18580.83 INR - DIGITAL_GOODS_EBOOK_DOWNLOAD,"{""merchantIdentifier"":""MERCHANT_001"",""customerIdentifier"":""cust_2QRRQHAGNE"",""productServiceIdentifier"":""prod_VMFACP5U1Q"",""description"":""ONLINE_SUBSCRIPTION_PURCHASE"",""referenceNumber"":""ref_PI78NL00SH"",""commissionRateInPaise"":55742}"
tx_ufjgbptrmsr,MERCHANT_LEDGER,inv_WLH2ITPI3K,1284713,INR,2026-07-30,2026-08-21T04:42:01.247Z,MERCHANT_LEDGER: 12847.13 INR - DIGITAL_GOODS_EBOOK_DOWNLOAD,"{""merchantIdentifier"":""MERCHANT_001"",""customerIdentifier"":""cust_W4P7RJXOE7"",""productServiceIdentifier"":""prod_LM9K1B4H2F"",""description"":""E_COMMERCE_ONE_TIME_SALE"",""referenceNumber"":""ref_N2D026RG4N"",""commissionRateInPaise"":38541}"
tx_v3d73j7mxkq,MERCHANT_LEDGER,inv_BCSCOZTNJG,1613302,INR,2026-07-15,2026-08-15T06:13:41.247Z,MERCHANT_LEDGER: 16133.02 INR - SOFTWARE_LICENSE_RENEWAL,"{""merchantIdentifier"":""MERCHANT_001"",""customerIdentifier"":""cust_5AEO16O86X"",""productServiceIdentifier"":""prod_PVZL605O4Z"",""description"":""E_COMMERCE_ONE_TIME_SALE"",""referenceNumber"":""ref_4CI3R33WO0"",""commissionRateInPaise"":48399}"
tx_vk1vbra3ujh,MERCHANT_LEDGER,inv_A4JAUWXWFT,356915,INR,2026-08-17,2026-08-20T19:21:58.247Z,MERCHANT_LEDGER: 3569.15 INR - E_COMMERCE_ONE_TIME_SALE,"{""merchantIdentifier"":""MERCHANT_001"",""customerIdentifier"":""cust_I9ZC87Q8U3"",""productServiceIdentifier"":""prod_WP42NZIOBB"",""description"":""REFUND_FOR_ORDER_INV_12345"",""referenceNumber"":""ref_AKAZUS2GVK"",""commissionRateInPaise"":10707}"
tx_m6umy3pmfr,MERCHANT_LEDGER,inv_YGPYL7UAEO,1031738,INR,2026-07-27,2026-08-21T22:05:01.247Z,MERCHANT_LEDGER: 10317.38 INR - REFUND_FOR_ORDER_INV_12345,"{""merchantIdentifier"":""MERCHANT_001"",""customerIdentifier"":""cust_MSVWZ4FVXU"",""productServiceIdentifier"":""prod_26W8JDCHFG"",""description"":""E_COMMERCE_ONE_TIME_SALE"",""referenceNumber"":""ref_5B85TEYNFH"",""commissionRateInPaise"":30952}"
tx_8tsmyib7cbm,MERCHANT_LEDGER,inv_2N36101M8T,786977,INR,2026-07-09,2026-08-16T01:01:55.247Z,MERCHANT_LEDGER: 7869.77 INR - REFUNDED_CUSTOMER_REQUEST,"{""merchantIdentifier"":""MERCHANT_001"",""customerIdentifier"":""cust_503CDXDK49"",""productServiceIdentifier"":""prod_8Z0R1KL7SD"",""description"":""CHARGEBACK_CUSTOMER_DISPUTE"",""referenceNumber"":""ref_BOV2KHWVZY"",""commissionRateInPaise"":23609}"
tx_hc9dy8i9xsn,MERCHANT_LEDGER,inv_8Z6I454L79,1525778,INR,2026-07-19,2026-08-22T22:52:31.247Z,MERCHANT_LEDGER: 15257.78 INR - SOFTWARE_LICENSE_RENEWAL,"{""merchantIdentifier"":""MERCHANT_001"",""customerIdentifier"":""cust_LDZB2C930T"",""productServiceIdentifier"":""prod_5ATRN7TKF4"",""description"":""SOFTWARE_LICENSE_RENEWAL"",""referenceNumber"":""ref_0SEDEKCI1C"",""commissionRateInPaise"":45773}"
tx_14ypnlytm76i,MERCHANT_LEDGER,inv_W7OJATDIOT,159412,INR,2026-07-27,2026-08-17T09:22:38.247Z,MERCHANT_LEDGER: 1594.12 INR - CHARGEBACK_CUSTOMER_DISPUTE,"{""merchantIdentifier"":""MERCHANT_001"",""customerIdentifier"":""cust_X4F8BHPJIG"",""productServiceIdentifier"":""prod_GDNYWBO7H7"",""description"":""REFUNDED_CUSTOMER_REQUEST"",""referenceNumber"":""ref_QXM0CNGTJZ"",""commissionRateInPaise"":4782}"
tx_e81jtualktg,MERCHANT_LEDGER,inv_34MGF1SDSD,124652,INR,2026-08-23,2026-08-16T11:02:49.247Z,MERCHANT_LEDGER: 1246.52 INR - ONLINE_SUBSCRIPTION_PURCHASE,"{""merchantIdentifier"":""MERCHANT_001"",""customerIdentifier"":""cust_SVF6OSYHD9"",""productServiceIdentifier"":""prod_P0SZ9L0RYA"",""description"":""SOFTWARE_LICENSE_RENEWAL"",""referenceNumber"":""ref_RT1KEQNXVN"",""commissionRateInPaise"":3739}"
tx_hbeycmsse4p,MERCHANT_LEDGER,inv_BE39BT3ZQ7,1657357,INR,2026-06-27,2026-08-21T07:03:52.247Z,MERCHANT_LEDGER: 16573.57 INR - COMMUNITY_MEMBERSHIP_FEE,"{""merchantIdentifier"":""MERCHANT_001"",""customerIdentifier"":""cust_0AC9V777T7"",""productServiceIdentifier"":""prod_VCUKOF7HM7"",""description"":""CHARITABLE_DONATION"",""referenceNumber"":""ref_RCYSSR9T32"",""commissionRateInPaise"":49720}"
tx_aiper71f82g,MERCHANT_LEDGER,inv_LW3IJQMVHP,552003,INR,2026-07-09,2026-08-20T09:40:58.247Z,MERCHANT_LEDGER: 5520.03 INR - ONLINE_SUBSCRIPTION_PURCHASE,"{""merchantIdentifier"":""MERCHANT_001"",""customerIdentifier"":""cust_L58P16DP1W"",""productServiceIdentifier"":""prod_MMH1N50R5R"",""description"":""COMMUNITY_MEMBERSHIP_FEE"",""referenceNumber"":""ref_GTYTG3FBJU"",""commissionRateInPaise"":16560}"
tx_616hqm3y41j,MERCHANT_LEDGER,inv_GLALMK01TT,1576554,INR,2026-07-02,2026-08-23T14:17:25.247Z,MERCHANT_LEDGER: 15765.54 INR - CHARITABLE_DONATION,"{""merchantIdentifier"":""MERCHANT_001"",""customerIdentifier"":""cust_MKXW1V7UU3"",""productServiceIdentifier"":""prod_H6YS3ALL2Q"",""description"":""E_COMMERCE_ONE_TIME_SALE"",""referenceNumber"":""ref_Q8RGMDD588"",""commissionRateInPaise"":47296}"
tx_jrnwkzthsg,MERCHANT_LEDGER,inv_SAHP5HNJ77,1822661,INR,2026-07-03,2026-08-22T02:29:22.247Z,MERCHANT_LEDGER: 18226.61 INR - PLATFORM_MAINTENANCE_FEE,"{""merchantIdentifier"":""MERCHANT_001"",""customerIdentifier"":""cust_7723MCXF88"",""productServiceIdentifier"":""prod_FPNDB1SCPZ"",""description"":""ONLINE_SUBSCRIPTION_PURCHASE"",""referenceNumber"":""ref_626R3VIXJA"",""commissionRateInPaise"":54679}"
tx_72kyse06dr,MERCHANT_LEDGER,inv_LLSNARKAU0,896662,INR,2026-08-15,2026-08-21T11:55:14.247Z,MERCHANT_LEDGER: 8966.62 INR - REFUND_FOR_ORDER_INV_12345,"{""merchantIdentifier"":""MERCHANT_001"",""customerIdentifier"":""cust_9HA2NFG2TT"",""productServiceIdentifier"":""prod_IUCJ3QUBWD"",""description"":""DIGITAL_GOODS_EBOOK_DOWNLOAD"",""referenceNumber"":""ref_EKVNU4YD83"",""commissionRateInPaise"":26899}"
tx_4vx5fnaoc4,MERCHANT_LEDGER,inv_0UH6EOFK21,1574422,INR,2026-07-30,2026-08-19T00:33:43.247Z,MERCHANT_LEDGER: 15744.22 INR - MONTHLY_SERVICE_SUBSCRIPTION,"{""merchantIdentifier"":""MERCHANT_001"",""customerIdentifier"":""cust_0SBSE7Y9EG"",""productServiceIdentifier"":""prod_94CBSB0832"",""description"":""PLATFORM_MAINTENANCE_FEE"",""referenceNumber"":""ref_Q8ACXTRBY5"",""commissionRateInPaise"":47232}"
tx_f3266q7thbg,MERCHANT_LEDGER,inv_06WUL1ENOB,689807,INR,2026-07-04,2026-08-16T14:45:02.247Z,MERCHANT_LEDGER: 6898.07 INR - ONLINE_SUBSCRIPTION_PURCHASE,"{""merchantIdentifier"":""MERCHANT_001"",""customerIdentifier"":""cust_63NT6J44Q2"",""productServiceIdentifier"":""prod_3C7OWRGGO3"",""description"":""ANNUAL_PREMIUM_UPGRADE"",""referenceNumber"":""ref_2RL4NZFQQP"",""commissionRateInPaise"":20694}"
tx_pmw1pgwzzec,MERCHANT_LEDGER,inv_R54IYXMD2C,1698689,INR,2026-08-07,2026-08-18T04:14:16.247Z,MERCHANT_LEDGER: 16986.89 INR - PLATFORM_MAINTENANCE_FEE,"{""merchantIdentifier"":""MERCHANT_001"",""customerIdentifier"":""cust_6Q1PPAZGBJ"",""productServiceIdentifier"":""prod_MA0LZN5PX2"",""description"":""CHARGEBACK_CUSTOMER_DISPUTE"",""referenceNumber"":""ref_MFMFIW1TVN"",""commissionRateInPaise"":50960}"
tx_dwvtcsrhmcu,MERCHANT_LEDGER,inv_BG34P6BACX,1148278,INR,2026-06-28,2026-08-14T13:32:54.247Z,MERCHANT_LEDGER: 11482.78 INR - ONLINE_SUBSCRIPTION_PURCHASE,"{""merchantIdentifier"":""MERCHANT_001"",""customerIdentifier"":""cust_GWGDE0TIKX"",""productServiceIdentifier"":""prod_J7N447I3HK"",""description"":""ONLINE_SUBSCRIPTION_PURCHASE"",""referenceNumber"":""ref_VVHQ4UUFGD"",""commissionRateInPaise"":34448}"
tx_1wvc88w07wn,MERCHANT_LEDGER,inv_1YHJEV7QXX,1224636,INR,2026-07-07,2026-08-19T22:03:59.247Z,MERCHANT_LEDGER: 12246.36 INR - CHARGEBACK_CUSTOMER_DISPUTE,"{""merchantIdentifier"":""MERCHANT_001"",""customerIdentifier"":""cust_NHV4YVFIQD"",""productServiceIdentifier"":""prod_RY67FNMR6W"",""description"":""ANNUAL_PREMIUM_UPGRADE"",""referenceNumber"":""ref_CFJN7CINGM"",""commissionRateInPaise"":36739}"
tx_h95foxdw9z,MERCHANT_LEDGER,inv_JCDD35J39Z,1397853,INR,2026-07-30,2026-08-20T16:54:09.249Z,MERCHANT_LEDGER: 13978.53 INR - E_COMMERCE_ONE_TIME_SALE,"{""merchantIdentifier"":""MERCHANT_001"",""customerIdentifier"":""cust_DCID1NLEO8"",""productServiceIdentifier"":""prod_26BU2CDHKO"",""description"":""MONTHLY_SERVICE_SUBSCRIPTION"",""referenceNumber"":""ref_EXIEN4MQLX"",""commissionRateInPaise"":41935}"
tx_thj5duzw56,MERCHANT_LEDGER,inv_H03OBEMGCQ,91442,INR,2026-07-01,2026-08-20T22:31:29.249Z,MERCHANT_LEDGER: 914.42 INR - CHARITABLE_DONATION,"{""merchantIdentifier"":""MERCHANT_001"",""customerIdentifier"":""cust_RHYLG0I9A8"",""productServiceIdentifier"":""prod_FWLG3NB6UG"",""description"":""REFUNDED_CUSTOMER_REQUEST"",""referenceNumber"":""ref_201VJDTWBV"",""commissionRateInPaise"":2743}"
tx_h6bndtrkml4,MERCHANT_LEDGER,inv_AKY47K96JG,943376,INR,2026-07-28,2026-08-22T12:20:34.249Z,MERCHANT_LEDGER: 9433.76 INR - REFUND_FOR_ORDER_INV_12345,"{""merchantIdentifier"":""MERCHANT_001"",""customerIdentifier"":""cust_PK4T8GLCUA"",""productServiceIdentifier"":""prod_NN47WYAXWT"",""description"":""DIGITAL_GOODS_EBOOK_DOWNLOAD"",""referenceNumber"":""ref_LBQAUEG38I"",""commissionRateInPaise"":28301}"
tx_3yghklqwlqt,MERCHANT_LEDGER,inv_1HUWDS4TVH,565822,INR,2026-07-04,2026-08-21T04:10:02.249Z,MERCHANT_LEDGER: 5658.22 INR - MONTHLY_SERVICE_SUBSCRIPTION,"{""merchantIdentifier"":""MERCHANT_001"",""customerIdentifier"":""cust_96UAW3HEUJ"",""productServiceIdentifier"":""prod_7X85GYZMEI"",""description"":""COMMUNITY_MEMBERSHIP_FEE"",""referenceNumber"":""ref_JQGFHN714V"",""commissionRateInPaise"":16974}"
tx_k1x0ji45owr,MERCHANT_LEDGER,inv_OPXSKC8L4O,410431,INR,2026-07-16,2026-08-17T08:25:00.249Z,MERCHANT_LEDGER: 4104.31 INR - ONLINE_SUBSCRIPTION_PURCHASE,"{""merchantIdentifier"":""MERCHANT_001"",""customerIdentifier"":""cust_FAX5F4NPZQ"",""productServiceIdentifier"":""prod_87QGM5ZCX7"",""description"":""SOFTWARE_LICENSE_RENEWAL"",""referenceNumber"":""ref_JUUITUWD8O"",""commissionRateInPaise"":12312}"
tx_a4jvasrnt1v,MERCHANT_LEDGER,inv_M9A7TVB8YP,1232883,INR,2026-07-12,2026-08-19T11:01:44.249Z,MERCHANT_LEDGER: 12328.83 INR - CHARGEBACK_CUSTOMER_DISPUTE,"{""merchantIdentifier"":""MERCHANT_001"",""customerIdentifier"":""cust_LU9CX10S0K"",""productServiceIdentifier"":""prod_V5XAF4UV2Z"",""description"":""ANNUAL_PREMIUM_UPGRADE"",""referenceNumber"":""ref_U87AK0ENI8"",""commissionRateInPaise"":36986}"
tx_bfwg1pvbgtn,MERCHANT_LEDGER,inv_IA2DO44UZK,384720,INR,2026-07-05,2026-08-19T20:38:32.249Z,MERCHANT_LEDGER: 3847.2 INR - CHARITABLE_DONATION,"{""merchantIdentifier"":""MERCHANT_001"",""customerIdentifier"":""cust_FKC9D2IB1B"",""productServiceIdentifier"":""prod_CA0KN9PFL0"",""description"":""REFUND_FOR_ORDER_INV_12345"",""referenceNumber"":""ref_TAFR09N2VN"",""commissionRateInPaise"":11541}"
tx_2egb6sqhjg,MERCHANT_LEDGER,inv_25URI2WNEA,1597035,INR,2026-07-31,2026-08-23T06:00:32.249Z,MERCHANT_LEDGER: 15970.35 INR - REFUND_FOR_ORDER_INV_12345,"{""merchantIdentifier"":""MERCHANT_001"",""customerIdentifier"":""cust_0JMIASCJIK"",""productServiceIdentifier"":""prod_NHP019ZA8M"",""description"":""REFUND_FOR_ORDER_INV_12345"",""referenceNumber"":""ref_CD043FYZ8D"",""commissionRateInPaise"":47911}"
tx_nocpx0gmyj,MERCHANT_LEDGER,inv_U3GHNRH63U,1061276,INR,2026-08-19,2026-08-20T20:28:56.249Z,MERCHANT_LEDGER: 10612.76 INR - CHARGEBACK_CUSTOMER_DISPUTE,"{""merchantIdentifier"":""MERCHANT_001"",""customerIdentifier"":""cust_C7KI3IQQSX"",""productServiceIdentifier"":""prod_1QV67YMID8"",""description"":""PLATFORM_MAINTENANCE_FEE"",""referenceNumber"":""ref_I4BQ7JP4UP"",""commissionRateInPaise"":31838}"
tx_9v7nglwdjgf,MERCHANT_LEDGER,inv_OFANI1HPKJ,354661,INR,2026-08-11,2026-08-23T08:36:30.249Z,MERCHANT_LEDGER: 3546.61 INR - ANNUAL_PREMIUM_UPGRADE,"{""merchantIdentifier"":""MERCHANT_001"",""customerIdentifier"":""cust_N3EJKDS1O9"",""productServiceIdentifier"":""prod_M2BML1IOQU"",""description"":""CHARITABLE_DONATION"",""referenceNumber"":""ref_GXZIQ3LKT1"",""commissionRateInPaise"":10639}"
tx_gtmcc1k2yt8,MERCHANT_LEDGER,inv_YY9B3C65HP,253819,INR,2026-08-05,2026-08-23T03:11:13.249Z,MERCHANT_LEDGER: 2538.19 INR - ONLINE_SUBSCRIPTION_PURCHASE,"{""merchantIdentifier"":""MERCHANT_001"",""customerIdentifier"":""cust_W0TGR1KMG7"",""productServiceIdentifier"":""prod_94A4V38FE5"",""description"":""CHARITABLE_DONATION"",""referenceNumber"":""ref_FMXSMKI7JP"",""commissionRateInPaise"":7614}"
tx_ci44wxvpq8s,MERCHANT_LEDGER,inv_GGCKAXK83H,798387,INR,2026-08-15,2026-08-22T18:03:32.249Z,MERCHANT_LEDGER: 7983.87 INR - SOFTWARE_LICENSE_RENEWAL,"{""merchantIdentifier"":""MERCHANT_001"",""customerIdentifier"":""cust_UDN6081ELR"",""productServiceIdentifier"":""prod_KKFCDTJKQ4"",""description"":""SOFTWARE_LICENSE_RENEWAL"",""referenceNumber"":""ref_NY3CW95TTP"",""commissionRateInPaise"":23951}"
tx_xz3ym9qpr08,MERCHANT_LEDGER,inv_UVXK44806E,1787922,INR,2026-06-26,2026-08-15T14:33:46.249Z,MERCHANT_LEDGER: 17879.22 INR - COMMUNITY_MEMBERSHIP_FEE,"{""merchantIdentifier"":""MERCHANT_001"",""customerIdentifier"":""cust_OZC446ADY4"",""productServiceIdentifier"":""prod_1TRUL5E34T"",""description"":""REFUND_FOR_ORDER_INV_12345"",""referenceNumber"":""ref_4TR9V29WNV"",""commissionRateInPaise"":53637}"
tx_dzpdztb0ft,MERCHANT_LEDGER,inv_ZANJO4F4Y7,1993743,INR,2026-07-25,2026-08-14T02:41:50.249Z,MERCHANT_LEDGER: 19937.43 INR - SOFTWARE_LICENSE_RENEWAL,"{""merchantIdentifier"":""MERCHANT_001"",""customerIdentifier"":""cust_5RMXJHY0AQ"",""productServiceIdentifier"":""prod_SVPKS8NCSG"",""description"":""COMMUNITY_MEMBERSHIP_FEE"",""referenceNumber"":""ref_SNAOSM736E"",""commissionRateInPaise"":59812}"
tx_7ihv898gpvm,MERCHANT_LEDGER,inv_F5ZK0YO4,1637461,INR,2026-07-22,2026-08-15T10:50:48.249Z,MERCHANT_LEDGER: 16374.61 INR - REFUNDED_CUSTOMER_REQUEST,"{""merchantIdentifier"":""MERCHANT_001"",""customerIdentifier"":""cust_QN18RI8HCZ"",""productServiceIdentifier"":""prod_K3WSOY8F5L"",""description"":""ANNUAL_PREMIUM_UPGRADE"",""referenceNumber"":""ref_E90Y6E7DM4"",""commissionRateInPaise"":49123}"
tx_qmym1syuqu,MERCHANT_LEDGER,inv_UB5XK4HILO,1459770,INR,2026-06-29,2026-08-17T16:37:17.249Z,MERCHANT_LEDGER: 14597.7 INR - REFUND_FOR_ORDER_INV_12345,"{""merchantIdentifier"":""MERCHANT_001"",""customerIdentifier"":""cust_766J5WYCSG"",""productServiceIdentifier"":""prod_0G9EOY9E7V"",""description"":""SOFTWARE_LICENSE_RENEWAL"",""referenceNumber"":""ref_K6QSQNZTPT"",""commissionRateInPaise"":43793}"
tx_o149szlobw,MERCHANT_LEDGER,inv_FV0P7LOA1Z,1076517,INR,2026-07-07,2026-08-18T23:35:19.249Z,MERCHANT_LEDGER: 10765.17 INR - COMMUNITY_MEMBERSHIP_FEE,"{""merchantIdentifier"":""MERCHANT_001"",""customerIdentifier"":""cust_QI2DWECTXQ"",""productServiceIdentifier"":""prod_RPAMJX46YC"",""description"":""CHARGEBACK_CUSTOMER_DISPUTE"",""referenceNumber"":""ref_3IRYCO8P1S"",""commissionRateInPaise"":32295}"
tx_29gxrqdbael,MERCHANT_LEDGER,inv_C0U2E0WXO3,1163437,INR,2026-07-30,2026-08-19T08:53:40.249Z,MERCHANT_LEDGER: 11634.37 INR - E_COMMERCE_ONE_TIME_SALE,"{""merchantIdentifier"":""MERCHANT_001"",""customerIdentifier"":""cust_N7S39J9E6C"",""productServiceIdentifier"":""prod_06DIL0S10O"",""description"":""REFUND_FOR_ORDER_INV_12345"",""referenceNumber"":""ref_3963GURDEQ"",""commissionRateInPaise"":34903}"
tx_rrrpfng0j1t,MERCHANT_LEDGER,inv_DFGANO2Y1A,379913,INR,2026-08-18,2026-08-20T17:24:25.249Z,MERCHANT_LEDGER: 3799.13 INR - E_COMMERCE_ONE_TIME_SALE,"{""merchantIdentifier"":""MERCHANT_001"",""customerIdentifier"":""cust_4OESJQ2GLR"",""productServiceIdentifier"":""prod_08Z5M7TQXS"",""description"":""CHARGEBACK_CUSTOMER_DISPUTE"",""referenceNumber"":""ref_GVR3JXU5DR"",""commissionRateInPaise"":11397}"
tx_2ksmuj7urfm,MERCHANT_LEDGER,inv_TCMTYHM3FN,1773580,INR,2026-07-10,2026-08-15T00:24:30.249Z,MERCHANT_LEDGER: 17735.8 INR - ONLINE_SUBSCRIPTION_PURCHASE,"{""merchantIdentifier"":""MERCHANT_001"",""customerIdentifier"":""cust_0UV3YDBGEC"",""productServiceIdentifier"":""prod_S2DUR5I8UM"",""description"":""ONLINE_SUBSCRIPTION_PURCHASE"",""referenceNumber"":""ref_1SKGZCXHKJ"",""commissionRateInPaise"":53207}"
tx_3id0n1sd0h9,MERCHANT_LEDGER,inv_0MSNQ24V3U,474028,INR,2026-08-13,2026-08-20T02:07:07.249Z,MERCHANT_LEDGER: 4740.28 INR - CHARITABLE_DONATION,"{""merchantIdentifier"":""MERCHANT_001"",""customerIdentifier"":""cust_JJPE6NGFQP"",""productServiceIdentifier"":""prod_EPONKF1Q15"",""description"":""ONLINE_SUBSCRIPTION_PURCHASE"",""referenceNumber"":""ref_7SEUISD0ZZ"",""commissionRateInPaise"":14220}"
tx_85ec51jif1h,MERCHANT_LEDGER,inv_OOR2QJRL2F,1904165,INR,2026-07-22,2026-08-15T07:25:47.249Z,MERCHANT_LEDGER: 19041.65 INR - REFUND_FOR_ORDER_INV_12345,"{""merchantIdentifier"":""MERCHANT_001"",""customerIdentifier"":""cust_R4WT341CSV"",""productServiceIdentifier"":""prod_4JPVCULH1M"",""description"":""REFUNDED_CUSTOMER_REQUEST"",""referenceNumber"":""ref_FQFD28NPQY"",""commissionRateInPaise"":57124}"
tx_n666lfd4kj,MERCHANT_LEDGER,inv_2FOZLM7I8T,1625861,INR,2026-07-02,2026-08-14T14:40:41.249Z,MERCHANT_LEDGER: 16258.61 INR - DIGITAL_GOODS_EBOOK_DOWNLOAD,"{""merchantIdentifier"":""MERCHANT_001"",""customerIdentifier"":""cust_51XQQI117Z"",""productServiceIdentifier"":""prod_T3LOIEPB0N"",""description"":""SOFTWARE_LICENSE_RENEWAL"",""referenceNumber"":""ref_VQARSPNVHB"",""commissionRateInPaise"":48775}"
tx_qarb23bsen,MERCHANT_LEDGER,inv_IM1WOAMZBV,1771896,INR,2026-07-27,2026-08-14T02:07:18.249Z,MERCHANT_LEDGER: 17718.96 INR - MONTHLY_SERVICE_SUBSCRIPTION,"{""merchantIdentifier"":""MERCHANT_001"",""customerIdentifier"":""cust_CWUE30B8W5"",""productServiceIdentifier"":""prod_KM7VA5YSAV"",""description"":""ONLINE_SUBSCRIPTION_PURCHASE"",""referenceNumber"":""ref_MGML94JLCM"",""commissionRateInPaise"":53156}"
tx_t6vp7i0k26a,MERCHANT_LEDGER,inv_KIVLURPG4H,52063,INR,2026-08-18,2026-08-21T14:52:26.249Z,MERCHANT_LEDGER: 520.63 INR - SOFTWARE_LICENSE_RENEWAL,"{""merchantIdentifier"":""MERCHANT_001"",""customerIdentifier"":""cust_0HUSQKOG53"",""productServiceIdentifier"":""prod_89143QV9TW"",""description"":""COMMUNITY_MEMBERSHIP_FEE"",""referenceNumber"":""ref_EYTUA59K8X"",""commissionRateInPaise"":1561}"
tx_ih4g4vn0yhf,MERCHANT_LEDGER,inv_KCGCFCENQW,1145433,INR,2026-07-27,2026-08-17T05:43:56.249Z,MERCHANT_LEDGER: 11454.33 INR - DIGITAL_GOODS_EBOOK_DOWNLOAD,"{""merchantIdentifier"":""MERCHANT_001"",""customerIdentifier"":""cust_VZBXERJ9P8"",""productServiceIdentifier"":""prod_QGGR78SJ3O"",""description"":""REFUND_FOR_ORDER_INV_12345"",""referenceNumber"":""ref_195O6RHWNC"",""commissionRateInPaise"":34362}"
tx_680w9exl5h7,MERCHANT_LEDGER,inv_HJW809JGOB,1150569,INR,2026-07-23,2026-08-21T08:16:20.249Z,MERCHANT_LEDGER: 11505.69 INR - CHARITABLE_DONATION,"{""merchantIdentifier"":""MERCHANT_001"",""customerIdentifier"":""cust_AK64WIHA5P"",""productServiceIdentifier"":""prod_ROSKZQXEDI"",""description"":""REFUND_FOR_ORDER_INV_12345"",""referenceNumber"":""ref_XNNVUUSSYE"",""commissionRateInPaise"":34517}"
tx_x7ag4txidb,MERCHANT_LEDGER,inv_LSANY0LXC5,1228387,INR,2026-08-18,2026-08-19T00:36:20.249Z,MERCHANT_LEDGER: 12283.87 INR - REFUND_FOR_ORDER_INV_12345,"{""merchantIdentifier"":""MERCHANT_001"",""customerIdentifier"":""cust_T9AFCWSHWY"",""productServiceIdentifier"":""prod_8ITFTJ4Q8K"",""description"":""DIGITAL_GOODS_EBOOK_DOWNLOAD"",""referenceNumber"":""ref_SZDFA9L54B"",""commissionRateInPaise"":36851}"
tx_zz2blvvdhr9,MERCHANT_LEDGER,inv_W29CR856IH,156050,INR,2026-07-26,2026-08-16T10:28:45.249Z,MERCHANT_LEDGER: 1560.5 INR - DIGITAL_GOODS_EBOOK_DOWNLOAD,"{""merchantIdentifier"":""MERCHANT_001"",""customerIdentifier"":""cust_JDJ2KY01TN"",""productServiceIdentifier"":""prod_DX5RSU3PCW"",""description"":""CHARGEBACK_CUSTOMER_DISPUTE"",""referenceNumber"":""ref_R9Y2FAQ7B8"",""commissionRateInPaise"":4681}"
tx_djftea50pw,MERCHANT_LEDGER,inv_SC6JOHDH6C,1523278,INR,2026-07-21,2026-08-14T17:27:00.249Z,MERCHANT_LEDGER: 15232.78 INR - DIGITAL_GOODS_EBOOK_DOWNLOAD,"{""merchantIdentifier"":""MERCHANT_001"",""customerIdentifier"":""cust_H9UFVFRZIZ"",""productServiceIdentifier"":""prod_HCZQQOWGU9"",""description"":""REFUND_FOR_ORDER_INV_12345"",""referenceNumber"":""ref_266S3KUA3O"",""commissionRateInPaise"":45698}"
tx_0o4etxqr6f6m,MERCHANT_LEDGER,inv_NXD5LKUY9G,459534,INR,2026-08-17,2026-08-16T16:38:40.249Z,MERCHANT_LEDGER: 4595.34 INR - REFUNDED_CUSTOMER_REQUEST,"{""merchantIdentifier"":""MERCHANT_001"",""customerIdentifier"":""cust_WFML09BLGF"",""productServiceIdentifier"":""prod_9Q0TVZN3I6"",""description"":""COMMUNITY_MEMBERSHIP_FEE"",""referenceNumber"":""ref_268Z9WRQHL"",""commissionRateInPaise"":13786}"
tx_ryqpnulphy,MERCHANT_LEDGER,inv_VRF2PSQRV3,319397,INR,2026-07-18,2026-08-14T03:16:11.249Z,MERCHANT_LEDGER: 3193.97 INR - DIGITAL_GOODS_EBOOK_DOWNLOAD,"{""merchantIdentifier"":""MERCHANT_001"",""customerIdentifier"":""cust_NM4KBNT6YR"",""productServiceIdentifier"":""prod_K5251JUFBX"",""description"":""COMMUNITY_MEMBERSHIP_FEE"",""referenceNumber"":""ref_ZN11JO2KUU"",""commissionRateInPaise"":9581}"
tx_uv7psxqky3p,MERCHANT_LEDGER,inv_JIV3ELE1WH,588847,INR,2026-07-13,2026-08-14T03:20:18.249Z,MERCHANT_LEDGER: 5888.47 INR - ONLINE_SUBSCRIPTION_PURCHASE,"{""merchantIdentifier"":""MERCHANT_001"",""customerIdentifier"":""cust_69ZKEKB7FU"",""productServiceIdentifier"":""prod_GKZMKTVA8D"",""description"":""COMMUNITY_MEMBERSHIP_FEE"",""referenceNumber"":""ref_KVNC8N03I8"",""commissionRateInPaise"":17665}"
tx_zwfmv0j54tl,MERCHANT_LEDGER,inv_JQFAMAPHOX,614980,INR,2026-07-23,2026-08-22T06:56:43.249Z,MERCHANT_LEDGER: 6149.8 INR - DIGITAL_GOODS_EBOOK_DOWNLOAD,"{""merchantIdentifier"":""MERCHANT_001"",""customerIdentifier"":""cust_1SG594525V"",""productServiceIdentifier"":""prod_5SIRO7D02B"",""description"":""ANNUAL_PREMIUM_UPGRADE"",""referenceNumber"":""ref_MUU95SBOJQ"",""commissionRateInPaise"":18449}"
tx_1h9ays3z2ui,MERCHANT_LEDGER,inv_61VR2LRO9R,544336,INR,2026-08-13,2026-08-20T20:49:10.249Z,MERCHANT_LEDGER: 5443.36 INR - REFUND_FOR_ORDER_INV_12345,"{""merchantIdentifier"":""MERCHANT_001"",""customerIdentifier"":""cust_8SNBMNRB0X"",""productServiceIdentifier"":""prod_WN66ZX64IE"",""description"":""CHARITABLE_DONATION"",""referenceNumber"":""ref_SBAOU7BUUO"",""commissionRateInPaise"":16330}"
tx_jt23246qh0l,MERCHANT_LEDGER,inv_R7S3XXTDSJ,1347139,INR,2026-07-15,2026-08-14T06:21:38.249Z,MERCHANT_LEDGER: 13471.39 INR - ANNUAL_PREMIUM_UPGRADE,"{""merchantIdentifier"":""MERCHANT_001"",""customerIdentifier"":""cust_YNFX75K2LF"",""productServiceIdentifier"":""prod_CEI3ZUBFFX"",""description"":""COMMUNITY_MEMBERSHIP_FEE"",""referenceNumber"":""ref_OMP6YSH8SI"",""commissionRateInPaise"":40414}"
tx_jwinurq30n,MERCHANT_LEDGER,inv_TBDNBDNXR,1453529,INR,2026-07-05,2026-08-16T00:02:26.249Z,MERCHANT_LEDGER: 14535.29 INR - CHARGEBACK_CUSTOMER_DISPUTE,"{""merchantIdentifier"":""MERCHANT_001"",""customerIdentifier"":""cust_TCR3IUWERW"",""productServiceIdentifier"":""prod_OPV0KRJYCB"",""description"":""ONLINE_SUBSCRIPTION_PURCHASE"",""referenceNumber"":""ref_JK7WAI6Y5S"",""commissionRateInPaise"":43605}"
tx_d5916jb14xe,MERCHANT_LEDGER,inv_A6C3VKTRNI,1056666,INR,2026-07-23,2026-08-23T12:42:13.249Z,MERCHANT_LEDGER: 10566.66 INR - COMMUNITY_MEMBERSHIP_FEE,"{""merchantIdentifier"":""MERCHANT_001"",""customerIdentifier"":""cust_NS1KXBFUFW"",""productServiceIdentifier"":""prod_TSMYDGJGM7"",""description"":""MONTHLY_SERVICE_SUBSCRIPTION"",""referenceNumber"":""ref_RZH0E8PLF3"",""commissionRateInPaise"":31699}"
tx_y1vo8a9sxw,MERCHANT_LEDGER,inv_DY1Q2C2U2E,1290553,INR,2026-07-31,2026-08-18T03:21:55.249Z,MERCHANT_LEDGER: 12905.53 INR - CHARGEBACK_CUSTOMER_DISPUTE,"{""merchantIdentifier"":""MERCHANT_001"",""customerIdentifier"":""cust_T2J95DBQIA"",""productServiceIdentifier"":""prod_34ECNAU0LS"",""description"":""MONTHLY_SERVICE_SUBSCRIPTION"",""referenceNumber"":""ref_ZQ06OHRH8M"",""commissionRateInPaise"":38716}"
tx_u3yygkk0j3,MERCHANT_LEDGER,inv_OAHV8L0GCO,201745,INR,2026-07-16,2026-08-16T15:44:10.249Z,MERCHANT_LEDGER: 2017.45 INR - COMMUNITY_MEMBERSHIP_FEE,"{""merchantIdentifier"":""MERCHANT_001"",""customerIdentifier"":""cust_6KJX8OMZA4"",""productServiceIdentifier"":""prod_REXHMHR0ZA"",""description"":""PLATFORM_MAINTENANCE_FEE"",""referenceNumber"":""ref_0I5V8L4M28"",""commissionRateInPaise"":6052}"
tx_h3ceuw5p37l,MERCHANT_LEDGER,inv_SE1BOX4ZZM,1438349,INR,2026-07-01,2026-08-20T23:46:57.249Z,MERCHANT_LEDGER: 14383.49 INR - E_COMMERCE_ONE_TIME_SALE,"{""merchantIdentifier"":""MERCHANT_001"",""customerIdentifier"":""cust_0JDOB3MAYC"",""productServiceIdentifier"":""prod_ZR8I46QVKU"",""description"":""E_COMMERCE_ONE_TIME_SALE"",""referenceNumber"":""ref_GP7C43B5V9"",""commissionRateInPaise"":43150}"
tx_zhwxhoss3pr,MERCHANT_LEDGER,inv_WB2PCJ5BRP,1252411,INR,2026-07-05,2026-08-18T02:44:23.249Z,MERCHANT_LEDGER: 12524.11 INR - DIGITAL_GOODS_EBOOK_DOWNLOAD,"{""merchantIdentifier"":""MERCHANT_001"",""customerIdentifier"":""cust_J0PECC23Y8"",""productServiceIdentifier"":""prod_1QISBE2VAJ"",""description"":""CHARGEBACK_CUSTOMER_DISPUTE"",""referenceNumber"":""ref_7UVBCYVTMC"",""commissionRateInPaise"":37572}"
tx_qpb6uqi0jma,MERCHANT_LEDGER,inv_WGHTU58YET,794841,INR,2026-08-23,2026-08-22T20:55:35.249Z,MERCHANT_LEDGER: 7948.41 INR - CHARGEBACK_CUSTOMER_DISPUTE,"{""merchantIdentifier"":""MERCHANT_001"",""customerIdentifier"":""cust_K7E5ZZ9JQK"",""productServiceIdentifier"":""prod_PQ0SWTEYJ4"",""description"":""REFUNDED_CUSTOMER_REQUEST"",""referenceNumber"":""ref_ND4TT6DK7T"",""commissionRateInPaise"":23845}"
tx_e296otesbc,MERCHANT_LEDGER,inv_F38282L0W1,1878915,INR,2026-07-08,2026-08-17T15:19:00.249Z,MERCHANT_LEDGER: 18789.15 INR - MONTHLY_SERVICE_SUBSCRIPTION,"{""merchantIdentifier"":""MERCHANT_001"",""customerIdentifier"":""cust_6U7CYLBZIC"",""productServiceIdentifier"":""prod_VANKN9BH7O"",""description"":""PLATFORM_MAINTENANCE_FEE"",""referenceNumber"":""ref_LIFKVX4S2M"",""commissionRateInPaise"":56367}"
tx_j1tkq3p4dem,MERCHANT_LEDGER,inv_5QT2W69LHM,518958,INR,2026-07-07,2026-08-20T02:08:28.249Z,MERCHANT_LEDGER: 5189.58 INR - DIGITAL_GOODS_EBOOK_DOWNLOAD,"{""merchantIdentifier"":""MERCHANT_001"",""customerIdentifier"":""cust_VPKIL1GNWK"",""productServiceIdentifier"":""prod_VVZ4FRQUOS"",""description"":""CHARITABLE_DONATION"",""referenceNumber"":""ref_YCUTKHW1SQ"",""commissionRateInPaise"":15568}"
tx_bsq44r51f9,MERCHANT_LEDGER,inv_TCKL0BKN9,1284369,INR,2026-07-05,2026-08-14T00:20:49.249Z,MERCHANT_LEDGER: 12843.69 INR - PLATFORM_MAINTENANCE_FEE,"{""merchantIdentifier"":""MERCHANT_001"",""customerIdentifier"":""cust_PYZU72GH0F"",""productServiceIdentifier"":""prod_9FCZHJYZ26"",""description"":""E_COMMERCE_ONE_TIME_SALE"",""referenceNumber"":""ref_N7QUZ3HEIU"",""commissionRateInPaise"":38531}"
tx_xsu0yfcykce,MERCHANT_LEDGER,inv_XBGFS5DOIW,1126073,INR,2026-08-05,2026-08-20T17:12:17.249Z,MERCHANT_LEDGER: 11260.73 INR - ANNUAL_PREMIUM_UPGRADE,"{""merchantIdentifier"":""MERCHANT_001"",""customerIdentifier"":""cust_GNTJ6A9QCB"",""productServiceIdentifier"":""prod_IVHXXK0PX8"",""description"":""ONLINE_SUBSCRIPTION_PURCHASE"",""referenceNumber"":""ref_7N9589P5PS"",""commissionRateInPaise"":33782}"
tx_y6ezvapr8ad,MERCHANT_LEDGER,inv_2XUCJOP9S1,192508,INR,2026-07-20,2026-08-18T04:09:44.249Z,MERCHANT_LEDGER: 1925.08 INR - SOFTWARE_LICENSE_RENEWAL,"{""merchantIdentifier"":""MERCHANT_001"",""customerIdentifier"":""cust_JU24WW4WBP"",""productServiceIdentifier"":""prod_81XULBY797"",""description"":""CHARGEBACK_CUSTOMER_DISPUTE"",""referenceNumber"":""ref_O242OCJ652"",""commissionRateInPaise"":5775}"
tx_i9lxj8vjr2r,MERCHANT_LEDGER,inv_U4NAC2R8C6,1873807,INR,2026-08-16,2026-08-15T19:40:15.249Z,MERCHANT_LEDGER: 18738.07 INR - ANNUAL_PREMIUM_UPGRADE,"{""merchantIdentifier"":""MERCHANT_001"",""customerIdentifier"":""cust_BA1MJZ9V5W"",""productServiceIdentifier"":""prod_FZPEFZM5UF"",""description"":""ONLINE_SUBSCRIPTION_PURCHASE"",""referenceNumber"":""ref_Z2B66EKXJ2"",""commissionRateInPaise"":56214}"
tx_o8lm0m8qji,MERCHANT_LEDGER,inv_C6UFURBUEP,322702,INR,2026-07-31,2026-08-20T19:20:13.249Z,MERCHANT_LEDGER: 3227.02 INR - MONTHLY_SERVICE_SUBSCRIPTION,"{""merchantIdentifier"":""MERCHANT_001"",""customerIdentifier"":""cust_58KWXJHPU3"",""productServiceIdentifier"":""prod_7YTF16JA9R"",""description"":""CHARITABLE_DONATION"",""referenceNumber"":""ref_FUSXDTAILP"",""commissionRateInPaise"":9681}"
tx_rgccxom5zk,MERCHANT_LEDGER,inv_J76DFCOLJU,874551,INR,2026-07-17,2026-08-18T03:01:59.249Z,MERCHANT_LEDGER: 8745.51 INR - COMMUNITY_MEMBERSHIP_FEE,"{""merchantIdentifier"":""MERCHANT_001"",""customerIdentifier"":""cust_WS1E8SZ347"",""productServiceIdentifier"":""prod_0FJL7X9H3H"",""description"":""ANNUAL_PREMIUM_UPGRADE"",""referenceNumber"":""ref_WLEQ974FIA"",""commissionRateInPaise"":26236}"
tx_y89ry18ybnn,MERCHANT_LEDGER,inv_UDPX79RWUB,886583,INR,2026-08-07,2026-08-19T22:11:35.249Z,MERCHANT_LEDGER: 8865.83 INR - REFUNDED_CUSTOMER_REQUEST,"{""merchantIdentifier"":""MERCHANT_001"",""customerIdentifier"":""cust_0CJG3ZDMDD"",""productServiceIdentifier"":""prod_3DPYF7036B"",""description"":""CHARGEBACK_CUSTOMER_DISPUTE"",""referenceNumber"":""ref_CK0ZU52ETV"",""commissionRateInPaise"":26597}"
tx_6khgtznkbbr,MERCHANT_LEDGER,inv_5GAO9P9K8Z,1675114,INR,2026-06-26,2026-08-21T16:06:45.249Z,MERCHANT_LEDGER: 16751.14 INR - ONLINE_SUBSCRIPTION_PURCHASE,"{""merchantIdentifier"":""MERCHANT_001"",""customerIdentifier"":""cust_J8DLHJMR84"",""productServiceIdentifier"":""prod_Z7PIH6G2AV"",""description"":""ANNUAL_PREMIUM_UPGRADE"",""referenceNumber"":""ref_H08LGRDXET"",""commissionRateInPaise"":50253}"
tx_cpx41ecazbg,MERCHANT_LEDGER,inv_63158GL7FT,1268911,INR,2026-07-12,2026-08-14T05:46:34.249Z,MERCHANT_LEDGER: 12689.11 INR - PLATFORM_MAINTENANCE_FEE,"{""merchantIdentifier"":""MERCHANT_001"",""customerIdentifier"":""cust_AR98IFRVK4"",""productServiceIdentifier"":""prod_PAV9EVLK4N"",""description"":""CHARITABLE_DONATION"",""referenceNumber"":""ref_33UN3YX1R7"",""commissionRateInPaise"":38067}"
tx_e97vqn5pfua,MERCHANT_LEDGER,inv_D9RUMQR2AT,171843,INR,2026-07-08,2026-08-16T10:04:12.250Z,MERCHANT_LEDGER: 1718.43 INR - E_COMMERCE_ONE_TIME_SALE,"{""merchantIdentifier"":""MERCHANT_001"",""customerIdentifier"":""cust_7R0OKEW1S0"",""productServiceIdentifier"":""prod_D26FN4PX1W"",""description"":""ANNUAL_PREMIUM_UPGRADE"",""referenceNumber"":""ref_YJKOPD8HPL"",""commissionRateInPaise"":5155}"
tx_6alaxi3vrt7,MERCHANT_LEDGER,inv_5NM079ER6I,1364637,INR,2026-07-24,2026-08-16T05:56:21.250Z,MERCHANT_LEDGER: 13646.37 INR - CHARITABLE_DONATION,"{""merchantIdentifier"":""MERCHANT_001"",""customerIdentifier"":""cust_2QKN3GYBD9"",""productServiceIdentifier"":""prod_PEB9GK9ONO"",""description"":""REFUND_FOR_ORDER_INV_12345"",""referenceNumber"":""ref_O6KU1G306K"",""commissionRateInPaise"":40939}"
tx_ftpnwbwvmps,MERCHANT_LEDGER,inv_VKIAQNPYK3,1183638,INR,2026-08-10,2026-08-21T18:28:25.250Z,MERCHANT_LEDGER: 11836.38 INR - CHARITABLE_DONATION,"{""merchantIdentifier"":""MERCHANT_001"",""customerIdentifier"":""cust_4MI7U45PX0"",""productServiceIdentifier"":""prod_DCCQS8K17A"",""description"":""CHARGEBACK_CUSTOMER_DISPUTE"",""referenceNumber"":""ref_FHFE05LEVQ"",""commissionRateInPaise"":35509}"
tx_lkeg2o01m6,MERCHANT_LEDGER,inv_SQLSUA183K,1051683,INR,2026-08-20,2026-08-22T17:24:55.250Z,MERCHANT_LEDGER: 10516.83 INR - COMMUNITY_MEMBERSHIP_FEE,"{""merchantIdentifier"":""MERCHANT_001"",""customerIdentifier"":""cust_SM4EZ9AWPB"",""productServiceIdentifier"":""prod_DDK7KV2Z1P"",""description"":""REFUND_FOR_ORDER_INV_12345"",""referenceNumber"":""ref_RM27GZKLYX"",""commissionRateInPaise"":31550}"
tx_cak3vis2g3s,MERCHANT_LEDGER,inv_VXGAM0C0SV,236547,INR,2026-07-27,2026-08-17T09:30:02.250Z,MERCHANT_LEDGER: 2365.47 INR - E_COMMERCE_ONE_TIME_SALE,"{""merchantIdentifier"":""MERCHANT_001"",""customerIdentifier"":""cust_21H8JAQDAH"",""productServiceIdentifier"":""prod_K25SHXDFAZ"",""description"":""REFUNDED_CUSTOMER_REQUEST"",""referenceNumber"":""ref_W2G4Q8292R"",""commissionRateInPaise"":7096}"
tx_i7is2tortuh,MERCHANT_LEDGER,inv_NA3IHH18AK,1149386,INR,2026-08-03,2026-08-16T23:44:58.250Z,MERCHANT_LEDGER: 11493.86 INR - CHARGEBACK_CUSTOMER_DISPUTE,"{""merchantIdentifier"":""MERCHANT_001"",""customerIdentifier"":""cust_ZUGKA8CIQU"",""productServiceIdentifier"":""prod_V74DQL7LZX"",""description"":""SOFTWARE_LICENSE_RENEWAL"",""referenceNumber"":""ref_5TKKN4DPJ9"",""commissionRateInPaise"":34481}"
tx_t3bkwnwgxo,MERCHANT_LEDGER,inv_ZWX6S3358E,125033,INR,2026-06-30,2026-08-22T05:30:50.250Z,MERCHANT_LEDGER: 1250.33 INR - PLATFORM_MAINTENANCE_FEE,"{""merchantIdentifier"":""MERCHANT_001"",""customerIdentifier"":""cust_R3UTGWWARQ"",""productServiceIdentifier"":""prod_5OK480Q6U8"",""description"":""ONLINE_SUBSCRIPTION_PURCHASE"",""referenceNumber"":""ref_Z09NV9DMZ9"",""commissionRateInPaise"":3750}"
tx_ikd48k0r43k,MERCHANT_LEDGER,inv_C6O77K407,1279134,INR,2026-08-14,2026-08-22T18:16:23.250Z,MERCHANT_LEDGER: 12791.34 INR - SOFTWARE_LICENSE_RENEWAL,"{""merchantIdentifier"":""MERCHANT_001"",""customerIdentifier"":""cust_OTTEZVKOHB"",""productServiceIdentifier"":""prod_YFEFRGSBMI"",""description"":""REFUNDED_CUSTOMER_REQUEST"",""referenceNumber"":""ref_A1KDJE4G26"",""commissionRateInPaise"":38374}"
tx_8jyczrkh4w5,MERCHANT_LEDGER,inv_BSNYMTAOUK,1918001,INR,2026-07-20,2026-08-15T15:53:23.250Z,MERCHANT_LEDGER: 19180.01 INR - SOFTWARE_LICENSE_RENEWAL,"{""merchantIdentifier"":""MERCHANT_001"",""customerIdentifier"":""cust_39ALPUQMYP"",""productServiceIdentifier"":""prod_MMAS3SG20J"",""description"":""REFUND_FOR_ORDER_INV_12345"",""referenceNumber"":""ref_XFRMDR5LSA"",""commissionRateInPaise"":57540}"
tx_n2lycr8iq4,MERCHANT_LEDGER,inv_YXZ7NWZ2L1,1036890,INR,2026-07-20,2026-08-23T15:03:20.250Z,MERCHANT_LEDGER: 10368.9 INR - ONLINE_SUBSCRIPTION_PURCHASE,"{""merchantIdentifier"":""MERCHANT_001"",""customerIdentifier"":""cust_DI5Y6A9VT6"",""productServiceIdentifier"":""prod_6DK1VC6P5C"",""description"":""MONTHLY_SERVICE_SUBSCRIPTION"",""referenceNumber"":""ref_FC7XPDZEK3"",""commissionRateInPaise"":31106}"
tx_02ktcyjjg9k2,MERCHANT_LEDGER,inv_2HH6UZFZSS,342057,INR,2026-08-09,2026-08-14T09:43:21.250Z,MERCHANT_LEDGER: 3420.57 INR - ANNUAL_PREMIUM_UPGRADE,"{""merchantIdentifier"":""MERCHANT_001"",""customerIdentifier"":""cust_4N5JHDP3LM"",""productServiceIdentifier"":""prod_T7L98ZHLDJ"",""description"":""REFUND_FOR_ORDER_INV_12345"",""referenceNumber"":""ref_7Q6UKLTF24"",""commissionRateInPaise"":10261}"
tx_64z06jqwjs8,MERCHANT_LEDGER,inv_CPQHWDBZ1V,666968,INR,2026-08-20,2026-08-15T07:57:32.250Z,MERCHANT_LEDGER: 6669.68 INR - MONTHLY_SERVICE_SUBSCRIPTION,"{""merchantIdentifier"":""MERCHANT_001"",""customerIdentifier"":""cust_YB5TTNW0UT"",""productServiceIdentifier"":""prod_5RVSZUHTZ9"",""description"":""CHARITABLE_DONATION"",""referenceNumber"":""ref_3QT69EHP3R"",""commissionRateInPaise"":20009}"
tx_hgd3pip7m8q,MERCHANT_LEDGER,inv_0GVL4WR75X,1603064,INR,2026-07-12,2026-08-19T13:00:46.250Z,MERCHANT_LEDGER: 16030.64 INR - CHARITABLE_DONATION,"{""merchantIdentifier"":""MERCHANT_001"",""customerIdentifier"":""cust_ROQZ426QXD"",""productServiceIdentifier"":""prod_TU0SEPUXE5"",""description"":""REFUNDED_CUSTOMER_REQUEST"",""referenceNumber"":""ref_DTQN3TIWHV"",""commissionRateInPaise"":48091}"
tx_m8sprlcqkp,MERCHANT_LEDGER,inv_5ZNQ4INAO0,1786311,INR,2026-08-08,2026-08-18T16:46:24.250Z,MERCHANT_LEDGER: 17863.11 INR - E_COMMERCE_ONE_TIME_SALE,"{""merchantIdentifier"":""MERCHANT_001"",""customerIdentifier"":""cust_1Q05E4YZI1"",""productServiceIdentifier"":""prod_LSBXISRUNP"",""description"":""PLATFORM_MAINTENANCE_FEE"",""referenceNumber"":""ref_DHHU53RF73"",""commissionRateInPaise"":53589}"
tx_6a2sincomr8,MERCHANT_LEDGER,inv_UP4C2QYZEK,194595,INR,2026-08-14,2026-08-18T20:50:09.250Z,MERCHANT_LEDGER: 1945.95 INR - COMMUNITY_MEMBERSHIP_FEE,"{""merchantIdentifier"":""MERCHANT_001"",""customerIdentifier"":""cust_2J2TNXARF3"",""productServiceIdentifier"":""prod_985BBTPK62"",""description"":""COMMUNITY_MEMBERSHIP_FEE"",""referenceNumber"":""ref_DR9XL4V3CY"",""commissionRateInPaise"":5837}"
tx_476791mgs7d,MERCHANT_LEDGER,inv_CULCMXI3CI,1890436,INR,2026-08-12,2026-08-17T06:35:12.250Z,MERCHANT_LEDGER: 18904.36 INR - CHARGEBACK_CUSTOMER_DISPUTE,"{""merchantIdentifier"":""MERCHANT_001"",""customerIdentifier"":""cust_Y6AZ6C4Q2N"",""productServiceIdentifier"":""prod_GA0GZP7AJ5"",""description"":""COMMUNITY_MEMBERSHIP_FEE"",""referenceNumber"":""ref_3N0V0INSP7"",""commissionRateInPaise"":56713}"
tx_lpiiqvvsrt,MERCHANT_LEDGER,inv_BLAGEW1Z6W,1394524,INR,2026-07-09,2026-08-17T09:10:49.250Z,MERCHANT_LEDGER: 13945.24 INR - E_COMMERCE_ONE_TIME_SALE,"{""merchantIdentifier"":""MERCHANT_001"",""customerIdentifier"":""cust_B5DZBCBK5W"",""productServiceIdentifier"":""prod_LJS9ZF8EBQ"",""description"":""ANNUAL_PREMIUM_UPGRADE"",""referenceNumber"":""ref_TG4SKXGBCP"",""commissionRateInPaise"":41835}"
tx_p781f851ay,MERCHANT_LEDGER,inv_YMHSK4N7LQ,176363,INR,2026-07-18,2026-08-16T00:35:50.250Z,MERCHANT_LEDGER: 1763.63 INR - CHARGEBACK_CUSTOMER_DISPUTE,"{""merchantIdentifier"":""MERCHANT_001"",""customerIdentifier"":""cust_DZJE54U741"",""productServiceIdentifier"":""prod_OIY8W7FSYG"",""description"":""PLATFORM_MAINTENANCE_FEE"",""referenceNumber"":""ref_DRVACC2NTY"",""commissionRateInPaise"":5290}"
tx_6djunmwhzb6,MERCHANT_LEDGER,inv_1C9U6EZS84,1330798,INR,2026-07-13,2026-08-20T02:59:32.250Z,MERCHANT_LEDGER: 13307.98 INR - REFUND_FOR_ORDER_INV_12345,"{""merchantIdentifier"":""MERCHANT_001"",""customerIdentifier"":""cust_M3HJ2MITQN"",""productServiceIdentifier"":""prod_D2TK2XHBX6"",""description"":""DIGITAL_GOODS_EBOOK_DOWNLOAD"",""referenceNumber"":""ref_Z29XU49468"",""commissionRateInPaise"":39923}"
tx_q263oeibke,MERCHANT_LEDGER,inv_AY0C0A34AM,1028778,INR,2026-07-05,2026-08-22T06:04:45.250Z,MERCHANT_LEDGER: 10287.78 INR - SOFTWARE_LICENSE_RENEWAL,"{""merchantIdentifier"":""MERCHANT_001"",""customerIdentifier"":""cust_MIA3BSW15Y"",""productServiceIdentifier"":""prod_VDWPNCN6ZZ"",""description"":""CHARITABLE_DONATION"",""referenceNumber"":""ref_P1BXTE0UJD"",""commissionRateInPaise"":30863}"
tx_fb59y9czk45,MERCHANT_LEDGER,inv_IKVZJBKRJ7,211148,INR,2026-06-25,2026-08-19T17:53:24.250Z,MERCHANT_LEDGER: 2111.48 INR - CHARITABLE_DONATION,"{""merchantIdentifier"":""MERCHANT_001"",""customerIdentifier"":""cust_YJZP8TD95L"",""productServiceIdentifier"":""prod_ZSGSMDDPJ4"",""description"":""SOFTWARE_LICENSE_RENEWAL"",""referenceNumber"":""ref_N4IQQ7GFP7"",""commissionRateInPaise"":6334}"
tx_eqhjj1yjqq,MERCHANT_LEDGER,inv_AFW481CZ19,1567342,INR,2026-08-13,2026-08-20T18:13:22.250Z,MERCHANT_LEDGER: 15673.42 INR - COMMUNITY_MEMBERSHIP_FEE,"{""merchantIdentifier"":""MERCHANT_001"",""customerIdentifier"":""cust_CZPB9K3TLC"",""productServiceIdentifier"":""prod_8BBXXBQBN0"",""description"":""PLATFORM_MAINTENANCE_FEE"",""referenceNumber"":""ref_HP8OWWXX58"",""commissionRateInPaise"":47020}"
tx_9totmfhpget,MERCHANT_LEDGER,inv_AMORM3T1X,995022,INR,2026-07-05,2026-08-21T19:10:31.250Z,MERCHANT_LEDGER: 9950.22 INR - SOFTWARE_LICENSE_RENEWAL,"{""merchantIdentifier"":""MERCHANT_001"",""customerIdentifier"":""cust_ZHE0MBM7O1"",""productServiceIdentifier"":""prod_T4PM5QS07X"",""description"":""CHARGEBACK_CUSTOMER_DISPUTE"",""referenceNumber"":""ref_Z4D66U2HRE"",""commissionRateInPaise"":29850}"
tx_7mtp67hjbd6,MERCHANT_LEDGER,inv_EYBNVG5E97,295408,INR,2026-07-10,2026-08-19T01:17:38.250Z,MERCHANT_LEDGER: 2954.08 INR - REFUND_FOR_ORDER_INV_12345,"{""merchantIdentifier"":""MERCHANT_001"",""customerIdentifier"":""cust_YIIV0SPDC2"",""productServiceIdentifier"":""prod_4EDOU0FTM9"",""description"":""CHARGEBACK_CUSTOMER_DISPUTE"",""referenceNumber"":""ref_7XI5UOKXSX"",""commissionRateInPaise"":8862}"
tx_03xmtq2vv17l,MERCHANT_LEDGER,inv_R0KNE8RYWB,383569,INR,2026-07-21,2026-08-15T02:30:02.250Z,MERCHANT_LEDGER: 3835.69 INR - E_COMMERCE_ONE_TIME_SALE,"{""merchantIdentifier"":""MERCHANT_001"",""customerIdentifier"":""cust_T6Q8VRC3RT"",""productServiceIdentifier"":""prod_ZMVA221H78"",""description"":""DIGITAL_GOODS_EBOOK_DOWNLOAD"",""referenceNumber"":""ref_XZ2PDL9L5T"",""commissionRateInPaise"":11507}"
tx_mvvb3eqi9yg,MERCHANT_LEDGER,inv_I8AY3CIF7U,1018571,INR,2026-07-14,2026-08-16T18:13:06.250Z,MERCHANT_LEDGER: 10185.71 INR - CHARGEBACK_CUSTOMER_DISPUTE,"{""merchantIdentifier"":""MERCHANT_001"",""customerIdentifier"":""cust_P4CQ7E00GM"",""productServiceIdentifier"":""prod_R9PGC1YC3U"",""description"":""E_COMMERCE_ONE_TIME_SALE"",""referenceNumber"":""ref_4C6ISBKBMI"",""commissionRateInPaise"":30557}"
tx_7xy3esqvfsx,MERCHANT_LEDGER,inv_3U2UUQN20I,312538,INR,2026-07-20,2026-08-14T12:31:32.250Z,MERCHANT_LEDGER: 3125.38 INR - SOFTWARE_LICENSE_RENEWAL,"{""merchantIdentifier"":""MERCHANT_001"",""customerIdentifier"":""cust_IKA15AT6XD"",""productServiceIdentifier"":""prod_HP1QEBGOW4"",""description"":""REFUND_FOR_ORDER_INV_12345"",""referenceNumber"":""ref_ZOBMJF4UCN"",""commissionRateInPaise"":9376}"
tx_mt62nd8pt4,MERCHANT_LEDGER,inv_0R5EDEGXT0,1800383,INR,2026-06-29,2026-08-15T12:29:17.250Z,MERCHANT_LEDGER: 18003.83 INR - COMMUNITY_MEMBERSHIP_FEE,"{""merchantIdentifier"":""MERCHANT_001"",""customerIdentifier"":""cust_LFUS7ZA8SV"",""productServiceIdentifier"":""prod_HMW3BD7V6U"",""description"":""REFUNDED_CUSTOMER_REQUEST"",""referenceNumber"":""ref_3MJ60AXHPI"",""commissionRateInPaise"":54011}"
tx_l30q613z5v,MERCHANT_LEDGER,inv_JC7824TORJ,1855360,INR,2026-08-02,2026-08-17T19:07:09.250Z,MERCHANT_LEDGER: 18553.6 INR - DIGITAL_GOODS_EBOOK_DOWNLOAD,"{""merchantIdentifier"":""MERCHANT_001"",""customerIdentifier"":""cust_Z7NLW7IY1D"",""productServiceIdentifier"":""prod_X0USIQ838G"",""description"":""COMMUNITY_MEMBERSHIP_FEE"",""referenceNumber"":""ref_UN3KFS0LGH"",""commissionRateInPaise"":55660}"
tx_g8180ukh3ea,MERCHANT_LEDGER,inv_TAKEMF4XFJ,1120623,INR,2026-07-10,2026-08-21T00:40:31.250Z,MERCHANT_LEDGER: 11206.23 INR - REFUND_FOR_ORDER_INV_12345,"{""merchantIdentifier"":""MERCHANT_001"",""customerIdentifier"":""cust_UHU4X3MVO1"",""productServiceIdentifier"":""prod_1QJJ8MBY4D"",""description"":""REFUND_FOR_ORDER_INV_12345"",""referenceNumber"":""ref_HFEHHHNE3D"",""commissionRateInPaise"":33618}"
tx_1z0ra34stsz,MERCHANT_LEDGER,inv_HIOX4PK5HP,557737,INR,2026-07-06,2026-08-23T00:17:37.250Z,MERCHANT_LEDGER: 5577.37 INR - DIGITAL_GOODS_EBOOK_DOWNLOAD,"{""merchantIdentifier"":""MERCHANT_001"",""customerIdentifier"":""cust_OSSIGJLULB"",""productServiceIdentifier"":""prod_HJ94ZATFK8"",""description"":""COMMUNITY_MEMBERSHIP_FEE"",""referenceNumber"":""ref_CKE9QHJ2AN"",""commissionRateInPaise"":16732}"
tx_xfn1ajxcw58,MERCHANT_LEDGER,inv_MEPOL5RWHZ,308453,INR,2026-08-20,2026-08-21T07:39:53.250Z,MERCHANT_LEDGER: 3084.53 INR - ONLINE_SUBSCRIPTION_PURCHASE,"{""merchantIdentifier"":""MERCHANT_001"",""customerIdentifier"":""cust_GW2SLFMU11"",""productServiceIdentifier"":""prod_GCZ0BQWE73"",""description"":""DIGITAL_GOODS_EBOOK_DOWNLOAD"",""referenceNumber"":""ref_7AM03DJAXR"",""commissionRateInPaise"":9253}"
tx_vzhati7kgms,MERCHANT_LEDGER,inv_RMX73884UJ,279440,INR,2026-07-10,2026-08-21T23:36:55.250Z,MERCHANT_LEDGER: 2794.4 INR - DIGITAL_GOODS_EBOOK_DOWNLOAD,"{""merchantIdentifier"":""MERCHANT_001"",""customerIdentifier"":""cust_I7V4IGQFZP"",""productServiceIdentifier"":""prod_E91VZN249I"",""description"":""CHARGEBACK_CUSTOMER_DISPUTE"",""referenceNumber"":""ref_CPKQY6AR2R"",""commissionRateInPaise"":8383}"
tx_l9jibg26xx,MERCHANT_LEDGER,inv_XC07P594BW,1303817,INR,2026-07-06,2026-08-14T18:41:44.250Z,MERCHANT_LEDGER: 13038.17 INR - SOFTWARE_LICENSE_RENEWAL,"{""merchantIdentifier"":""MERCHANT_001"",""customerIdentifier"":""cust_38MH65JSD4"",""productServiceIdentifier"":""prod_7Q3UMTAIX0"",""description"":""CHARITABLE_DONATION"",""referenceNumber"":""ref_K38KQVXT0S"",""commissionRateInPaise"":39114}"
tx_b1wf1it1wud,MERCHANT_LEDGER,inv_SVLODK1AXE,719838,INR,2026-08-08,2026-08-18T17:43:08.250Z,MERCHANT_LEDGER: 7198.38 INR - SOFTWARE_LICENSE_RENEWAL,"{""merchantIdentifier"":""MERCHANT_001"",""customerIdentifier"":""cust_PFGBVQN6X5"",""productServiceIdentifier"":""prod_8AF6LPJMGJ"",""description"":""MONTHLY_SERVICE_SUBSCRIPTION"",""referenceNumber"":""ref_0NVONTZSWW"",""commissionRateInPaise"":21595}"
tx_z1cdf8k9idn,MERCHANT_LEDGER,inv_B8X97ICELD,1892450,INR,2026-08-07,2026-08-13T23:33:17.250Z,MERCHANT_LEDGER: 18924.5 INR - SOFTWARE_LICENSE_RENEWAL,"{""merchantIdentifier"":""MERCHANT_001"",""customerIdentifier"":""cust_MO6BZZO9CL"",""productServiceIdentifier"":""prod_C2GL7J6N4P"",""description"":""MONTHLY_SERVICE_SUBSCRIPTION"",""referenceNumber"":""ref_RVYZ5YE3H6"",""commissionRateInPaise"":56773}"
tx_dl5fg4epl7o,MERCHANT_LEDGER,inv_MZF2PIW0L7,810384,INR,2026-07-08,2026-08-22T23:41:55.250Z,MERCHANT_LEDGER: 8103.84 INR - MONTHLY_SERVICE_SUBSCRIPTION,"{""merchantIdentifier"":""MERCHANT_001"",""customerIdentifier"":""cust_RA3CBIAAF7"",""productServiceIdentifier"":""prod_SH1BSQEVFK"",""description"":""SOFTWARE_LICENSE_RENEWAL"",""referenceNumber"":""ref_AKO5RYINWT"",""commissionRateInPaise"":24311}"
tx_g41uu84hmem,MERCHANT_LEDGER,inv_6BAXY02C8O,1222693,INR,2026-07-25,2026-08-23T07:58:10.250Z,MERCHANT_LEDGER: 12226.93 INR - ANNUAL_PREMIUM_UPGRADE,"{""merchantIdentifier"":""MERCHANT_001"",""customerIdentifier"":""cust_3VHQ6Z8KY5"",""productServiceIdentifier"":""prod_JHJPO6DBLM"",""description"":""REFUNDED_CUSTOMER_REQUEST"",""referenceNumber"":""ref_CWCPSCYWU4"",""commissionRateInPaise"":36680}"
tx_l8xpdu2d6x8,MERCHANT_LEDGER,inv_VLDJ5C0MXH,1614688,INR,2026-08-06,2026-08-18T14:54:59.250Z,MERCHANT_LEDGER: 16146.88 INR - COMMUNITY_MEMBERSHIP_FEE,"{""merchantIdentifier"":""MERCHANT_001"",""customerIdentifier"":""cust_54MX6IYD6J"",""productServiceIdentifier"":""prod_T21054UN2F"",""description"":""E_COMMERCE_ONE_TIME_SALE"",""referenceNumber"":""ref_Y7H0BNPIR4"",""commissionRateInPaise"":48440}"
tx_x9a65nie0lc,MERCHANT_LEDGER,inv_P6XX59ZGJU,949127,INR,2026-07-14,2026-08-22T21:22:09.250Z,MERCHANT_LEDGER: 9491.27 INR - COMMUNITY_MEMBERSHIP_FEE,"{""merchantIdentifier"":""MERCHANT_001"",""customerIdentifier"":""cust_X12QRCJXEZ"",""productServiceIdentifier"":""prod_NYR8QVBBDS"",""description"":""ONLINE_SUBSCRIPTION_PURCHASE"",""referenceNumber"":""ref_6Q6QJ4DF68"",""commissionRateInPaise"":28473}"
tx_xue3t6e2s9,MERCHANT_LEDGER,inv_ARVVWWJPN0,526167,INR,2026-06-27,2026-08-16T23:10:35.250Z,MERCHANT_LEDGER: 5261.67 INR - CHARITABLE_DONATION,"{""merchantIdentifier"":""MERCHANT_001"",""customerIdentifier"":""cust_PYN2ZUSXCF"",""productServiceIdentifier"":""prod_EZI4QWTRU4"",""description"":""SOFTWARE_LICENSE_RENEWAL"",""referenceNumber"":""ref_RAESNFU0RC"",""commissionRateInPaise"":15785}"
tx_lldo2dpgv2q,MERCHANT_LEDGER,inv_5XPZOEFE9F,1954951,INR,2026-08-16,2026-08-16T00:24:48.250Z,MERCHANT_LEDGER: 19549.51 INR - COMMUNITY_MEMBERSHIP_FEE,"{""merchantIdentifier"":""MERCHANT_001"",""customerIdentifier"":""cust_QIY1U9NFE5"",""productServiceIdentifier"":""prod_SBQXREG5RQ"",""description"":""REFUND_FOR_ORDER_INV_12345"",""referenceNumber"":""ref_QGXLUNSP6E"",""commissionRateInPaise"":58648}"
tx_40bu01wql86,MERCHANT_LEDGER,inv_LRQCIPZQ76,1082353,INR,2026-08-16,2026-08-21T07:14:05.250Z,MERCHANT_LEDGER: 10823.53 INR - REFUNDED_CUSTOMER_REQUEST,"{""merchantIdentifier"":""MERCHANT_001"",""customerIdentifier"":""cust_5MXKVIFAV3"",""productServiceIdentifier"":""prod_ZNDFO2HRK3"",""description"":""CHARITABLE_DONATION"",""referenceNumber"":""ref_RCM8LNNNRN"",""commissionRateInPaise"":32470}"
tx_fvm4dteq4b,MERCHANT_LEDGER,inv_DJD11JOKNZ,734388,INR,2026-07-02,2026-08-20T21:43:55.250Z,MERCHANT_LEDGER: 7343.88 INR - REFUND_FOR_ORDER_INV_12345,"{""merchantIdentifier"":""MERCHANT_001"",""customerIdentifier"":""cust_OJW0PC32BJ"",""productServiceIdentifier"":""prod_OBE7E84NNI"",""description"":""REFUND_FOR_ORDER_INV_12345"",""referenceNumber"":""ref_RH8B74Z9LK"",""commissionRateInPaise"":22031}"
tx_826y7i5c434,MERCHANT_LEDGER,inv_NOCS0S2FIH,1424812,INR,2026-07-02,2026-08-23T16:43:55.250Z,MERCHANT_LEDGER: 14248.12 INR - REFUND_FOR_ORDER_INV_12345,"{""merchantIdentifier"":""MERCHANT_001"",""customerIdentifier"":""cust_7TL9TUYAXI"",""productServiceIdentifier"":""prod_1JT7V5IMON"",""description"":""SOFTWARE_LICENSE_RENEWAL"",""referenceNumber"":""ref_3KWU1OC3WI"",""commissionRateInPaise"":42744}"
tx_01mnrprzh1sk,MERCHANT_LEDGER,inv_H044W0ZM5B,399025,INR,2026-08-07,2026-08-18T00:06:59.250Z,MERCHANT_LEDGER: 3990.25 INR - PLATFORM_MAINTENANCE_FEE,"{""merchantIdentifier"":""MERCHANT_001"",""customerIdentifier"":""cust_ZLCQ9QE5UR"",""productServiceIdentifier"":""prod_12IFY8B409"",""description"":""SOFTWARE_LICENSE_RENEWAL"",""referenceNumber"":""ref_VN7CYABME3"",""commissionRateInPaise"":11970}"
tx_zrbdz2r39ij,MERCHANT_LEDGER,inv_CE6HJDOW5,1401155,INR,2026-07-19,2026-08-16T20:05:53.250Z,MERCHANT_LEDGER: 14011.55 INR - CHARITABLE_DONATION,"{""merchantIdentifier"":""MERCHANT_001"",""customerIdentifier"":""cust_M3MRJSBWYO"",""productServiceIdentifier"":""prod_R511A4IWSI"",""description"":""REFUNDED_CUSTOMER_REQUEST"",""referenceNumber"":""ref_PJPLSV13ZJ"",""commissionRateInPaise"":42034}"
tx_fq0om0l8m2,MERCHANT_LEDGER,inv_65NDYBG9WE,1661836,INR,2026-08-15,2026-08-19T06:23:26.250Z,MERCHANT_LEDGER: 16618.36 INR - PLATFORM_MAINTENANCE_FEE,"{""merchantIdentifier"":""MERCHANT_001"",""customerIdentifier"":""cust_RSS9W5VRVM"",""productServiceIdentifier"":""prod_L1YJK8N15X"",""description"":""CHARITABLE_DONATION"",""referenceNumber"":""ref_6APJH5WS7U"",""commissionRateInPaise"":49855}"
tx_m3s8xstcsfr,MERCHANT_LEDGER,inv_MI2VD7LHUP,1874258,INR,2026-08-15,2026-08-17T01:11:48.250Z,MERCHANT_LEDGER: 18742.58 INR - ONLINE_SUBSCRIPTION_PURCHASE,"{""merchantIdentifier"":""MERCHANT_001"",""customerIdentifier"":""cust_5QJNGD5HIF"",""productServiceIdentifier"":""prod_DXS5CYY4"",""description"":""PLATFORM_MAINTENANCE_FEE"",""referenceNumber"":""ref_YYRK8CGTMZ"",""commissionRateInPaise"":56227}"
tx_k5p2datt41,MERCHANT_LEDGER,inv_PI7Q54SIYV,1136690,INR,2026-06-29,2026-08-21T22:04:00.250Z,MERCHANT_LEDGER: 11366.9 INR - CHARGEBACK_CUSTOMER_DISPUTE,"{""merchantIdentifier"":""MERCHANT_001"",""customerIdentifier"":""cust_CLEY3JXKSX"",""productServiceIdentifier"":""prod_XBF70WBO46"",""description"":""SOFTWARE_LICENSE_RENEWAL"",""referenceNumber"":""ref_S17R0H3V52"",""commissionRateInPaise"":34100}"
tx_zb3siymjc9h,MERCHANT_LEDGER,inv_7LIQBYF5RC,1386487,INR,2026-07-17,2026-08-15T19:23:22.250Z,MERCHANT_LEDGER: 13864.87 INR - MONTHLY_SERVICE_SUBSCRIPTION,"{""merchantIdentifier"":""MERCHANT_001"",""customerIdentifier"":""cust_COL8AVGJ88"",""productServiceIdentifier"":""prod_YMQRWQMO5P"",""description"":""E_COMMERCE_ONE_TIME_SALE"",""referenceNumber"":""ref_O3RNAGXDVI"",""commissionRateInPaise"":41594}"
tx_mwu8ug3k1b,MERCHANT_LEDGER,inv_DYNL55AXU2,70601,INR,2026-08-18,2026-08-14T08:47:51.250Z,MERCHANT_LEDGER: 706.01 INR - REFUND_FOR_ORDER_INV_12345,"{""merchantIdentifier"":""MERCHANT_001"",""customerIdentifier"":""cust_9J6MLTT1BV"",""productServiceIdentifier"":""prod_99RDSU8DR9"",""description"":""DIGITAL_GOODS_EBOOK_DOWNLOAD"",""referenceNumber"":""ref_69STIO7VGX"",""commissionRateInPaise"":2118}"
tx_qew7ipxub6s,MERCHANT_LEDGER,inv_L4SCBHMUNT,1384807,INR,2026-07-04,2026-08-17T22:44:56.250Z,MERCHANT_LEDGER: 13848.07 INR - MONTHLY_SERVICE_SUBSCRIPTION,"{""merchantIdentifier"":""MERCHANT_001"",""customerIdentifier"":""cust_MYULA4Y743"",""productServiceIdentifier"":""prod_AUTCWRM0N5"",""description"":""CHARGEBACK_CUSTOMER_DISPUTE"",""referenceNumber"":""ref_Q3PLHM5X19"",""commissionRateInPaise"":41544}"
tx_sudoy3cfcl,MERCHANT_LEDGER,inv_9XRRD6SUDQ,1546642,INR,2026-08-17,2026-08-19T18:57:40.250Z,MERCHANT_LEDGER: 15466.42 INR - REFUNDED_CUSTOMER_REQUEST,"{""merchantIdentifier"":""MERCHANT_001"",""customerIdentifier"":""cust_G1FFVZGOOU"",""productServiceIdentifier"":""prod_HMGHJOGWA0"",""description"":""PLATFORM_MAINTENANCE_FEE"",""referenceNumber"":""ref_3CUT9EY853"",""commissionRateInPaise"":46399}"
tx_osma6y2s3h,MERCHANT_LEDGER,inv_O28C6N1MQF,120356,INR,2026-06-26,2026-08-22T15:18:09.250Z,MERCHANT_LEDGER: 1203.56 INR - ONLINE_SUBSCRIPTION_PURCHASE,"{""merchantIdentifier"":""MERCHANT_001"",""customerIdentifier"":""cust_NLI5KYV9FH"",""productServiceIdentifier"":""prod_SGCRHDJCYV"",""description"":""CHARITABLE_DONATION"",""referenceNumber"":""ref_2TGW1XE2AS"",""commissionRateInPaise"":3610}"
tx_ps9p6ghazp,MERCHANT_LEDGER,inv_NJ9ID1XKD9,243075,INR,2026-07-04,2026-08-18T22:46:35.250Z,MERCHANT_LEDGER: 2430.75 INR - CHARITABLE_DONATION,"{""merchantIdentifier"":""MERCHANT_001"",""customerIdentifier"":""cust_4Q8Y6700EM"",""productServiceIdentifier"":""prod_IIPILTGLOW"",""description"":""PLATFORM_MAINTENANCE_FEE"",""referenceNumber"":""ref_3DZKU23R7V"",""commissionRateInPaise"":7292}"
tx_rfsy08zti7l,MERCHANT_LEDGER,inv_3TSOX1KMWD,1776768,INR,2026-08-12,2026-08-14T23:43:32.250Z,MERCHANT_LEDGER: 17767.68 INR - CHARGEBACK_CUSTOMER_DISPUTE,"{""merchantIdentifier"":""MERCHANT_001"",""customerIdentifier"":""cust_RA1CAEC475"",""productServiceIdentifier"":""prod_Z6R4FB3Q5X"",""description"":""MONTHLY_SERVICE_SUBSCRIPTION"",""referenceNumber"":""ref_X5VWVVM1GN"",""commissionRateInPaise"":53303}"
tx_3996eia0eys,MERCHANT_LEDGER,inv_E1VIEN71EB,1541970,INR,2026-07-20,2026-08-20T00:12:27.250Z,MERCHANT_LEDGER: 15419.7 INR - E_COMMERCE_ONE_TIME_SALE,"{""merchantIdentifier"":""MERCHANT_001"",""customerIdentifier"":""cust_RCY5Z8MK2I"",""productServiceIdentifier"":""prod_QJMCLBKDF4"",""description"":""DIGITAL_GOODS_EBOOK_DOWNLOAD"",""referenceNumber"":""ref_X0PHIZ1XFO"",""commissionRateInPaise"":46259}"
tx_2ajdsmex728,MERCHANT_LEDGER,inv_VSPVPWQIPQ,1064934,INR,2026-07-06,2026-08-23T03:45:52.250Z,MERCHANT_LEDGER: 10649.34 INR - DIGITAL_GOODS_EBOOK_DOWNLOAD,"{""merchantIdentifier"":""MERCHANT_001"",""customerIdentifier"":""cust_08LE8CC2YO"",""productServiceIdentifier"":""prod_XBUISLFMZ8"",""description"":""PLATFORM_MAINTENANCE_FEE"",""referenceNumber"":""ref_5YRP9S8FV2"",""commissionRateInPaise"":31948}"
tx_qmng8ny88yb,MERCHANT_LEDGER,inv_M48QANGU76,63256,INR,2026-08-15,2026-08-22T06:45:41.250Z,MERCHANT_LEDGER: 632.56 INR - REFUNDED_CUSTOMER_REQUEST,"{""merchantIdentifier"":""MERCHANT_001"",""customerIdentifier"":""cust_512J0L00J7"",""productServiceIdentifier"":""prod_ZW2O8FPLTT"",""description"":""E_COMMERCE_ONE_TIME_SALE"",""referenceNumber"":""ref_AFBXUJXYCC"",""commissionRateInPaise"":1897}"
tx_phrezgk77wi,MERCHANT_LEDGER,inv_KIJDF5VYR5,1227705,INR,2026-08-09,2026-08-17T05:40:31.250Z,MERCHANT_LEDGER: 12277.05 INR - DIGITAL_GOODS_EBOOK_DOWNLOAD,"{""merchantIdentifier"":""MERCHANT_001"",""customerIdentifier"":""cust_S68FXPSLBD"",""productServiceIdentifier"":""prod_3DOM92Z90K"",""description"":""MONTHLY_SERVICE_SUBSCRIPTION"",""referenceNumber"":""ref_5SXUL75QJ8"",""commissionRateInPaise"":36831}"
tx_y4gkzeqd2hc,MERCHANT_LEDGER,inv_V3ONV4YHM1,1222433,INR,2026-08-05,2026-08-20T01:54:59.250Z,MERCHANT_LEDGER: 12224.33 INR - CHARITABLE_DONATION,"{""merchantIdentifier"":""MERCHANT_001"",""customerIdentifier"":""cust_BFK96WS2HT"",""productServiceIdentifier"":""prod_TL65R5I93S"",""description"":""REFUND_FOR_ORDER_INV_12345"",""referenceNumber"":""ref_UIVQYWRW57"",""commissionRateInPaise"":36672}"
tx_wlmeqzjfeq,MERCHANT_LEDGER,inv_IYX0JUIF6N,422725,INR,2026-07-03,2026-08-18T04:07:31.250Z,MERCHANT_LEDGER: 4227.25 INR - CHARITABLE_DONATION,"{""merchantIdentifier"":""MERCHANT_001"",""customerIdentifier"":""cust_B3TR1OI9I2"",""productServiceIdentifier"":""prod_U6FVLJGDGN"",""description"":""CHARITABLE_DONATION"",""referenceNumber"":""ref_CFXHH8WCH4"",""commissionRateInPaise"":12681}"
tx_59gid088ws7,MERCHANT_LEDGER,inv_LYPHI2K4LN,483769,INR,2026-07-07,2026-08-23T17:30:55.250Z,MERCHANT_LEDGER: 4837.69 INR - REFUND_FOR_ORDER_INV_12345,"{""merchantIdentifier"":""MERCHANT_001"",""customerIdentifier"":""cust_6I8FUT4K2C"",""productServiceIdentifier"":""prod_DMR3KD5IW7"",""description"":""CHARITABLE_DONATION"",""referenceNumber"":""ref_GBW3OKYS20"",""commissionRateInPaise"":14513}"
tx_9q5ghxk98wd,MERCHANT_LEDGER,inv_T4MFOE77X2,451570,INR,2026-07-30,2026-08-22T12:04:02.250Z,MERCHANT_LEDGER: 4515.7 INR - REFUND_FOR_ORDER_INV_12345,"{""merchantIdentifier"":""MERCHANT_001"",""customerIdentifier"":""cust_UUX6RXJJ5S"",""productServiceIdentifier"":""prod_TK7I7RJ2R3"",""description"":""COMMUNITY_MEMBERSHIP_FEE"",""referenceNumber"":""ref_PWBAJWWT22"",""commissionRateInPaise"":13547}"
tx_362dib347mb,MERCHANT_LEDGER,inv_KXE1I54U5H,946098,INR,2026-08-20,2026-08-20T06:53:11.250Z,MERCHANT_LEDGER: 9460.98 INR - REFUND_FOR_ORDER_INV_12345,"{""merchantIdentifier"":""MERCHANT_001"",""customerIdentifier"":""cust_E7AZ4KM2IW"",""productServiceIdentifier"":""prod_AAUJ3RDUHH"",""description"":""REFUNDED_CUSTOMER_REQUEST"",""referenceNumber"":""ref_XG7C984R8J"",""commissionRateInPaise"":28382}"
tx_hrx8rgwgi46,MERCHANT_LEDGER,inv_D78Q8VVNCG,493593,INR,2026-07-10,2026-08-16T05:30:53.250Z,MERCHANT_LEDGER: 4935.93 INR - CHARGEBACK_CUSTOMER_DISPUTE,"{""merchantIdentifier"":""MERCHANT_001"",""customerIdentifier"":""cust_4H15UFKSLX"",""productServiceIdentifier"":""prod_P5EVJREYY1"",""description"":""MONTHLY_SERVICE_SUBSCRIPTION"",""referenceNumber"":""ref_8NC0WR0D8D"",""commissionRateInPaise"":14807}"
tx_ut54l02zb9,MERCHANT_LEDGER,inv_WMP675MNB5,1756998,INR,2026-07-08,2026-08-16T04:03:25.250Z,MERCHANT_LEDGER: 17569.98 INR - CHARGEBACK_CUSTOMER_DISPUTE,"{""merchantIdentifier"":""MERCHANT_001"",""customerIdentifier"":""cust_YMB28MLXTS"",""productServiceIdentifier"":""prod_ZP9KX1GG2R"",""description"":""CHARITABLE_DONATION"",""referenceNumber"":""ref_PKBQFO6AU7"",""commissionRateInPaise"":52709}"
tx_c2qujfhoct4,MERCHANT_LEDGER,inv_0V91EBD666,1892642,INR,2026-07-24,2026-08-19T18:50:38.250Z,MERCHANT_LEDGER: 18926.42 INR - ANNUAL_PREMIUM_UPGRADE,"{""merchantIdentifier"":""MERCHANT_001"",""customerIdentifier"":""cust_JS0JGLZGWC"",""productServiceIdentifier"":""prod_MFWGGZLX5T"",""description"":""ANNUAL_PREMIUM_UPGRADE"",""referenceNumber"":""ref_7ED6VZ9VJE"",""commissionRateInPaise"":56779}"
tx_p9bx57gn2l,MERCHANT_LEDGER,inv_9E6F14RV5Q,1225900,INR,2026-07-29,2026-08-20T09:35:51.250Z,MERCHANT_LEDGER: 12259 INR - ONLINE_SUBSCRIPTION_PURCHASE,"{""merchantIdentifier"":""MERCHANT_001"",""customerIdentifier"":""cust_S7XWQVQ3HY"",""productServiceIdentifier"":""prod_BZCE60H7CA"",""description"":""CHARITABLE_DONATION"",""referenceNumber"":""ref_IP3YG4S1C"",""commissionRateInPaise"":36777}"
tx_lydzeojbbhi,MERCHANT_LEDGER,inv_D7TEG84ILQ,985730,INR,2026-08-08,2026-08-22T07:40:29.250Z,MERCHANT_LEDGER: 9857.3 INR - PLATFORM_MAINTENANCE_FEE,"{""merchantIdentifier"":""MERCHANT_001"",""customerIdentifier"":""cust_ZZABGOWJ4K"",""productServiceIdentifier"":""prod_91UCNN7I37"",""description"":""SOFTWARE_LICENSE_RENEWAL"",""referenceNumber"":""ref_9XFHJU0PE9"",""commissionRateInPaise"":29571}"
tx_fwdaxx5fr8,MERCHANT_LEDGER,inv_T0EM08B65J,146562,INR,2026-08-10,2026-08-14T23:13:31.250Z,MERCHANT_LEDGER: 1465.62 INR - DIGITAL_GOODS_EBOOK_DOWNLOAD,"{""merchantIdentifier"":""MERCHANT_001"",""customerIdentifier"":""cust_21B0ZLWLEJ"",""productServiceIdentifier"":""prod_18895M3GKP"",""description"":""PLATFORM_MAINTENANCE_FEE"",""referenceNumber"":""ref_9S3C3MIGEO"",""commissionRateInPaise"":4396}"
tx_uuj7577se8a,MERCHANT_LEDGER,inv_Y1OLN4XZY7,293690,INR,2026-07-15,2026-08-14T16:48:30.250Z,MERCHANT_LEDGER: 2936.9 INR - COMMUNITY_MEMBERSHIP_FEE,"{""merchantIdentifier"":""MERCHANT_001"",""customerIdentifier"":""cust_70JFGHIE01"",""productServiceIdentifier"":""prod_FIIAP7PCXM"",""description"":""SOFTWARE_LICENSE_RENEWAL"",""referenceNumber"":""ref_OLUF4G72J9"",""commissionRateInPaise"":8810}"
tx_uhqmkqja9na,MERCHANT_LEDGER,inv_Z1BPMTSXCV,1500872,INR,2026-08-08,2026-08-21T13:14:31.250Z,MERCHANT_LEDGER: 15008.72 INR - REFUNDED_CUSTOMER_REQUEST,"{""merchantIdentifier"":""MERCHANT_001"",""customerIdentifier"":""cust_QZJX72GZPQ"",""productServiceIdentifier"":""prod_K6CHJMCJ30"",""description"":""COMMUNITY_MEMBERSHIP_FEE"",""referenceNumber"":""ref_0T2E5EE7UU"",""commissionRateInPaise"":45026}"
tx_jyguooi4ku,MERCHANT_LEDGER,inv_F1GI4QYLVP,89828,INR,2026-07-05,2026-08-22T15:43:25.250Z,MERCHANT_LEDGER: 898.28 INR - PLATFORM_MAINTENANCE_FEE,"{""merchantIdentifier"":""MERCHANT_001"",""customerIdentifier"":""cust_0Q15MWXD03"",""productServiceIdentifier"":""prod_0XYXUCG7JA"",""description"":""ONLINE_SUBSCRIPTION_PURCHASE"",""referenceNumber"":""ref_YZX9NH15KD"",""commissionRateInPaise"":2694}"
tx_enyawg4i6td,MERCHANT_LEDGER,inv_T4SNVDCW64,1284704,INR,2026-07-25,2026-08-20T11:34:16.250Z,MERCHANT_LEDGER: 12847.04 INR - DIGITAL_GOODS_EBOOK_DOWNLOAD,"{""merchantIdentifier"":""MERCHANT_001"",""customerIdentifier"":""cust_YBSACTJHMX"",""productServiceIdentifier"":""prod_LFYPF9SK01"",""description"":""REFUND_FOR_ORDER_INV_12345"",""referenceNumber"":""ref_P4M790OBDH"",""commissionRateInPaise"":38541}"
tx_ic07h82o5lh,MERCHANT_LEDGER,inv_DSCWTZUFEE,924122,INR,2026-06-26,2026-08-19T08:22:14.250Z,MERCHANT_LEDGER: 9241.22 INR - PLATFORM_MAINTENANCE_FEE,"{""merchantIdentifier"":""MERCHANT_001"",""customerIdentifier"":""cust_86DR86UEGM"",""productServiceIdentifier"":""prod_TVA2FD06OM"",""description"":""DIGITAL_GOODS_EBOOK_DOWNLOAD"",""referenceNumber"":""ref_NT3S5J2OCK"",""commissionRateInPaise"":27723}"
tx_i61ny6yhfj,MERCHANT_LEDGER,inv_DIGGPLK1AR,790144,INR,2026-08-10,2026-08-20T08:20:55.250Z,MERCHANT_LEDGER: 7901.44 INR - MONTHLY_SERVICE_SUBSCRIPTION,"{""merchantIdentifier"":""MERCHANT_001"",""customerIdentifier"":""cust_LB9BI3WLQM"",""productServiceIdentifier"":""prod_WW7H43ECGD"",""description"":""MONTHLY_SERVICE_SUBSCRIPTION"",""referenceNumber"":""ref_ZV4WL7YO7P"",""commissionRateInPaise"":23704}"
tx_5ij04hc7gee,MERCHANT_LEDGER,inv_VU7IEAWKY7,1593786,INR,2026-08-06,2026-08-15T01:26:44.250Z,MERCHANT_LEDGER: 15937.86 INR - SOFTWARE_LICENSE_RENEWAL,"{""merchantIdentifier"":""MERCHANT_001"",""customerIdentifier"":""cust_SQB2ITV22L"",""productServiceIdentifier"":""prod_CHY6DB9XMM"",""description"":""PLATFORM_MAINTENANCE_FEE"",""referenceNumber"":""ref_N3XQUNSQYR"",""commissionRateInPaise"":47813}"
tx_ayc00ad29v5,MERCHANT_LEDGER,inv_EA01UMBAXH,909285,INR,2026-06-25,2026-08-23T01:04:32.250Z,MERCHANT_LEDGER: 9092.85 INR - COMMUNITY_MEMBERSHIP_FEE,"{""merchantIdentifier"":""MERCHANT_001"",""customerIdentifier"":""cust_60RH4UFM9L"",""productServiceIdentifier"":""prod_RTR805J9OE"",""description"":""DIGITAL_GOODS_EBOOK_DOWNLOAD"",""referenceNumber"":""ref_I2WDBHB8O8"",""commissionRateInPaise"":27278}"
tx_yq9c7p2qhcg,MERCHANT_LEDGER,inv_9WDXZXH33N,511026,INR,2026-07-30,2026-08-22T18:09:30.250Z,MERCHANT_LEDGER: 5110.26 INR - CHARITABLE_DONATION,"{""merchantIdentifier"":""MERCHANT_001"",""customerIdentifier"":""cust_UUT5WV5BLV"",""productServiceIdentifier"":""prod_A8W4035M95"",""description"":""PLATFORM_MAINTENANCE_FEE"",""referenceNumber"":""ref_HSQU9VWLFH"",""commissionRateInPaise"":15330}"
tx_y3cr7xgoi1b,MERCHANT_LEDGER,inv_T83EVGRU8P,662397,INR,2026-07-16,2026-08-17T15:20:30.250Z,MERCHANT_LEDGER: 6623.97 INR - COMMUNITY_MEMBERSHIP_FEE,"{""merchantIdentifier"":""MERCHANT_001"",""customerIdentifier"":""cust_LQA73CDAJV"",""productServiceIdentifier"":""prod_FD3GZ7ZCN0"",""description"":""CHARGEBACK_CUSTOMER_DISPUTE"",""referenceNumber"":""ref_2UKEWP4EEO"",""commissionRateInPaise"":19871}"
tx_5ns4nr25z87,MERCHANT_LEDGER,inv_XN8DYQ7STK,1376511,INR,2026-07-20,2026-08-16T17:46:08.250Z,MERCHANT_LEDGER: 13765.11 INR - COMMUNITY_MEMBERSHIP_FEE,"{""merchantIdentifier"":""MERCHANT_001"",""customerIdentifier"":""cust_V86XET8RZ1"",""productServiceIdentifier"":""prod_0KLW04X0BK"",""description"":""ANNUAL_PREMIUM_UPGRADE"",""referenceNumber"":""ref_RU8Z3LNIO2"",""commissionRateInPaise"":41295}"
tx_cbt5kw0r6xi,MERCHANT_LEDGER,inv_6XSF97LG9M,1979496,INR,2026-07-17,2026-08-21T19:33:55.250Z,MERCHANT_LEDGER: 19794.96 INR - DIGITAL_GOODS_EBOOK_DOWNLOAD,"{""merchantIdentifier"":""MERCHANT_001"",""customerIdentifier"":""cust_AU4DBAKBP5"",""productServiceIdentifier"":""prod_US3EJUX2XA"",""description"":""ANNUAL_PREMIUM_UPGRADE"",""referenceNumber"":""ref_605PZ69RHY"",""commissionRateInPaise"":59384}"
tx_r2ugjhx2wq,MERCHANT_LEDGER,inv_ZG3WV9KHSV,831118,INR,2026-06-29,2026-08-22T04:54:15.250Z,MERCHANT_LEDGER: 8311.18 INR - ONLINE_SUBSCRIPTION_PURCHASE,"{""merchantIdentifier"":""MERCHANT_001"",""customerIdentifier"":""cust_LPSRNUH4PA"",""productServiceIdentifier"":""prod_H14ZFHQWMU"",""description"":""REFUND_FOR_ORDER_INV_12345"",""referenceNumber"":""ref_VFPZHXWIG8"",""commissionRateInPaise"":24933}"
tx_w991v7rh3cm,MERCHANT_LEDGER,inv_00WATALVXU,1278871,INR,2026-08-17,2026-08-14T05:00:04.250Z,MERCHANT_LEDGER: 12788.71 INR - E_COMMERCE_ONE_TIME_SALE,"{""merchantIdentifier"":""MERCHANT_001"",""customerIdentifier"":""cust_UJ76JNL703"",""productServiceIdentifier"":""prod_WSV2WD0B5K"",""description"":""ONLINE_SUBSCRIPTION_PURCHASE"",""referenceNumber"":""ref_4Z3HE63HS5"",""commissionRateInPaise"":38366}"
tx_ok9ctui5vtp,MERCHANT_LEDGER,inv_9TVMC3XF82,120719,INR,2026-07-03,2026-08-16T12:24:39.250Z,MERCHANT_LEDGER: 1207.19 INR - CHARITABLE_DONATION,"{""merchantIdentifier"":""MERCHANT_001"",""customerIdentifier"":""cust_7FFQS2S29U"",""productServiceIdentifier"":""prod_1V3I293NKA"",""description"":""COMMUNITY_MEMBERSHIP_FEE"",""referenceNumber"":""ref_IX8XIP0EWL"",""commissionRateInPaise"":3621}"
tx_342qahh6y7i,MERCHANT_LEDGER,inv_4I0S4G7BK8,1975194,INR,2026-07-03,2026-08-14T00:06:53.250Z,MERCHANT_LEDGER: 19751.94 INR - ANNUAL_PREMIUM_UPGRADE,"{""merchantIdentifier"":""MERCHANT_001"",""customerIdentifier"":""cust_KWMQ9UW97J"",""productServiceIdentifier"":""prod_D73EMDN3L4"",""description"":""REFUNDED_CUSTOMER_REQUEST"",""referenceNumber"":""ref_OVQSYASBB1"",""commissionRateInPaise"":59255}"
tx_4cm4i0809o,MERCHANT_LEDGER,inv_VWYAWEJ1WB,1345022,INR,2026-07-07,2026-08-17T13:09:42.250Z,MERCHANT_LEDGER: 13450.22 INR - ANNUAL_PREMIUM_UPGRADE,"{""merchantIdentifier"":""MERCHANT_001"",""customerIdentifier"":""cust_COSUFNFQ0N"",""productServiceIdentifier"":""prod_6MFLN32SZ0"",""description"":""ANNUAL_PREMIUM_UPGRADE"",""referenceNumber"":""ref_LWKJVAU74S"",""commissionRateInPaise"":40350}"
tx_lxj107vl6ve,MERCHANT_LEDGER,inv_RNEUZBDYS3,831502,INR,2026-07-08,2026-08-18T17:40:44.250Z,MERCHANT_LEDGER: 8315.02 INR - SOFTWARE_LICENSE_RENEWAL,"{""merchantIdentifier"":""MERCHANT_001"",""customerIdentifier"":""cust_MQNKS5VWFZ"",""productServiceIdentifier"":""prod_7QFA3G8USW"",""description"":""DIGITAL_GOODS_EBOOK_DOWNLOAD"",""referenceNumber"":""ref_JGPJ1SV9NV"",""commissionRateInPaise"":24945}"
tx_tonxvxld7ap,MERCHANT_LEDGER,inv_ZVJ9Q2AKEY,1042408,INR,2026-06-26,2026-08-21T06:24:44.250Z,MERCHANT_LEDGER: 10424.08 INR - E_COMMERCE_ONE_TIME_SALE,"{""merchantIdentifier"":""MERCHANT_001"",""customerIdentifier"":""cust_QBLC7L4V9I"",""productServiceIdentifier"":""prod_YY5MVTJE14"",""description"":""CHARGEBACK_CUSTOMER_DISPUTE"",""referenceNumber"":""ref_XW959V7PCO"",""commissionRateInPaise"":31272}"
tx_by9hsdeynlw,MERCHANT_LEDGER,inv_I9AO6GUH12,1535416,INR,2026-07-04,2026-08-14T23:00:06.250Z,MERCHANT_LEDGER: 15354.16 INR - CHARITABLE_DONATION,"{""merchantIdentifier"":""MERCHANT_001"",""customerIdentifier"":""cust_58HD2JOO84"",""productServiceIdentifier"":""prod_G268HB903D"",""description"":""E_COMMERCE_ONE_TIME_SALE"",""referenceNumber"":""ref_F39ATD611Z"",""commissionRateInPaise"":46062}"
tx_c2e11r63y66,MERCHANT_LEDGER,inv_3PNVNKOOK4,1988319,INR,2026-06-27,2026-08-21T00:02:18.250Z,MERCHANT_LEDGER: 19883.19 INR - PLATFORM_MAINTENANCE_FEE,"{""merchantIdentifier"":""MERCHANT_001"",""customerIdentifier"":""cust_9YHBUHA3O3"",""productServiceIdentifier"":""prod_IW8GM8T27I"",""description"":""E_COMMERCE_ONE_TIME_SALE"",""referenceNumber"":""ref_269PFJI082"",""commissionRateInPaise"":59649}"
tx_fbx2q5hsppp,MERCHANT_LEDGER,inv_RNYT1VYXG7,1575964,INR,2026-07-04,2026-08-19T14:23:50.250Z,MERCHANT_LEDGER: 15759.64 INR - CHARITABLE_DONATION,"{""merchantIdentifier"":""MERCHANT_001"",""customerIdentifier"":""cust_7WJKFSJHD9"",""productServiceIdentifier"":""prod_2CJJ3KOYUX"",""description"":""ONLINE_SUBSCRIPTION_PURCHASE"",""referenceNumber"":""ref_BFE5CQ9FTJ"",""commissionRateInPaise"":47278}"
tx_6lkpkcc5wi2,MERCHANT_LEDGER,inv_QR6SRJUMRY,1206081,INR,2026-08-05,2026-08-22T19:53:55.250Z,MERCHANT_LEDGER: 12060.81 INR - CHARGEBACK_CUSTOMER_DISPUTE,"{""merchantIdentifier"":""MERCHANT_001"",""customerIdentifier"":""cust_ORRX98LHK4"",""productServiceIdentifier"":""prod_MQYHRFZTOB"",""description"":""COMMUNITY_MEMBERSHIP_FEE"",""referenceNumber"":""ref_7L6924M6FX"",""commissionRateInPaise"":36182}"
tx_wwmrvzhnss,MERCHANT_LEDGER,inv_5J8UQ68WUF,410813,INR,2026-08-12,2026-08-17T16:52:45.250Z,MERCHANT_LEDGER: 4108.13 INR - REFUNDED_CUSTOMER_REQUEST,"{""merchantIdentifier"":""MERCHANT_001"",""customerIdentifier"":""cust_WA5JGLIDX7"",""productServiceIdentifier"":""prod_473YJSPE1K"",""description"":""SOFTWARE_LICENSE_RENEWAL"",""referenceNumber"":""ref_UDJWTF9EY2"",""commissionRateInPaise"":12324}"
tx_h474f5ynz7q,MERCHANT_LEDGER,inv_P0ZWEMA2XT,1767916,INR,2026-08-17,2026-08-15T22:24:15.250Z,MERCHANT_LEDGER: 17679.16 INR - CHARITABLE_DONATION,"{""merchantIdentifier"":""MERCHANT_001"",""customerIdentifier"":""cust_VAZQ9V50V6"",""productServiceIdentifier"":""prod_O8P6HYI07Y"",""description"":""SOFTWARE_LICENSE_RENEWAL"",""referenceNumber"":""ref_A4PAM2A39K"",""commissionRateInPaise"":53037}"
tx_pqjwsb9p4l,MERCHANT_LEDGER,inv_0A9DQVIBTV,1084454,INR,2026-07-11,2026-08-21T17:41:09.250Z,MERCHANT_LEDGER: 10844.54 INR - E_COMMERCE_ONE_TIME_SALE,"{""merchantIdentifier"":""MERCHANT_001"",""customerIdentifier"":""cust_CJFGY7Z2IL"",""productServiceIdentifier"":""prod_Z1FNR1N0R0"",""description"":""COMMUNITY_MEMBERSHIP_FEE"",""referenceNumber"":""ref_6PG0K46QTY"",""commissionRateInPaise"":32533}"
tx_iyx1xde6iar,MERCHANT_LEDGER,inv_W8M2BN2AJ1,395186,INR,2026-08-11,2026-08-17T16:20:23.250Z,MERCHANT_LEDGER: 3951.86 INR - SOFTWARE_LICENSE_RENEWAL,"{""merchantIdentifier"":""MERCHANT_001"",""customerIdentifier"":""cust_COX7AZB2P8"",""productServiceIdentifier"":""prod_MLCADB3PG7"",""description"":""REFUND_FOR_ORDER_INV_12345"",""referenceNumber"":""ref_9H4F1IB6UN"",""commissionRateInPaise"":11855}"
tx_yxwhdjo0k8,MERCHANT_LEDGER,inv_NF0BPJE9ID,1115070,INR,2026-08-03,2026-08-22T19:30:56.250Z,MERCHANT_LEDGER: 11150.7 INR - CHARITABLE_DONATION,"{""merchantIdentifier"":""MERCHANT_001"",""customerIdentifier"":""cust_GJV4F3C474"",""productServiceIdentifier"":""prod_WBBMCECKP1"",""description"":""ONLINE_SUBSCRIPTION_PURCHASE"",""referenceNumber"":""ref_M7WYAFNE4G"",""commissionRateInPaise"":33452}"
tx_8217u620zob,MERCHANT_LEDGER,inv_VO1QOUDJ8T,1215610,INR,2026-07-16,2026-08-20T21:24:32.250Z,MERCHANT_LEDGER: 12156.1 INR - CHARGEBACK_CUSTOMER_DISPUTE,"{""merchantIdentifier"":""MERCHANT_001"",""customerIdentifier"":""cust_TC6WN8A2DG"",""productServiceIdentifier"":""prod_3Q5RPAD9T3"",""description"":""E_COMMERCE_ONE_TIME_SALE"",""referenceNumber"":""ref_0T0ZZF2ZIK"",""commissionRateInPaise"":36468}"
tx_v2umxlk3p0k,MERCHANT_LEDGER,inv_NBN4WOTXF8,1574640,INR,2026-07-25,2026-08-22T03:49:04.250Z,MERCHANT_LEDGER: 15746.4 INR - REFUND_FOR_ORDER_INV_12345,"{""merchantIdentifier"":""MERCHANT_001"",""customerIdentifier"":""cust_X22KGEY3KL"",""productServiceIdentifier"":""prod_5GEYAS4Q8Z"",""description"":""SOFTWARE_LICENSE_RENEWAL"",""referenceNumber"":""ref_KTV7CO3H7M"",""commissionRateInPaise"":47239}"
tx_7759i7598ok,MERCHANT_LEDGER,inv_L03Z7T2US8,652892,INR,2026-06-25,2026-08-14T01:08:17.250Z,MERCHANT_LEDGER: 6528.92 INR - DIGITAL_GOODS_EBOOK_DOWNLOAD,"{""merchantIdentifier"":""MERCHANT_001"",""customerIdentifier"":""cust_NRL77QPJGS"",""productServiceIdentifier"":""prod_545NCO10P9"",""description"":""REFUNDED_CUSTOMER_REQUEST"",""referenceNumber"":""ref_EM5V5DMLOP"",""commissionRateInPaise"":19586}"
tx_o19c1hs3xgl,MERCHANT_LEDGER,inv_J0IAOIR5GQ,1680154,INR,2026-08-14,2026-08-21T16:44:04.250Z,MERCHANT_LEDGER: 16801.54 INR - CHARITABLE_DONATION,"{""merchantIdentifier"":""MERCHANT_001"",""customerIdentifier"":""cust_EMYD28VT3L"",""productServiceIdentifier"":""prod_TJ91DEMTPZ"",""description"":""ANNUAL_PREMIUM_UPGRADE"",""referenceNumber"":""ref_IUZYGCLQD0"",""commissionRateInPaise"":50404}"
tx_ywgptgbyihb,MERCHANT_LEDGER,inv_YTSCU5R6PV,1191277,INR,2026-07-08,2026-08-15T08:32:18.250Z,MERCHANT_LEDGER: 11912.77 INR - DIGITAL_GOODS_EBOOK_DOWNLOAD,"{""merchantIdentifier"":""MERCHANT_001"",""customerIdentifier"":""cust_TW5YF3WXB2"",""productServiceIdentifier"":""prod_2A66GFG33H"",""description"":""REFUND_FOR_ORDER_INV_12345"",""referenceNumber"":""ref_1PYOPPAI1C"",""commissionRateInPaise"":35738}"
tx_7xon4rasvkh,MERCHANT_LEDGER,inv_X8667SIS62,696724,INR,2026-08-09,2026-08-22T12:31:52.250Z,MERCHANT_LEDGER: 6967.24 INR - SOFTWARE_LICENSE_RENEWAL,"{""merchantIdentifier"":""MERCHANT_001"",""customerIdentifier"":""cust_01RWCS1UHL"",""productServiceIdentifier"":""prod_3BLKGW3HZR"",""description"":""PLATFORM_MAINTENANCE_FEE"",""referenceNumber"":""ref_FYR2W3IJQH"",""commissionRateInPaise"":20901}"
tx_hpcvrzeb054,MERCHANT_LEDGER,inv_2M394W563W,311497,INR,2026-07-02,2026-08-16T10:04:40.250Z,MERCHANT_LEDGER: 3114.97 INR - DIGITAL_GOODS_EBOOK_DOWNLOAD,"{""merchantIdentifier"":""MERCHANT_001"",""customerIdentifier"":""cust_0BEA5KG34W"",""productServiceIdentifier"":""prod_QDR1I67PKW"",""description"":""DIGITAL_GOODS_EBOOK_DOWNLOAD"",""referenceNumber"":""ref_VL2J6NF0KW"",""commissionRateInPaise"":9344}"
tx_wqqj3j2iusb,MERCHANT_LEDGER,inv_WP4QONEKLX,1612653,INR,2026-07-28,2026-08-18T04:50:41.250Z,MERCHANT_LEDGER: 16126.53 INR - ONLINE_SUBSCRIPTION_PURCHASE,"{""merchantIdentifier"":""MERCHANT_001"",""customerIdentifier"":""cust_VGDGIFYV6M"",""productServiceIdentifier"":""prod_R5HLR0ENF1"",""description"":""REFUND_FOR_ORDER_INV_12345"",""referenceNumber"":""ref_BC9Z86X44L"",""commissionRateInPaise"":48379}"
tx_abb6sprdb2,MERCHANT_LEDGER,inv_G56KK4WFVK,1044346,INR,2026-08-23,2026-08-15T05:50:22.250Z,MERCHANT_LEDGER: 10443.46 INR - DIGITAL_GOODS_EBOOK_DOWNLOAD,"{""merchantIdentifier"":""MERCHANT_001"",""customerIdentifier"":""cust_BN9AY27X07"",""productServiceIdentifier"":""prod_GRW0ZLK0FF"",""description"":""SOFTWARE_LICENSE_RENEWAL"",""referenceNumber"":""ref_NHV8SEB60B"",""commissionRateInPaise"":31330}"
tx_cltlh3zf35e,MERCHANT_LEDGER,inv_1OCYVBF087,317155,INR,2026-07-28,2026-08-21T08:10:30.250Z,MERCHANT_LEDGER: 3171.55 INR - CHARITABLE_DONATION,"{""merchantIdentifier"":""MERCHANT_001"",""customerIdentifier"":""cust_O3RP00C4WQ"",""productServiceIdentifier"":""prod_DD4MQLV9QI"",""description"":""CHARITABLE_DONATION"",""referenceNumber"":""ref_PWTXDHOZ16"",""commissionRateInPaise"":9514}"
tx_9eia3vaano,MERCHANT_LEDGER,inv_IXHL34ILR5,1904143,INR,2026-06-28,2026-08-16T11:16:11.250Z,MERCHANT_LEDGER: 19041.43 INR - ONLINE_SUBSCRIPTION_PURCHASE,"{""merchantIdentifier"":""MERCHANT_001"",""customerIdentifier"":""cust_CEG42QHF4L"",""productServiceIdentifier"":""prod_K6QOM406BL"",""description"":""CHARITABLE_DONATION"",""referenceNumber"":""ref_E5A316DGFT"",""commissionRateInPaise"":57124}"
tx_hryy3wjka3,MERCHANT_LEDGER,inv_OO2W8MODSH,1927326,INR,2026-07-21,2026-08-23T16:49:53.250Z,MERCHANT_LEDGER: 19273.26 INR - ONLINE_SUBSCRIPTION_PURCHASE,"{""merchantIdentifier"":""MERCHANT_001"",""customerIdentifier"":""cust_PVV7FYTBXM"",""productServiceIdentifier"":""prod_JY0G3YDB6O"",""description"":""REFUND_FOR_ORDER_INV_12345"",""referenceNumber"":""ref_REH11E2ULI"",""commissionRateInPaise"":57819}"
tx_y6rwscif488,MERCHANT_LEDGER,inv_GX7AWVZ2G3,1368264,INR,2026-07-19,2026-08-15T06:50:38.250Z,MERCHANT_LEDGER: 13682.64 INR - REFUNDED_CUSTOMER_REQUEST,"{""merchantIdentifier"":""MERCHANT_001"",""customerIdentifier"":""cust_JXN1TW5DBN"",""productServiceIdentifier"":""prod_RSCVVLRFYL"",""description"":""REFUND_FOR_ORDER_INV_12345"",""referenceNumber"":""ref_KO7TZJ06QL"",""commissionRateInPaise"":41047}"
tx_nr7gkve40ic,MERCHANT_LEDGER,inv_IZS4EG4FXS,1316133,INR,2026-08-07,2026-08-19T04:21:41.250Z,MERCHANT_LEDGER: 13161.33 INR - CHARGEBACK_CUSTOMER_DISPUTE,"{""merchantIdentifier"":""MERCHANT_001"",""customerIdentifier"":""cust_6USWQ8QCFU"",""productServiceIdentifier"":""prod_XVD4XZ6H6L"",""description"":""COMMUNITY_MEMBERSHIP_FEE"",""referenceNumber"":""ref_WQPG2GE5BL"",""commissionRateInPaise"":39483}"
tx_n6mharhlrqp,MERCHANT_LEDGER,inv_CVF2BWTG1Z,155416,INR,2026-07-14,2026-08-21T06:53:59.250Z,MERCHANT_LEDGER: 1554.16 INR - ONLINE_SUBSCRIPTION_PURCHASE,"{""merchantIdentifier"":""MERCHANT_001"",""customerIdentifier"":""cust_OM3VK4XFPP"",""productServiceIdentifier"":""prod_INZ829R7HA"",""description"":""MONTHLY_SERVICE_SUBSCRIPTION"",""referenceNumber"":""ref_M6SQ3X8R3Y"",""commissionRateInPaise"":4662}"
tx_0sq74i90ga4,MERCHANT_LEDGER,inv_WA39HFP11L,1001868,INR,2026-07-27,2026-08-19T05:51:43.250Z,MERCHANT_LEDGER: 10018.68 INR - REFUNDED_CUSTOMER_REQUEST,"{""merchantIdentifier"":""MERCHANT_001"",""customerIdentifier"":""cust_RFOY8TMOCC"",""productServiceIdentifier"":""prod_5XAPT2WIGE"",""description"":""CHARGEBACK_CUSTOMER_DISPUTE"",""referenceNumber"":""ref_X0LMCJSV73"",""commissionRateInPaise"":30056}"
tx_lheqi9bgsl,MERCHANT_LEDGER,inv_EM0BDWG6SB,1266910,INR,2026-07-31,2026-08-16T15:32:27.250Z,MERCHANT_LEDGER: 12669.1 INR - ONLINE_SUBSCRIPTION_PURCHASE,"{""merchantIdentifier"":""MERCHANT_001"",""customerIdentifier"":""cust_RFHBMDAGF7"",""productServiceIdentifier"":""prod_3RW8GV9YOF"",""description"":""CHARITABLE_DONATION"",""referenceNumber"":""ref_MQ6ZT2BNLK"",""commissionRateInPaise"":38007}"
tx_3hg3xg18ko5,MERCHANT_LEDGER,inv_I515IUU6KC,1755740,INR,2026-08-02,2026-08-16T19:29:53.250Z,MERCHANT_LEDGER: 17557.4 INR - SOFTWARE_LICENSE_RENEWAL,"{""merchantIdentifier"":""MERCHANT_001"",""customerIdentifier"":""cust_3X7KTKILD9"",""productServiceIdentifier"":""prod_ORA5YXOXCU"",""description"":""CHARITABLE_DONATION"",""referenceNumber"":""ref_M3TKD8GMCA"",""commissionRateInPaise"":52672}"
tx_73tifuykse4,MERCHANT_LEDGER,inv_AVMRKHI7YI,1764284,INR,2026-07-06,2026-08-18T13:51:31.250Z,MERCHANT_LEDGER: 17642.84 INR - SOFTWARE_LICENSE_RENEWAL,"{""merchantIdentifier"":""MERCHANT_001"",""customerIdentifier"":""cust_K7N5GCZQI2"",""productServiceIdentifier"":""prod_E861FRO6GU"",""description"":""ONLINE_SUBSCRIPTION_PURCHASE"",""referenceNumber"":""ref_TP8VLO52QP"",""commissionRateInPaise"":52928}"
tx_2qzqa3g5mzc,MERCHANT_LEDGER,inv_08VV5FT57H,424300,INR,2026-08-17,2026-08-22T20:34:51.250Z,MERCHANT_LEDGER: 4243 INR - COMMUNITY_MEMBERSHIP_FEE,"{""merchantIdentifier"":""MERCHANT_001"",""customerIdentifier"":""cust_U8BY2R68KX"",""productServiceIdentifier"":""prod_FMYRXGRA7I"",""description"":""SOFTWARE_LICENSE_RENEWAL"",""referenceNumber"":""ref_DRGB7F44T5"",""commissionRateInPaise"":12729}"
tx_7i3h4ggxzz5,MERCHANT_LEDGER,inv_H4QUYMTXBW,250840,INR,2026-07-07,2026-08-17T04:54:27.250Z,MERCHANT_LEDGER: 2508.4 INR - CHARITABLE_DONATION,"{""merchantIdentifier"":""MERCHANT_001"",""customerIdentifier"":""cust_WI9F5LLHIQ"",""productServiceIdentifier"":""prod_GN6B3202KK"",""description"":""PLATFORM_MAINTENANCE_FEE"",""referenceNumber"":""ref_2RCONI0W4F"",""commissionRateInPaise"":7525}"
tx_kqolnbsl47,MERCHANT_LEDGER,inv_WRBVB7MKRB,1666367,INR,2026-08-01,2026-08-19T21:45:54.250Z,MERCHANT_LEDGER: 16663.67 INR - REFUNDED_CUSTOMER_REQUEST,"{""merchantIdentifier"":""MERCHANT_001"",""customerIdentifier"":""cust_Y3VBKEHQI6"",""productServiceIdentifier"":""prod_TRT6U9D3BS"",""description"":""CHARITABLE_DONATION"",""referenceNumber"":""ref_3GACFOA0X6"",""commissionRateInPaise"":49991}"
tx_h5qf15jnc0u,MERCHANT_LEDGER,inv_CP39WYUL0Z,1867128,INR,2026-06-29,2026-08-23T13:18:37.250Z,MERCHANT_LEDGER: 18671.28 INR - COMMUNITY_MEMBERSHIP_FEE,"{""merchantIdentifier"":""MERCHANT_001"",""customerIdentifier"":""cust_AOKDRY85MB"",""productServiceIdentifier"":""prod_I0S5HHFD4L"",""description"":""CHARGEBACK_CUSTOMER_DISPUTE"",""referenceNumber"":""ref_T8PWOM87EB"",""commissionRateInPaise"":56013}"
tx_i4s983v2u7h,MERCHANT_LEDGER,inv_GSAR7DRBP0,714924,INR,2026-06-25,2026-08-16T13:43:32.250Z,MERCHANT_LEDGER: 7149.24 INR - PLATFORM_MAINTENANCE_FEE,"{""merchantIdentifier"":""MERCHANT_001"",""customerIdentifier"":""cust_G3Q71FODI3"",""productServiceIdentifier"":""prod_XBSWG2PWGC"",""description"":""E_COMMERCE_ONE_TIME_SALE"",""referenceNumber"":""ref_SLABCPWIF7"",""commissionRateInPaise"":21447}"
tx_jgl83lebrkr,MERCHANT_LEDGER,inv_I3E6XO1KNU,582185,INR,2026-07-30,2026-08-15T10:33:51.250Z,MERCHANT_LEDGER: 5821.85 INR - MONTHLY_SERVICE_SUBSCRIPTION,"{""merchantIdentifier"":""MERCHANT_001"",""customerIdentifier"":""cust_EA8GWGDLB5"",""productServiceIdentifier"":""prod_VJPVRHN3BI"",""description"":""E_COMMERCE_ONE_TIME_SALE"",""referenceNumber"":""ref_GDQIBFD0SS"",""commissionRateInPaise"":17465}"
tx_uvkubed71w,MERCHANT_LEDGER,inv_DG4UU806PP,652166,INR,2026-08-12,2026-08-15T03:16:06.250Z,MERCHANT_LEDGER: 6521.66 INR - REFUND_FOR_ORDER_INV_12345,"{""merchantIdentifier"":""MERCHANT_001"",""customerIdentifier"":""cust_RXHGP6CAB9"",""productServiceIdentifier"":""prod_RA3FXM7BJR"",""description"":""SOFTWARE_LICENSE_RENEWAL"",""referenceNumber"":""ref_33HXDNN5IE"",""commissionRateInPaise"":19564}"
tx_mvnt2p2cfic,MERCHANT_LEDGER,inv_NPQCHWAO2Z,360366,INR,2026-08-19,2026-08-18T12:53:51.250Z,MERCHANT_LEDGER: 3603.66 INR - MONTHLY_SERVICE_SUBSCRIPTION,"{""merchantIdentifier"":""MERCHANT_001"",""customerIdentifier"":""cust_VZ5ZSU5N0A"",""productServiceIdentifier"":""prod_LM4PA5DMP3"",""description"":""E_COMMERCE_ONE_TIME_SALE"",""referenceNumber"":""ref_CXPUS4EUSD"",""commissionRateInPaise"":10810}"
tx_ek5gaghs39c,MERCHANT_LEDGER,inv_H2IP0T1ANE,1133847,INR,2026-08-20,2026-08-17T07:22:45.250Z,MERCHANT_LEDGER: 11338.47 INR - ONLINE_SUBSCRIPTION_PURCHASE,"{""merchantIdentifier"":""MERCHANT_001"",""customerIdentifier"":""cust_1MS48IACK2"",""productServiceIdentifier"":""prod_4UXAA4X3GL"",""description"":""MONTHLY_SERVICE_SUBSCRIPTION"",""referenceNumber"":""ref_7UPA64SGH1"",""commissionRateInPaise"":34015}"
tx_at5j78hu3k7,MERCHANT_LEDGER,inv_RHGK1P7IWD,1941732,INR,2026-06-27,2026-08-22T07:29:12.250Z,MERCHANT_LEDGER: 19417.32 INR - CHARITABLE_DONATION,"{""merchantIdentifier"":""MERCHANT_001"",""customerIdentifier"":""cust_GO34YBREUP"",""productServiceIdentifier"":""prod_KZ54P3PCFX"",""description"":""ONLINE_SUBSCRIPTION_PURCHASE"",""referenceNumber"":""ref_022XEHN7LD"",""commissionRateInPaise"":58251}"
tx_3ojlp9wd4yo,MERCHANT_LEDGER,inv_JTGGBQASIL,949426,INR,2026-07-09,2026-08-17T00:30:14.250Z,MERCHANT_LEDGER: 9494.26 INR - ANNUAL_PREMIUM_UPGRADE,"{""merchantIdentifier"":""MERCHANT_001"",""customerIdentifier"":""cust_Z85AD139ZY"",""productServiceIdentifier"":""prod_9FRHRLR92W"",""description"":""CHARITABLE_DONATION"",""referenceNumber"":""ref_9LYFVSKLLQ"",""commissionRateInPaise"":28482}"
tx_aac17q9cqpk,MERCHANT_LEDGER,inv_HKR7YRNKRD,438471,INR,2026-07-01,2026-08-15T06:08:47.250Z,MERCHANT_LEDGER: 4384.71 INR - REFUND_FOR_ORDER_INV_12345,"{""merchantIdentifier"":""MERCHANT_001"",""customerIdentifier"":""cust_57ULING9XY"",""productServiceIdentifier"":""prod_B6REX4SCG8"",""description"":""REFUNDED_CUSTOMER_REQUEST"",""referenceNumber"":""ref_M767PVJCF3"",""commissionRateInPaise"":13154}"
tx_qj3e0f07vud,MERCHANT_LEDGER,inv_6I89F5B9RR,1592890,INR,2026-08-21,2026-08-23T13:13:30.250Z,MERCHANT_LEDGER: 15928.9 INR - E_COMMERCE_ONE_TIME_SALE,"{""merchantIdentifier"":""MERCHANT_001"",""customerIdentifier"":""cust_3C01X3UOXW"",""productServiceIdentifier"":""prod_Z2H08IL98J"",""description"":""MONTHLY_SERVICE_SUBSCRIPTION"",""referenceNumber"":""ref_HUHDM2WR36"",""commissionRateInPaise"":47786}"
tx_tnru5zuy3j,MERCHANT_LEDGER,inv_XAAKFLXIGX,1717218,INR,2026-08-10,2026-08-14T02:34:05.250Z,MERCHANT_LEDGER: 17172.18 INR - ANNUAL_PREMIUM_UPGRADE,"{""merchantIdentifier"":""MERCHANT_001"",""customerIdentifier"":""cust_D8I58926XE"",""productServiceIdentifier"":""prod_RTM4D0PGZV"",""description"":""REFUNDED_CUSTOMER_REQUEST"",""referenceNumber"":""ref_OXY3DM5C8E"",""commissionRateInPaise"":51516}"
tx_jpin2le8u59,MERCHANT_LEDGER,inv_JQB8NK7MJT,1839948,INR,2026-08-18,2026-08-21T02:06:59.250Z,MERCHANT_LEDGER: 18399.48 INR - DIGITAL_GOODS_EBOOK_DOWNLOAD,"{""merchantIdentifier"":""MERCHANT_001"",""customerIdentifier"":""cust_NEVDZEMMRU"",""productServiceIdentifier"":""prod_V36K4DJ9H0"",""description"":""MONTHLY_SERVICE_SUBSCRIPTION"",""referenceNumber"":""ref_FFTJ4N4QA5"",""commissionRateInPaise"":55198}"
tx_mgay7xqr3d,MERCHANT_LEDGER,inv_RKX6SPQL3G,1680593,INR,2026-07-24,2026-08-17T13:18:03.250Z,MERCHANT_LEDGER: 16805.93 INR - DIGITAL_GOODS_EBOOK_DOWNLOAD,"{""merchantIdentifier"":""MERCHANT_001"",""customerIdentifier"":""cust_K8XNNBTCIX"",""productServiceIdentifier"":""prod_X1FIW8I392"",""description"":""COMMUNITY_MEMBERSHIP_FEE"",""referenceNumber"":""ref_X1ZD3P2AYV"",""commissionRateInPaise"":50417}"
tx_wfy6ler3rs,MERCHANT_LEDGER,inv_E0BVGI2C79,118944,INR,2026-07-26,2026-08-18T06:44:27.250Z,MERCHANT_LEDGER: 1189.44 INR - PLATFORM_MAINTENANCE_FEE,"{""merchantIdentifier"":""MERCHANT_001"",""customerIdentifier"":""cust_NMXCGKP3PN"",""productServiceIdentifier"":""prod_KD35I2BIGB"",""description"":""CHARITABLE_DONATION"",""referenceNumber"":""ref_NSXA68CQW9"",""commissionRateInPaise"":3568}"
tx_3quh3nh3cl2,MERCHANT_LEDGER,inv_MLYLG121DO,1517401,INR,2026-08-13,2026-08-15T05:23:00.250Z,MERCHANT_LEDGER: 15174.01 INR - REFUND_FOR_ORDER_INV_12345,"{""merchantIdentifier"":""MERCHANT_001"",""customerIdentifier"":""cust_9LUQD7NQ4Q"",""productServiceIdentifier"":""prod_X7PE0ADD3T"",""description"":""PLATFORM_MAINTENANCE_FEE"",""referenceNumber"":""ref_AJGRU3UPTF"",""commissionRateInPaise"":45522}"
tx_t917rhfx05,MERCHANT_LEDGER,inv_86HF619VBE,275836,INR,2026-08-16,2026-08-20T15:27:07.250Z,MERCHANT_LEDGER: 2758.36 INR - REFUND_FOR_ORDER_INV_12345,"{""merchantIdentifier"":""MERCHANT_001"",""customerIdentifier"":""cust_E0EHTY0DK3"",""productServiceIdentifier"":""prod_JLC102IEJT"",""description"":""COMMUNITY_MEMBERSHIP_FEE"",""referenceNumber"":""ref_62ETIM1V0Q"",""commissionRateInPaise"":8275}"
tx_r3kv6scggb,MERCHANT_LEDGER,inv_PV8ILWWQQ7,125936,INR,2026-07-14,2026-08-16T07:38:38.250Z,MERCHANT_LEDGER: 1259.36 INR - ONLINE_SUBSCRIPTION_PURCHASE,"{""merchantIdentifier"":""MERCHANT_001"",""customerIdentifier"":""cust_4C4J6IXVWN"",""productServiceIdentifier"":""prod_5GZHRY824F"",""description"":""REFUNDED_CUSTOMER_REQUEST"",""referenceNumber"":""ref_A688U6ES6Q"",""commissionRateInPaise"":3778}"
tx_0bl6rvn5g1hh,MERCHANT_LEDGER,inv_CR3D3O3IIP,501555,INR,2026-07-31,2026-08-19T17:54:06.250Z,MERCHANT_LEDGER: 5015.55 INR - PLATFORM_MAINTENANCE_FEE,"{""merchantIdentifier"":""MERCHANT_001"",""customerIdentifier"":""cust_1KB8AOBAD0"",""productServiceIdentifier"":""prod_7V9CGHXGK0"",""description"":""MONTHLY_SERVICE_SUBSCRIPTION"",""referenceNumber"":""ref_H55MGVXZUW"",""commissionRateInPaise"":15046}"
tx_3rbkwevsnd3,MERCHANT_LEDGER,inv_BL6XL4N3RA,450258,INR,2026-08-20,2026-08-15T21:45:33.250Z,MERCHANT_LEDGER: 4502.58 INR - E_COMMERCE_ONE_TIME_SALE,"{""merchantIdentifier"":""MERCHANT_001"",""customerIdentifier"":""cust_AQ62XCUEBE"",""productServiceIdentifier"":""prod_DQDJ7YC08P"",""description"":""REFUNDED_CUSTOMER_REQUEST"",""referenceNumber"":""ref_D6TWS79M60"",""commissionRateInPaise"":13507}"
tx_f5m839kihsf,MERCHANT_LEDGER,inv_MYNLHG49SH,244217,INR,2026-07-28,2026-08-14T07:17:12.250Z,MERCHANT_LEDGER: 2442.17 INR - ONLINE_SUBSCRIPTION_PURCHASE,"{""merchantIdentifier"":""MERCHANT_001"",""customerIdentifier"":""cust_M2V0CD6BD6"",""productServiceIdentifier"":""prod_4WWQGQPZR8"",""description"":""REFUND_FOR_ORDER_INV_12345"",""referenceNumber"":""ref_M6313TUZIM"",""commissionRateInPaise"":7326}"
tx_l7qoum9ixyn,MERCHANT_LEDGER,inv_V0PKLWZPH8,1737137,INR,2026-07-02,2026-08-17T08:06:36.250Z,MERCHANT_LEDGER: 17371.37 INR - E_COMMERCE_ONE_TIME_SALE,"{""merchantIdentifier"":""MERCHANT_001"",""customerIdentifier"":""cust_TIHDU290MQ"",""productServiceIdentifier"":""prod_NXTLGTTLDW"",""description"":""SOFTWARE_LICENSE_RENEWAL"",""referenceNumber"":""ref_MYM58J7TYI"",""commissionRateInPaise"":52114}"
tx_ti9nh4ndgf,MERCHANT_LEDGER,inv_7ULWWQMTDM,87003,INR,2026-07-17,2026-08-15T04:05:36.250Z,MERCHANT_LEDGER: 870.03 INR - E_COMMERCE_ONE_TIME_SALE,"{""merchantIdentifier"":""MERCHANT_001"",""customerIdentifier"":""cust_WR2OUEOV47"",""productServiceIdentifier"":""prod_546WFW1UZS"",""description"":""DIGITAL_GOODS_EBOOK_DOWNLOAD"",""referenceNumber"":""ref_71EG238I6M"",""commissionRateInPaise"":2610}"
tx_rfg2fujz7i,MERCHANT_LEDGER,inv_FF4QH4QER1,1168308,INR,2026-08-11,2026-08-19T16:37:54.250Z,MERCHANT_LEDGER: 11683.08 INR - ONLINE_SUBSCRIPTION_PURCHASE,"{""merchantIdentifier"":""MERCHANT_001"",""customerIdentifier"":""cust_JILVHD8WZY"",""productServiceIdentifier"":""prod_N17G6UGV4W"",""description"":""PLATFORM_MAINTENANCE_FEE"",""referenceNumber"":""ref_LMA666V0XL"",""commissionRateInPaise"":35049}"
tx_e3o34jaww4e,MERCHANT_LEDGER,inv_RZW6GEC8S1,1494801,INR,2026-07-26,2026-08-17T11:23:49.250Z,MERCHANT_LEDGER: 14948.01 INR - REFUND_FOR_ORDER_INV_12345,"{""merchantIdentifier"":""MERCHANT_001"",""customerIdentifier"":""cust_RE2ATD7WBW"",""productServiceIdentifier"":""prod_SRZFVC5NJ"",""description"":""ONLINE_SUBSCRIPTION_PURCHASE"",""referenceNumber"":""ref_46WUUHHV9J"",""commissionRateInPaise"":44844}"
tx_6dt3eitkblq,MERCHANT_LEDGER,inv_5DU1JTOKOD,262600,INR,2026-07-24,2026-08-19T18:55:29.250Z,MERCHANT_LEDGER: 2626 INR - SOFTWARE_LICENSE_RENEWAL,"{""merchantIdentifier"":""MERCHANT_001"",""customerIdentifier"":""cust_BWMKMYMD3J"",""productServiceIdentifier"":""prod_O2RLNY2I7C"",""description"":""PLATFORM_MAINTENANCE_FEE"",""referenceNumber"":""ref_K86IO7YTX0"",""commissionRateInPaise"":7878}"
tx_xeix463w9k,MERCHANT_LEDGER,inv_P3WC06XSAT,138497,INR,2026-08-17,2026-08-17T20:06:33.250Z,MERCHANT_LEDGER: 1384.97 INR - MONTHLY_SERVICE_SUBSCRIPTION,"{""merchantIdentifier"":""MERCHANT_001"",""customerIdentifier"":""cust_TAKKDEPU55"",""productServiceIdentifier"":""prod_ACHQBRMICY"",""description"":""E_COMMERCE_ONE_TIME_SALE"",""referenceNumber"":""ref_J3D92ESQGH"",""commissionRateInPaise"":4154}"
tx_wocrspa3mn,MERCHANT_LEDGER,inv_BI8N505S6H,108129,INR,2026-08-19,2026-08-15T10:20:16.250Z,MERCHANT_LEDGER: 1081.29 INR - DIGITAL_GOODS_EBOOK_DOWNLOAD,"{""merchantIdentifier"":""MERCHANT_001"",""customerIdentifier"":""cust_DAGMJXD2HZ"",""productServiceIdentifier"":""prod_B1TL82UJ9X"",""description"":""PLATFORM_MAINTENANCE_FEE"",""referenceNumber"":""ref_MRF8A07ZZX"",""commissionRateInPaise"":3243}"
tx_0dbn9p1uyje9,MERCHANT_LEDGER,inv_7N78NVXC6K,1239728,INR,2026-07-28,2026-08-19T19:11:09.250Z,MERCHANT_LEDGER: 12397.28 INR - CHARGEBACK_CUSTOMER_DISPUTE,"{""merchantIdentifier"":""MERCHANT_001"",""customerIdentifier"":""cust_T6SGNTU9CA"",""productServiceIdentifier"":""prod_3UK2WQ5HSG"",""description"":""REFUNDED_CUSTOMER_REQUEST"",""referenceNumber"":""ref_MV36NR50PF"",""commissionRateInPaise"":37191}"
tx_j6v54e6mqva,MERCHANT_LEDGER,inv_738N5O7N4Z,1562617,INR,2026-06-29,2026-08-14T05:57:08.250Z,MERCHANT_LEDGER: 15626.17 INR - ONLINE_SUBSCRIPTION_PURCHASE,"{""merchantIdentifier"":""MERCHANT_001"",""customerIdentifier"":""cust_VPWU5C11PK"",""productServiceIdentifier"":""prod_KIPK0995TK"",""description"":""COMMUNITY_MEMBERSHIP_FEE"",""referenceNumber"":""ref_11QE5K7WCI"",""commissionRateInPaise"":46878}"
tx_805redqjvj,MERCHANT_LEDGER,inv_Y1X953DIFO,122395,INR,2026-08-23,2026-08-16T21:17:40.250Z,MERCHANT_LEDGER: 1223.95 INR - SOFTWARE_LICENSE_RENEWAL,"{""merchantIdentifier"":""MERCHANT_001"",""customerIdentifier"":""cust_C9BDWMU21W"",""productServiceIdentifier"":""prod_2HFPKH2PV7"",""description"":""CHARITABLE_DONATION"",""referenceNumber"":""ref_HO9I5ZE7AP"",""commissionRateInPaise"":3671}"
tx_qgz20xih13,MERCHANT_LEDGER,inv_YI3F0OZMOK,401751,INR,2026-07-30,2026-08-19T09:53:12.250Z,MERCHANT_LEDGER: 4017.51 INR - CHARITABLE_DONATION,"{""merchantIdentifier"":""MERCHANT_001"",""customerIdentifier"":""cust_YWF4XUWO61"",""productServiceIdentifier"":""prod_NPT1MVE9BT"",""description"":""PLATFORM_MAINTENANCE_FEE"",""referenceNumber"":""ref_4KGWDM55BD"",""commissionRateInPaise"":12052}"
tx_b18cpcx0q8,MERCHANT_LEDGER,inv_8OK7XQP52P,1167856,INR,2026-07-04,2026-08-22T07:22:57.250Z,MERCHANT_LEDGER: 11678.56 INR - DIGITAL_GOODS_EBOOK_DOWNLOAD,"{""merchantIdentifier"":""MERCHANT_001"",""customerIdentifier"":""cust_QHQ0UQ6VYT"",""productServiceIdentifier"":""prod_AE8WHQFMCF"",""description"":""REFUNDED_CUSTOMER_REQUEST"",""referenceNumber"":""ref_DPANO01REA"",""commissionRateInPaise"":35035}"
tx_4th6c12h6sj,MERCHANT_LEDGER,inv_IW9C7RR8LW,1904137,INR,2026-07-23,2026-08-17T05:26:07.250Z,MERCHANT_LEDGER: 19041.37 INR - ANNUAL_PREMIUM_UPGRADE,"{""merchantIdentifier"":""MERCHANT_001"",""customerIdentifier"":""cust_574HO7M3FT"",""productServiceIdentifier"":""prod_34366T4RP2"",""description"":""SOFTWARE_LICENSE_RENEWAL"",""referenceNumber"":""ref_BN4H1RYRA3"",""commissionRateInPaise"":57124}"
tx_ut79lrmrlrq,MERCHANT_LEDGER,inv_2ZGSMQY99B,1921306,INR,2026-07-24,2026-08-14T08:50:41.250Z,MERCHANT_LEDGER: 19213.06 INR - MONTHLY_SERVICE_SUBSCRIPTION,"{""merchantIdentifier"":""MERCHANT_001"",""customerIdentifier"":""cust_NQKAO4EFB9"",""productServiceIdentifier"":""prod_IQJEP0JLNJ"",""description"":""ONLINE_SUBSCRIPTION_PURCHASE"",""referenceNumber"":""ref_XULQFA0Q6L"",""commissionRateInPaise"":57639}"
tx_bwuvwpg3ep8,MERCHANT_LEDGER,inv_94K3Y09V8J,736233,INR,2026-07-13,2026-08-21T08:40:15.251Z,MERCHANT_LEDGER: 7362.33 INR - DIGITAL_GOODS_EBOOK_DOWNLOAD,"{""merchantIdentifier"":""MERCHANT_001"",""customerIdentifier"":""cust_2URKCP0RLU"",""productServiceIdentifier"":""prod_VRWXB42Z47"",""description"":""CHARITABLE_DONATION"",""referenceNumber"":""ref_K7KZCJ706S"",""commissionRateInPaise"":22086}"
tx_uibkf6nvagn,MERCHANT_LEDGER,inv_PRHWOXZRZC,528822,INR,2026-07-19,2026-08-14T07:26:54.251Z,MERCHANT_LEDGER: 5288.22 INR - COMMUNITY_MEMBERSHIP_FEE,"{""merchantIdentifier"":""MERCHANT_001"",""customerIdentifier"":""cust_HDY94EXKUU"",""productServiceIdentifier"":""prod_RQLNCDVIQ7"",""description"":""ONLINE_SUBSCRIPTION_PURCHASE"",""referenceNumber"":""ref_LGQ08SSY9V"",""commissionRateInPaise"":15864}"
tx_l9az5hg0y08,MERCHANT_LEDGER,inv_59R5W8BY75,840456,INR,2026-06-28,2026-08-20T13:59:40.251Z,MERCHANT_LEDGER: 8404.56 INR - ONLINE_SUBSCRIPTION_PURCHASE,"{""merchantIdentifier"":""MERCHANT_001"",""customerIdentifier"":""cust_1O73C514ZH"",""productServiceIdentifier"":""prod_JD1LWXJWI4"",""description"":""PLATFORM_MAINTENANCE_FEE"",""referenceNumber"":""ref_3KAVP1MV2U"",""commissionRateInPaise"":25213}"
tx_51cvldeda0t,MERCHANT_LEDGER,inv_Z9P4JRPLEI,998460,INR,2026-07-15,2026-08-20T02:12:58.251Z,MERCHANT_LEDGER: 9984.6 INR - REFUND_FOR_ORDER_INV_12345,"{""merchantIdentifier"":""MERCHANT_001"",""customerIdentifier"":""cust_8MO1XQ3EQD"",""productServiceIdentifier"":""prod_VIDVVHW2KD"",""description"":""SOFTWARE_LICENSE_RENEWAL"",""referenceNumber"":""ref_BI00OP8XR4"",""commissionRateInPaise"":29953}"
tx_w5hkvx1zhzs,MERCHANT_LEDGER,inv_LE6UEGA4MS,1595506,INR,2026-08-02,2026-08-14T01:00:00.251Z,MERCHANT_LEDGER: 15955.06 INR - CHARITABLE_DONATION,"{""merchantIdentifier"":""MERCHANT_001"",""customerIdentifier"":""cust_M6GNQ70BAY"",""productServiceIdentifier"":""prod_GH4WGMGE7K"",""description"":""PLATFORM_MAINTENANCE_FEE"",""referenceNumber"":""ref_OQH1LKH657"",""commissionRateInPaise"":47865}"
tx_208wjeog9fcj,MERCHANT_LEDGER,inv_AAZRBHFBFH,1864287,INR,2026-07-24,2026-08-15T09:37:17.251Z,MERCHANT_LEDGER: 18642.87 INR - REFUND_FOR_ORDER_INV_12345,"{""merchantIdentifier"":""MERCHANT_001"",""customerIdentifier"":""cust_G8DGDZ00T0"",""productServiceIdentifier"":""prod_HDYP08KS0G"",""description"":""E_COMMERCE_ONE_TIME_SALE"",""referenceNumber"":""ref_83MQP7X2VP"",""commissionRateInPaise"":55928}"
tx_wah0auyf0us,MERCHANT_LEDGER,inv_HYCF6FS6RT,1589073,INR,2026-07-14,2026-08-22T11:40:31.251Z,MERCHANT_LEDGER: 15890.73 INR - MONTHLY_SERVICE_SUBSCRIPTION,"{""merchantIdentifier"":""MERCHANT_001"",""customerIdentifier"":""cust_2ZLZVBAAGE"",""productServiceIdentifier"":""prod_T6KA9VA7XX"",""description"":""REFUNDED_CUSTOMER_REQUEST"",""referenceNumber"":""ref_HKU00W8HBZ"",""commissionRateInPaise"":47672}"
tx_eshm81trvpd,MERCHANT_LEDGER,inv_B5CN9C8VPE,929289,INR,2026-06-25,2026-08-23T17:20:57.251Z,MERCHANT_LEDGER: 9292.89 INR - SOFTWARE_LICENSE_RENEWAL,"{""merchantIdentifier"":""MERCHANT_001"",""customerIdentifier"":""cust_DBIQP2D7BQ"",""productServiceIdentifier"":""prod_ZGBJL4J12T"",""description"":""PLATFORM_MAINTENANCE_FEE"",""referenceNumber"":""ref_JVOX8YWA7Q"",""commissionRateInPaise"":27878}"
tx_6yun3r4fvr8,MERCHANT_LEDGER,inv_03XGQHERVS,854789,INR,2026-08-01,2026-08-17T09:58:07.251Z,MERCHANT_LEDGER: 8547.89 INR - COMMUNITY_MEMBERSHIP_FEE,"{""merchantIdentifier"":""MERCHANT_001"",""customerIdentifier"":""cust_Z73NOIBQX8"",""productServiceIdentifier"":""prod_6ZYXOSF40L"",""description"":""REFUNDED_CUSTOMER_REQUEST"",""referenceNumber"":""ref_KU1M5XTKOS"",""commissionRateInPaise"":25643}"
tx_tgbgr52gex,MERCHANT_LEDGER,inv_DD1NU2AO1F,1379525,INR,2026-07-27,2026-08-15T18:42:51.251Z,MERCHANT_LEDGER: 13795.25 INR - REFUND_FOR_ORDER_INV_12345,"{""merchantIdentifier"":""MERCHANT_001"",""customerIdentifier"":""cust_8WPK0I221L"",""productServiceIdentifier"":""prod_ANX08ODCAB"",""description"":""E_COMMERCE_ONE_TIME_SALE"",""referenceNumber"":""ref_EZTSBUSL3E"",""commissionRateInPaise"":41385}"
tx_8z618wdwh78,MERCHANT_LEDGER,inv_PJT4KR2W61,1056649,INR,2026-07-05,2026-08-17T01:17:40.251Z,MERCHANT_LEDGER: 10566.49 INR - ANNUAL_PREMIUM_UPGRADE,"{""merchantIdentifier"":""MERCHANT_001"",""customerIdentifier"":""cust_49ZVEF011Y"",""productServiceIdentifier"":""prod_P4C931OYKN"",""description"":""ONLINE_SUBSCRIPTION_PURCHASE"",""referenceNumber"":""ref_JS238QK32U"",""commissionRateInPaise"":31699}"
tx_377jea97j0v,MERCHANT_LEDGER,inv_66WQMTW5RY,1185281,INR,2026-08-20,2026-08-16T07:55:19.251Z,MERCHANT_LEDGER: 11852.81 INR - E_COMMERCE_ONE_TIME_SALE,"{""merchantIdentifier"":""MERCHANT_001"",""customerIdentifier"":""cust_P9CPLED39X"",""productServiceIdentifier"":""prod_MD8U9WY421"",""description"":""E_COMMERCE_ONE_TIME_SALE"",""referenceNumber"":""ref_LIZEHWYO4F"",""commissionRateInPaise"":35558}"
tx_3617w476wyo,MERCHANT_LEDGER,inv_WFBZIFJIFN,871486,INR,2026-08-12,2026-08-15T15:00:40.251Z,MERCHANT_LEDGER: 8714.86 INR - REFUNDED_CUSTOMER_REQUEST,"{""merchantIdentifier"":""MERCHANT_001"",""customerIdentifier"":""cust_GGMPFNPFGK"",""productServiceIdentifier"":""prod_MOV8KNA5VE"",""description"":""ONLINE_SUBSCRIPTION_PURCHASE"",""referenceNumber"":""ref_4K0O5LHU6C"",""commissionRateInPaise"":26144}"
tx_6jkky1hyp9q,MERCHANT_LEDGER,inv_FMOHT14I34,60868,INR,2026-07-03,2026-08-20T23:38:16.251Z,MERCHANT_LEDGER: 608.68 INR - PLATFORM_MAINTENANCE_FEE,"{""merchantIdentifier"":""MERCHANT_001"",""customerIdentifier"":""cust_M7R4WH7HI5"",""productServiceIdentifier"":""prod_A2CAQGCQ56"",""description"":""MONTHLY_SERVICE_SUBSCRIPTION"",""referenceNumber"":""ref_JSEJO3YH7H"",""commissionRateInPaise"":1826}"
tx_25iq3cix3wq,MERCHANT_LEDGER,inv_CYZD22U173,771033,INR,2026-08-14,2026-08-17T08:26:49.251Z,MERCHANT_LEDGER: 7710.33 INR - MONTHLY_SERVICE_SUBSCRIPTION,"{""merchantIdentifier"":""MERCHANT_001"",""customerIdentifier"":""cust_IF9CRFR4ZN"",""productServiceIdentifier"":""prod_3GZ020GAXC"",""description"":""REFUNDED_CUSTOMER_REQUEST"",""referenceNumber"":""ref_NZIJ2ELKP1"",""commissionRateInPaise"":23130}"
tx_5yuzswgohxc,MERCHANT_LEDGER,inv_AWXZCEX407,1216047,INR,2026-07-15,2026-08-22T18:33:05.251Z,MERCHANT_LEDGER: 12160.47 INR - SOFTWARE_LICENSE_RENEWAL,"{""merchantIdentifier"":""MERCHANT_001"",""customerIdentifier"":""cust_258P243OWN"",""productServiceIdentifier"":""prod_0XJVSKNWT3"",""description"":""DIGITAL_GOODS_EBOOK_DOWNLOAD"",""referenceNumber"":""ref_YFLV2ZVNBB"",""commissionRateInPaise"":36481}"
tx_nbf9u1x4lk,MERCHANT_LEDGER,inv_8BR74BUQTK,263960,INR,2026-07-03,2026-08-19T05:26:25.251Z,MERCHANT_LEDGER: 2639.6 INR - E_COMMERCE_ONE_TIME_SALE,"{""merchantIdentifier"":""MERCHANT_001"",""customerIdentifier"":""cust_KVXC6HOP9T"",""productServiceIdentifier"":""prod_WHZDGX7FTJ"",""description"":""CHARGEBACK_CUSTOMER_DISPUTE"",""referenceNumber"":""ref_MCHJV2JEQ1"",""commissionRateInPaise"":7918}"
tx_ft8rokznnkb,MERCHANT_LEDGER,inv_XVP3OYQ8LT,1220615,INR,2026-08-04,2026-08-19T05:09:14.251Z,MERCHANT_LEDGER: 12206.15 INR - CHARGEBACK_CUSTOMER_DISPUTE,"{""merchantIdentifier"":""MERCHANT_001"",""customerIdentifier"":""cust_9T6GMACQYX"",""productServiceIdentifier"":""prod_H9FYWIU24H"",""description"":""REFUND_FOR_ORDER_INV_12345"",""referenceNumber"":""ref_JVW7R1LALR"",""commissionRateInPaise"":36618}"
tx_qmbm2aphzmk,MERCHANT_LEDGER,inv_JB9QY6N6LC,1337998,INR,2026-07-13,2026-08-18T14:06:27.251Z,MERCHANT_LEDGER: 13379.98 INR - REFUNDED_CUSTOMER_REQUEST,"{""merchantIdentifier"":""MERCHANT_001"",""customerIdentifier"":""cust_CUJF7AOUX1"",""productServiceIdentifier"":""prod_TWVN0F5KFE"",""description"":""CHARGEBACK_CUSTOMER_DISPUTE"",""referenceNumber"":""ref_MNCLJXCCNO"",""commissionRateInPaise"":40139}"
tx_a0qws8bbel,MERCHANT_LEDGER,inv_S32F84V7MI,1387141,INR,2026-08-08,2026-08-16T08:27:33.251Z,MERCHANT_LEDGER: 13871.41 INR - CHARITABLE_DONATION,"{""merchantIdentifier"":""MERCHANT_001"",""customerIdentifier"":""cust_H35XNL8729"",""productServiceIdentifier"":""prod_PB8UKNPKQ5"",""description"":""REFUND_FOR_ORDER_INV_12345"",""referenceNumber"":""ref_XAYZOPPULW"",""commissionRateInPaise"":41614}"
tx_aa11j9r9ijd,MERCHANT_LEDGER,inv_MZZ64O8LPQ,945166,INR,2026-08-16,2026-08-22T22:28:32.251Z,MERCHANT_LEDGER: 9451.66 INR - CHARGEBACK_CUSTOMER_DISPUTE,"{""merchantIdentifier"":""MERCHANT_001"",""customerIdentifier"":""cust_CS59T2ZZQK"",""productServiceIdentifier"":""prod_BY5ALGDGHD"",""description"":""CHARGEBACK_CUSTOMER_DISPUTE"",""referenceNumber"":""ref_U73ERQXKBE"",""commissionRateInPaise"":28354}"
tx_8isjowck5xa,MERCHANT_LEDGER,inv_WWBNB4V0NX,1161269,INR,2026-08-15,2026-08-20T10:28:39.251Z,MERCHANT_LEDGER: 11612.69 INR - COMMUNITY_MEMBERSHIP_FEE,"{""merchantIdentifier"":""MERCHANT_001"",""customerIdentifier"":""cust_UMZDQE35MX"",""productServiceIdentifier"":""prod_R6638AEXC4"",""description"":""COMMUNITY_MEMBERSHIP_FEE"",""referenceNumber"":""ref_QC6EEAHR3Y"",""commissionRateInPaise"":34838}"
tx_tpoije0qsd,MERCHANT_LEDGER,inv_DFHFR7UBV2,1471343,INR,2026-08-04,2026-08-16T11:03:23.251Z,MERCHANT_LEDGER: 14713.43 INR - ONLINE_SUBSCRIPTION_PURCHASE,"{""merchantIdentifier"":""MERCHANT_001"",""customerIdentifier"":""cust_X5VUA0SDJU"",""productServiceIdentifier"":""prod_VC7U5UMDS1"",""description"":""SOFTWARE_LICENSE_RENEWAL"",""referenceNumber"":""ref_QNDSWA5D76"",""commissionRateInPaise"":44140}"
tx_fxtk0hol6lc,MERCHANT_LEDGER,inv_NWWP21Z0JF,1126432,INR,2026-07-24,2026-08-19T08:12:42.251Z,MERCHANT_LEDGER: 11264.32 INR - PLATFORM_MAINTENANCE_FEE,"{""merchantIdentifier"":""MERCHANT_001"",""customerIdentifier"":""cust_8GJHFMAJ28"",""productServiceIdentifier"":""prod_OQ19GPOLFO"",""description"":""COMMUNITY_MEMBERSHIP_FEE"",""referenceNumber"":""ref_91J5GWXBJY"",""commissionRateInPaise"":33792}"
tx_tmrwatgngrp,MERCHANT_LEDGER,inv_01OVIJPWYA,1101585,INR,2026-08-15,2026-08-20T07:54:56.251Z,MERCHANT_LEDGER: 11015.85 INR - DIGITAL_GOODS_EBOOK_DOWNLOAD,"{""merchantIdentifier"":""MERCHANT_001"",""customerIdentifier"":""cust_9MJTJRWS68"",""productServiceIdentifier"":""prod_M0P7DW9VHW"",""description"":""ANNUAL_PREMIUM_UPGRADE"",""referenceNumber"":""ref_5W09SAHP3Q"",""commissionRateInPaise"":33047}"
tx_ygo7jff30v,MERCHANT_LEDGER,inv_YPG6NRKG39,342340,INR,2026-07-21,2026-08-14T04:49:56.251Z,MERCHANT_LEDGER: 3423.4 INR - ONLINE_SUBSCRIPTION_PURCHASE,"{""merchantIdentifier"":""MERCHANT_001"",""customerIdentifier"":""cust_F64YHZRDNB"",""productServiceIdentifier"":""prod_OSKEDVX3WN"",""description"":""DIGITAL_GOODS_EBOOK_DOWNLOAD"",""referenceNumber"":""ref_VR0DKBKUYM"",""commissionRateInPaise"":10270}"
tx_gm5hbf8g3m5,MERCHANT_LEDGER,inv_VC960Y7CN9,1940323,INR,2026-08-21,2026-08-21T13:21:12.251Z,MERCHANT_LEDGER: 19403.23 INR - REFUND_FOR_ORDER_INV_12345,"{""merchantIdentifier"":""MERCHANT_001"",""customerIdentifier"":""cust_KA4HGO78QI"",""productServiceIdentifier"":""prod_Q6UMV69RA5"",""description"":""E_COMMERCE_ONE_TIME_SALE"",""referenceNumber"":""ref_SKQLFQ1JDO"",""commissionRateInPaise"":58209}"
tx_m0j02df1y9j,MERCHANT_LEDGER,inv_RAXM0TP4YP,1072083,INR,2026-08-10,2026-08-21T22:43:14.251Z,MERCHANT_LEDGER: 10720.83 INR - SOFTWARE_LICENSE_RENEWAL,"{""merchantIdentifier"":""MERCHANT_001"",""customerIdentifier"":""cust_IGGIQ5OAG5"",""productServiceIdentifier"":""prod_C44HPUGT5V"",""description"":""ANNUAL_PREMIUM_UPGRADE"",""referenceNumber"":""ref_A4455RFQY"",""commissionRateInPaise"":32162}"
tx_z3rvi2uojpc,MERCHANT_LEDGER,inv_V7LMTAPMS9,135116,INR,2026-08-12,2026-08-14T19:50:13.251Z,MERCHANT_LEDGER: 1351.16 INR - PLATFORM_MAINTENANCE_FEE,"{""merchantIdentifier"":""MERCHANT_001"",""customerIdentifier"":""cust_UVZ0ANP01W"",""productServiceIdentifier"":""prod_43UJHHZCP8"",""description"":""SOFTWARE_LICENSE_RENEWAL"",""referenceNumber"":""ref_QJ4YC50S7V"",""commissionRateInPaise"":4053}"
tx_r4f62oc2efj,MERCHANT_LEDGER,inv_PXSX6E662C,1775936,INR,2026-06-27,2026-08-14T00:23:07.251Z,MERCHANT_LEDGER: 17759.36 INR - SOFTWARE_LICENSE_RENEWAL,"{""merchantIdentifier"":""MERCHANT_001"",""customerIdentifier"":""cust_Z1DTJALH8V"",""productServiceIdentifier"":""prod_VY8YSDGHVB"",""description"":""REFUND_FOR_ORDER_INV_12345"",""referenceNumber"":""ref_DTW3U0QMR9"",""commissionRateInPaise"":53278}"
tx_jzwk8dhtjdc,MERCHANT_LEDGER,inv_CUD6SY13GX,1705297,INR,2026-07-12,2026-08-19T02:56:52.251Z,MERCHANT_LEDGER: 17052.97 INR - PLATFORM_MAINTENANCE_FEE,"{""merchantIdentifier"":""MERCHANT_001"",""customerIdentifier"":""cust_Y06NHQ3970"",""productServiceIdentifier"":""prod_F4RO9BHLRJ"",""description"":""DIGITAL_GOODS_EBOOK_DOWNLOAD"",""referenceNumber"":""ref_IVN3ZPA4A7"",""commissionRateInPaise"":51158}"
tx_eg9x42qu5tv,MERCHANT_LEDGER,inv_Y9IQR7DSU1,1099922,INR,2026-07-28,2026-08-18T19:41:16.251Z,MERCHANT_LEDGER: 10999.22 INR - COMMUNITY_MEMBERSHIP_FEE,"{""merchantIdentifier"":""MERCHANT_001"",""customerIdentifier"":""cust_V8TTUXAGLX"",""productServiceIdentifier"":""prod_G6T13WEPPO"",""description"":""REFUNDED_CUSTOMER_REQUEST"",""referenceNumber"":""ref_FP6MFU3W5G"",""commissionRateInPaise"":32997}"
tx_lyzdnd4wscj,MERCHANT_LEDGER,inv_URBJ6MJP4P,1364967,INR,2026-07-08,2026-08-14T01:24:50.251Z,MERCHANT_LEDGER: 13649.67 INR - CHARITABLE_DONATION,"{""merchantIdentifier"":""MERCHANT_001"",""customerIdentifier"":""cust_B5ER4M2K7L"",""productServiceIdentifier"":""prod_QKOECLFZ4A"",""description"":""MONTHLY_SERVICE_SUBSCRIPTION"",""referenceNumber"":""ref_DSJBZV0ILC"",""commissionRateInPaise"":40949}"
tx_6qt0yz5y8xw,MERCHANT_LEDGER,inv_KO20V5MPKV,696437,INR,2026-06-30,2026-08-22T14:44:08.251Z,MERCHANT_LEDGER: 6964.37 INR - REFUNDED_CUSTOMER_REQUEST,"{""merchantIdentifier"":""MERCHANT_001"",""customerIdentifier"":""cust_HHZG89VZHQ"",""productServiceIdentifier"":""prod_CS9UJ910QL"",""description"":""DIGITAL_GOODS_EBOOK_DOWNLOAD"",""referenceNumber"":""ref_M8MBCWX1FG"",""commissionRateInPaise"":20893}"
tx_5guwwvizedo,MERCHANT_LEDGER,inv_LELW47WK1D,775528,INR,2026-08-14,2026-08-20T20:29:38.251Z,MERCHANT_LEDGER: 7755.28 INR - ONLINE_SUBSCRIPTION_PURCHASE,"{""merchantIdentifier"":""MERCHANT_001"",""customerIdentifier"":""cust_2GG7LTE5JO"",""productServiceIdentifier"":""prod_BDN2XCJTPN"",""description"":""PLATFORM_MAINTENANCE_FEE"",""referenceNumber"":""ref_A1XXXDQPBW"",""commissionRateInPaise"":23265}"
tx_6bh0m9eydsk,MERCHANT_LEDGER,inv_WZCOA0PORM,56774,INR,2026-07-31,2026-08-20T07:49:29.251Z,MERCHANT_LEDGER: 567.74 INR - E_COMMERCE_ONE_TIME_SALE,"{""merchantIdentifier"":""MERCHANT_001"",""customerIdentifier"":""cust_FGI4SE5IR4"",""productServiceIdentifier"":""prod_UX3RCQFJN9"",""description"":""PLATFORM_MAINTENANCE_FEE"",""referenceNumber"":""ref_DLQ0SGEYG9"",""commissionRateInPaise"":1703}"
tx_g5jp2r6a1nu,MERCHANT_LEDGER,inv_7Q39RPANR,461519,INR,2026-07-19,2026-08-23T00:46:42.251Z,MERCHANT_LEDGER: 4615.19 INR - MONTHLY_SERVICE_SUBSCRIPTION,"{""merchantIdentifier"":""MERCHANT_001"",""customerIdentifier"":""cust_X2UAR6U4GD"",""productServiceIdentifier"":""prod_D3SMU4YP0F"",""description"":""PLATFORM_MAINTENANCE_FEE"",""referenceNumber"":""ref_ETJL0CTQY1"",""commissionRateInPaise"":13845}"
tx_ujoq67r5w,MERCHANT_LEDGER,inv_F33JREYINX,853302,INR,2026-08-15,2026-08-21T04:27:19.251Z,MERCHANT_LEDGER: 8533.02 INR - CHARITABLE_DONATION,"{""merchantIdentifier"":""MERCHANT_001"",""customerIdentifier"":""cust_IZKFVO53RY"",""productServiceIdentifier"":""prod_TVOIS0JKVR"",""description"":""SOFTWARE_LICENSE_RENEWAL"",""referenceNumber"":""ref_VWWK146E0C"",""commissionRateInPaise"":25599}"
tx_8061g75gz5f,MERCHANT_LEDGER,inv_3DWX8DLAYZ,664850,INR,2026-08-12,2026-08-15T23:48:08.251Z,MERCHANT_LEDGER: 6648.5 INR - ONLINE_SUBSCRIPTION_PURCHASE,"{""merchantIdentifier"":""MERCHANT_001"",""customerIdentifier"":""cust_DJQGE8DUOO"",""productServiceIdentifier"":""prod_18084ZFU3U"",""description"":""ANNUAL_PREMIUM_UPGRADE"",""referenceNumber"":""ref_NP0CYMOWOE"",""commissionRateInPaise"":19945}"
tx_0as2lj9aacvk,MERCHANT_LEDGER,inv_41MLWCLGUE,1219702,INR,2026-06-30,2026-08-19T16:32:01.251Z,MERCHANT_LEDGER: 12197.02 INR - ONLINE_SUBSCRIPTION_PURCHASE,"{""merchantIdentifier"":""MERCHANT_001"",""customerIdentifier"":""cust_U5391XUJYD"",""productServiceIdentifier"":""prod_9GKXKK7R4Y"",""description"":""E_COMMERCE_ONE_TIME_SALE"",""referenceNumber"":""ref_GUVXQ2K2MM"",""commissionRateInPaise"":36591}"
tx_zlc67j1ueip,MERCHANT_LEDGER,inv_NWUCUWO5ZS,1733749,INR,2026-07-21,2026-08-14T05:43:17.251Z,MERCHANT_LEDGER: 17337.49 INR - ONLINE_SUBSCRIPTION_PURCHASE,"{""merchantIdentifier"":""MERCHANT_001"",""customerIdentifier"":""cust_0US8CAC99E"",""productServiceIdentifier"":""prod_CIX56KMUBM"",""description"":""ONLINE_SUBSCRIPTION_PURCHASE"",""referenceNumber"":""ref_DFRVIMHLB7"",""commissionRateInPaise"":52012}"
tx_az9pbni2h5p,MERCHANT_LEDGER,inv_ID07SZIM3Y,1701636,INR,2026-07-28,2026-08-14T01:32:55.251Z,MERCHANT_LEDGER: 17016.36 INR - REFUNDED_CUSTOMER_REQUEST,"{""merchantIdentifier"":""MERCHANT_001"",""customerIdentifier"":""cust_5MDWC6731G"",""productServiceIdentifier"":""prod_GXB251X59K"",""description"":""REFUNDED_CUSTOMER_REQUEST"",""referenceNumber"":""ref_V8CYQ3T7TI"",""commissionRateInPaise"":51049}"
tx_fr8h105bttm,MERCHANT_LEDGER,inv_QG0G92O6GS,543285,INR,2026-07-27,2026-08-13T18:59:51.251Z,MERCHANT_LEDGER: 5432.85 INR - REFUND_FOR_ORDER_INV_12345,"{""merchantIdentifier"":""MERCHANT_001"",""customerIdentifier"":""cust_FSBF037XMY"",""productServiceIdentifier"":""prod_771SY8UJ71"",""description"":""CHARITABLE_DONATION"",""referenceNumber"":""ref_0I08Z38XAJ"",""commissionRateInPaise"":16298}"
tx_6cf4fq734hc,MERCHANT_LEDGER,inv_BXHAT723YY,271406,INR,2026-08-03,2026-08-19T11:22:11.251Z,MERCHANT_LEDGER: 2714.06 INR - CHARGEBACK_CUSTOMER_DISPUTE,"{""merchantIdentifier"":""MERCHANT_001"",""customerIdentifier"":""cust_5VG2KX3GVL"",""productServiceIdentifier"":""prod_HNLQVVIQ7J"",""description"":""PLATFORM_MAINTENANCE_FEE"",""referenceNumber"":""ref_9VSOEEXFSU"",""commissionRateInPaise"":8142}"
tx_9rk4oxm32b,MERCHANT_LEDGER,inv_Z7Q07XL8OE,1942153,INR,2026-08-18,2026-08-17T04:05:42.251Z,MERCHANT_LEDGER: 19421.53 INR - ONLINE_SUBSCRIPTION_PURCHASE,"{""merchantIdentifier"":""MERCHANT_001"",""customerIdentifier"":""cust_Z2BPCR4D4J"",""productServiceIdentifier"":""prod_1QLIO6YI2A"",""description"":""DIGITAL_GOODS_EBOOK_DOWNLOAD"",""referenceNumber"":""ref_W52EF8KRJZ"",""commissionRateInPaise"":58264}"
tx_9cl1j7ctms7,MERCHANT_LEDGER,inv_ZFVLNMBBDR,1642404,INR,2026-07-31,2026-08-23T10:11:00.251Z,MERCHANT_LEDGER: 16424.04 INR - SOFTWARE_LICENSE_RENEWAL,"{""merchantIdentifier"":""MERCHANT_001"",""customerIdentifier"":""cust_9RZ34MKW17"",""productServiceIdentifier"":""prod_14YQ06ZWWB"",""description"":""COMMUNITY_MEMBERSHIP_FEE"",""referenceNumber"":""ref_RFEB8RW3HL"",""commissionRateInPaise"":49272}"
tx_v43zoqdlsvj,MERCHANT_LEDGER,inv_4V66NH9WJY,1792462,INR,2026-07-28,2026-08-19T23:11:51.251Z,MERCHANT_LEDGER: 17924.62 INR - COMMUNITY_MEMBERSHIP_FEE,"{""merchantIdentifier"":""MERCHANT_001"",""customerIdentifier"":""cust_WR9QHZ0PDD"",""productServiceIdentifier"":""prod_1H3N7TM73K"",""description"":""MONTHLY_SERVICE_SUBSCRIPTION"",""referenceNumber"":""ref_6ZXDVYB92T"",""commissionRateInPaise"":53773}"
tx_nsz220vdkr,MERCHANT_LEDGER,inv_KH3M42GUV4,753835,INR,2026-06-26,2026-08-22T22:11:05.251Z,MERCHANT_LEDGER: 7538.35 INR - CHARGEBACK_CUSTOMER_DISPUTE,"{""merchantIdentifier"":""MERCHANT_001"",""customerIdentifier"":""cust_DIYYPVK4JI"",""productServiceIdentifier"":""prod_NONM936XTZ"",""description"":""PLATFORM_MAINTENANCE_FEE"",""referenceNumber"":""ref_LSISEGCOFH"",""commissionRateInPaise"":22615}"
tx_jlayuxqexvl,MERCHANT_LEDGER,inv_YO2ZCV84BL,801812,INR,2026-08-23,2026-08-15T16:27:12.251Z,MERCHANT_LEDGER: 8018.12 INR - MONTHLY_SERVICE_SUBSCRIPTION,"{""merchantIdentifier"":""MERCHANT_001"",""customerIdentifier"":""cust_ZAVQHOYJMF"",""productServiceIdentifier"":""prod_IJMDO8SPIG"",""description"":""COMMUNITY_MEMBERSHIP_FEE"",""referenceNumber"":""ref_83KP6ZSN6K"",""commissionRateInPaise"":24054}"
tx_k3z0nqk8bp,MERCHANT_LEDGER,inv_40OIQQVUTJ,1902986,INR,2026-07-13,2026-08-21T14:26:36.251Z,MERCHANT_LEDGER: 19029.86 INR - SOFTWARE_LICENSE_RENEWAL,"{""merchantIdentifier"":""MERCHANT_001"",""customerIdentifier"":""cust_UFF6G5GWD8"",""productServiceIdentifier"":""prod_W9G8AJ1GXC"",""description"":""CHARITABLE_DONATION"",""referenceNumber"":""ref_EFES7AKK4J"",""commissionRateInPaise"":57089}"
tx_ifqf5a0q1co,MERCHANT_LEDGER,inv_J2C3163NER,1073247,INR,2026-06-25,2026-08-21T13:20:30.251Z,MERCHANT_LEDGER: 10732.47 INR - REFUND_FOR_ORDER_INV_12345,"{""merchantIdentifier"":""MERCHANT_001"",""customerIdentifier"":""cust_S4MDEHWZ5D"",""productServiceIdentifier"":""prod_SOIQ008TRZ"",""description"":""E_COMMERCE_ONE_TIME_SALE"",""referenceNumber"":""ref_13YGW546S1"",""commissionRateInPaise"":32197}"
tx_1vylbrcg5xh,MERCHANT_LEDGER,inv_ESOC2QUGU3,1047848,INR,2026-08-22,2026-08-19T01:24:43.251Z,MERCHANT_LEDGER: 10478.48 INR - DIGITAL_GOODS_EBOOK_DOWNLOAD,"{""merchantIdentifier"":""MERCHANT_001"",""customerIdentifier"":""cust_Z3E5457BSI"",""productServiceIdentifier"":""prod_TOTGI80CWH"",""description"":""REFUND_FOR_ORDER_INV_12345"",""referenceNumber"":""ref_TUP2EU6RQH"",""commissionRateInPaise"":31435}"
tx_kcj3xkrq7sg,MERCHANT_LEDGER,inv_A4MKMHXU2C,1210053,INR,2026-08-07,2026-08-15T12:48:51.251Z,MERCHANT_LEDGER: 12100.53 INR - ONLINE_SUBSCRIPTION_PURCHASE,"{""merchantIdentifier"":""MERCHANT_001"",""customerIdentifier"":""cust_5MQE4N7RY7"",""productServiceIdentifier"":""prod_BXSFZLVZ1T"",""description"":""MONTHLY_SERVICE_SUBSCRIPTION"",""referenceNumber"":""ref_N6ZWGURC8J"",""commissionRateInPaise"":36301}"
tx_yfsgfqbw8pd,MERCHANT_LEDGER,inv_T4GUCEYZ33,59071,INR,2026-07-09,2026-08-14T21:47:32.251Z,MERCHANT_LEDGER: 590.71 INR - REFUNDED_CUSTOMER_REQUEST,"{""merchantIdentifier"":""MERCHANT_001"",""customerIdentifier"":""cust_ODXNL4MEVR"",""productServiceIdentifier"":""prod_58NZPPCZH3"",""description"":""PLATFORM_MAINTENANCE_FEE"",""referenceNumber"":""ref_FT1YT7N7Y3"",""commissionRateInPaise"":1772}"
tx_s4d7wbackq,MERCHANT_LEDGER,inv_RNJJWPAZ71,1189871,INR,2026-08-17,2026-08-18T23:00:55.251Z,MERCHANT_LEDGER: 11898.71 INR - REFUND_FOR_ORDER_INV_12345,"{""merchantIdentifier"":""MERCHANT_001"",""customerIdentifier"":""cust_MQU0XPEBWE"",""productServiceIdentifier"":""prod_2NS57GJVG3"",""description"":""COMMUNITY_MEMBERSHIP_FEE"",""referenceNumber"":""ref_HU48NL1H87"",""commissionRateInPaise"":35696}"
tx_x3opjt9phfi,MERCHANT_LEDGER,inv_XLPXAIUDTC,223441,INR,2026-07-01,2026-08-21T22:54:15.251Z,MERCHANT_LEDGER: 2234.41 INR - CHARGEBACK_CUSTOMER_DISPUTE,"{""merchantIdentifier"":""MERCHANT_001"",""customerIdentifier"":""cust_7KHES7D021"",""productServiceIdentifier"":""prod_1MFLVYD6G4"",""description"":""MONTHLY_SERVICE_SUBSCRIPTION"",""referenceNumber"":""ref_U234023KG1"",""commissionRateInPaise"":6703}"
tx_y40hkctnfw,MERCHANT_LEDGER,inv_HMB76E98PR,730247,INR,2026-07-13,2026-08-15T23:08:14.251Z,MERCHANT_LEDGER: 7302.47 INR - E_COMMERCE_ONE_TIME_SALE,"{""merchantIdentifier"":""MERCHANT_001"",""customerIdentifier"":""cust_OQ50DGYOT7"",""productServiceIdentifier"":""prod_V7BU6S8AUR"",""description"":""MONTHLY_SERVICE_SUBSCRIPTION"",""referenceNumber"":""ref_Z64G7VHAZ1"",""commissionRateInPaise"":21907}"
tx_yklfnsdsxs,MERCHANT_LEDGER,inv_BJH2O3PMB4,179130,INR,2026-07-23,2026-08-20T13:38:08.251Z,MERCHANT_LEDGER: 1791.3 INR - COMMUNITY_MEMBERSHIP_FEE,"{""merchantIdentifier"":""MERCHANT_001"",""customerIdentifier"":""cust_JA4C996FW1"",""productServiceIdentifier"":""prod_L9VDI8XRVE"",""description"":""CHARGEBACK_CUSTOMER_DISPUTE"",""referenceNumber"":""ref_DQKFJ7NENO"",""commissionRateInPaise"":5373}"
tx_biykiw33iz8,MERCHANT_LEDGER,inv_K7TJO7AU6H,1572460,INR,2026-07-30,2026-08-17T22:48:20.251Z,MERCHANT_LEDGER: 15724.6 INR - ANNUAL_PREMIUM_UPGRADE,"{""merchantIdentifier"":""MERCHANT_001"",""customerIdentifier"":""cust_8GE9U57RAF"",""productServiceIdentifier"":""prod_V6V2Z19FX4"",""description"":""E_COMMERCE_ONE_TIME_SALE"",""referenceNumber"":""ref_17AZ09DXOG"",""commissionRateInPaise"":47173}"
tx_ed419f30zrs,MERCHANT_LEDGER,inv_14OMYPVEFP,1744438,INR,2026-08-06,2026-08-18T17:14:13.251Z,MERCHANT_LEDGER: 17444.38 INR - SOFTWARE_LICENSE_RENEWAL,"{""merchantIdentifier"":""MERCHANT_001"",""customerIdentifier"":""cust_QT0H541FL6"",""productServiceIdentifier"":""prod_AGANJ3OFDX"",""description"":""ANNUAL_PREMIUM_UPGRADE"",""referenceNumber"":""ref_IBM9EQVVG1"",""commissionRateInPaise"":52333}"
tx_qdycoaev4l,MERCHANT_LEDGER,inv_VJ1P9YXZ0W,273861,INR,2026-08-09,2026-08-16T19:24:57.251Z,MERCHANT_LEDGER: 2738.61 INR - DIGITAL_GOODS_EBOOK_DOWNLOAD,"{""merchantIdentifier"":""MERCHANT_001"",""customerIdentifier"":""cust_VN24DUHMZZ"",""productServiceIdentifier"":""prod_V5U2ZOYSFX"",""description"":""ONLINE_SUBSCRIPTION_PURCHASE"",""referenceNumber"":""ref_AA2U8DT5QE"",""commissionRateInPaise"":8215}"
tx_f5zwvdthic,MERCHANT_LEDGER,inv_Q5EJE2M67Z,608010,INR,2026-07-14,2026-08-18T21:56:55.251Z,MERCHANT_LEDGER: 6080.1 INR - DIGITAL_GOODS_EBOOK_DOWNLOAD,"{""merchantIdentifier"":""MERCHANT_001"",""customerIdentifier"":""cust_3WLI8HN3PF"",""productServiceIdentifier"":""prod_A3VD3MQYSY"",""description"":""ONLINE_SUBSCRIPTION_PURCHASE"",""referenceNumber"":""ref_F56LVBSUY"",""commissionRateInPaise"":18240}"
tx_cqhvleikmkj,MERCHANT_LEDGER,inv_OVYDGU0LQ7,935686,INR,2026-08-08,2026-08-20T12:56:52.251Z,MERCHANT_LEDGER: 9356.86 INR - ONLINE_SUBSCRIPTION_PURCHASE,"{""merchantIdentifier"":""MERCHANT_001"",""customerIdentifier"":""cust_UFOMF6IIYG"",""productServiceIdentifier"":""prod_XPW15A637Z"",""description"":""CHARGEBACK_CUSTOMER_DISPUTE"",""referenceNumber"":""ref_4PB2Y8DMD6"",""commissionRateInPaise"":28070}"
tx_jw77fp6ridl,MERCHANT_LEDGER,inv_RUSEB34KAY,1967275,INR,2026-08-12,2026-08-23T11:31:40.251Z,MERCHANT_LEDGER: 19672.75 INR - CHARITABLE_DONATION,"{""merchantIdentifier"":""MERCHANT_001"",""customerIdentifier"":""cust_FIB5K3M084"",""productServiceIdentifier"":""prod_IPV1PTJYCT"",""description"":""PLATFORM_MAINTENANCE_FEE"",""referenceNumber"":""ref_L1TI2D7OKI"",""commissionRateInPaise"":59018}"
tx_31c7xyyghc2,MERCHANT_LEDGER,inv_OGSDD33W0Q,1293809,INR,2026-07-04,2026-08-15T09:49:42.251Z,MERCHANT_LEDGER: 12938.09 INR - COMMUNITY_MEMBERSHIP_FEE,"{""merchantIdentifier"":""MERCHANT_001"",""customerIdentifier"":""cust_97EFG0T3XW"",""productServiceIdentifier"":""prod_E3GLMM5FBK"",""description"":""MONTHLY_SERVICE_SUBSCRIPTION"",""referenceNumber"":""ref_58PV1MNNY7"",""commissionRateInPaise"":38814}"
tx_ffrqlupcv8b,MERCHANT_LEDGER,inv_6U8PYV4KM1,584006,INR,2026-08-12,2026-08-14T02:15:41.251Z,MERCHANT_LEDGER: 5840.06 INR - REFUNDED_CUSTOMER_REQUEST,"{""merchantIdentifier"":""MERCHANT_001"",""customerIdentifier"":""cust_GO0N5JBQXG"",""productServiceIdentifier"":""prod_7YNL2DBI3F"",""description"":""DIGITAL_GOODS_EBOOK_DOWNLOAD"",""referenceNumber"":""ref_973B460YIV"",""commissionRateInPaise"":17520}"
tx_n5fmzg90z2,MERCHANT_LEDGER,inv_IV4PITTHKJ,1299251,INR,2026-07-14,2026-08-20T19:03:18.251Z,MERCHANT_LEDGER: 12992.51 INR - CHARGEBACK_CUSTOMER_DISPUTE,"{""merchantIdentifier"":""MERCHANT_001"",""customerIdentifier"":""cust_UMSQ70KLML"",""productServiceIdentifier"":""prod_I1UIGLU7UZ"",""description"":""CHARITABLE_DONATION"",""referenceNumber"":""ref_B8L3EEMGW2"",""commissionRateInPaise"":38977}"
tx_mo8bmdqluoa,MERCHANT_LEDGER,inv_24O8STR8AV,1556091,INR,2026-07-27,2026-08-16T07:32:43.251Z,MERCHANT_LEDGER: 15560.91 INR - ONLINE_SUBSCRIPTION_PURCHASE,"{""merchantIdentifier"":""MERCHANT_001"",""customerIdentifier"":""cust_RXLE1KY299"",""productServiceIdentifier"":""prod_XYFMSO9ZP8"",""description"":""ANNUAL_PREMIUM_UPGRADE"",""referenceNumber"":""ref_K58ADMGAWT"",""commissionRateInPaise"":46682}"
tx_9nbghmlteqd,MERCHANT_LEDGER,inv_52YB0BZH3V,1819366,INR,2026-07-16,2026-08-14T10:49:33.251Z,MERCHANT_LEDGER: 18193.66 INR - PLATFORM_MAINTENANCE_FEE,"{""merchantIdentifier"":""MERCHANT_001"",""customerIdentifier"":""cust_6E083Y0BZU"",""productServiceIdentifier"":""prod_ZWL11KCE02"",""description"":""MONTHLY_SERVICE_SUBSCRIPTION"",""referenceNumber"":""ref_HN9Y3701AP"",""commissionRateInPaise"":54580}"
tx_3aue5wdwp9g,MERCHANT_LEDGER,inv_1CRNYXP7Z5,1272343,INR,2026-07-27,2026-08-15T21:25:23.251Z,MERCHANT_LEDGER: 12723.43 INR - SOFTWARE_LICENSE_RENEWAL,"{""merchantIdentifier"":""MERCHANT_001"",""customerIdentifier"":""cust_7S4EU9M0AI"",""productServiceIdentifier"":""prod_MO16YEP46Q"",""description"":""COMMUNITY_MEMBERSHIP_FEE"",""referenceNumber"":""ref_7APT9LPNP4"",""commissionRateInPaise"":38170}"
tx_4droo9etvbc,MERCHANT_LEDGER,inv_7Z9SBZB4FN,1176181,INR,2026-08-13,2026-08-20T01:20:00.251Z,MERCHANT_LEDGER: 11761.81 INR - CHARGEBACK_CUSTOMER_DISPUTE,"{""merchantIdentifier"":""MERCHANT_001"",""customerIdentifier"":""cust_A5OA0JJ5NM"",""productServiceIdentifier"":""prod_9ZAHYX1JEO"",""description"":""COMMUNITY_MEMBERSHIP_FEE"",""referenceNumber"":""ref_AMDLSNC40U"",""commissionRateInPaise"":35285}"
tx_6e6c41rqiry,MERCHANT_LEDGER,inv_DGW4MC9S8Q,842520,INR,2026-07-14,2026-08-19T00:27:38.251Z,MERCHANT_LEDGER: 8425.2 INR - DIGITAL_GOODS_EBOOK_DOWNLOAD,"{""merchantIdentifier"":""MERCHANT_001"",""customerIdentifier"":""cust_2GAYNTE1PJ"",""productServiceIdentifier"":""prod_1K5QBGWCJF"",""description"":""ONLINE_SUBSCRIPTION_PURCHASE"",""referenceNumber"":""ref_WU8WG7JF9I"",""commissionRateInPaise"":25275}"
tx_v7cp4bfk1ho,MERCHANT_LEDGER,inv_S7J4WIMBMP,395421,INR,2026-07-01,2026-08-18T20:01:42.251Z,MERCHANT_LEDGER: 3954.21 INR - ONLINE_SUBSCRIPTION_PURCHASE,"{""merchantIdentifier"":""MERCHANT_001"",""customerIdentifier"":""cust_IDWGBG22L7"",""productServiceIdentifier"":""prod_GQMNYYQXI3"",""description"":""CHARGEBACK_CUSTOMER_DISPUTE"",""referenceNumber"":""ref_1EA7MVUY5L"",""commissionRateInPaise"":11862}"
tx_28lg1jwxqxn,MERCHANT_LEDGER,inv_DABIG33LC8,1424660,INR,2026-07-19,2026-08-20T16:06:17.251Z,MERCHANT_LEDGER: 14246.6 INR - DIGITAL_GOODS_EBOOK_DOWNLOAD,"{""merchantIdentifier"":""MERCHANT_001"",""customerIdentifier"":""cust_HZ046C89DA"",""productServiceIdentifier"":""prod_D8X35PGJLB"",""description"":""CHARGEBACK_CUSTOMER_DISPUTE"",""referenceNumber"":""ref_HZE3VTHISQ"",""commissionRateInPaise"":42739}"
tx_7o2y3wzr5j8,MERCHANT_LEDGER,inv_HNAFX7XYUD,789926,INR,2026-07-10,2026-08-18T05:54:42.251Z,MERCHANT_LEDGER: 7899.26 INR - E_COMMERCE_ONE_TIME_SALE,"{""merchantIdentifier"":""MERCHANT_001"",""customerIdentifier"":""cust_XJ72YFINYV"",""productServiceIdentifier"":""prod_YG5RV8V66C"",""description"":""ANNUAL_PREMIUM_UPGRADE"",""referenceNumber"":""ref_R3XCRE1SEM"",""commissionRateInPaise"":23697}"
tx_rqhti2ztxd,MERCHANT_LEDGER,inv_0QNIQKZT4C,1684911,INR,2026-08-12,2026-08-20T00:24:59.251Z,MERCHANT_LEDGER: 16849.11 INR - COMMUNITY_MEMBERSHIP_FEE,"{""merchantIdentifier"":""MERCHANT_001"",""customerIdentifier"":""cust_OBH7N4RYT8"",""productServiceIdentifier"":""prod_HSRD50SZEK"",""description"":""E_COMMERCE_ONE_TIME_SALE"",""referenceNumber"":""ref_L7X1TPRUSB"",""commissionRateInPaise"":50547}"
tx_etfi9frkm2d,MERCHANT_LEDGER,inv_0F56R65ZMR,235662,INR,2026-07-01,2026-08-14T18:10:07.251Z,MERCHANT_LEDGER: 2356.62 INR - REFUND_FOR_ORDER_INV_12345,"{""merchantIdentifier"":""MERCHANT_001"",""customerIdentifier"":""cust_IBQZ9RX9S3"",""productServiceIdentifier"":""prod_ZWR5IPZG1S"",""description"":""ONLINE_SUBSCRIPTION_PURCHASE"",""referenceNumber"":""ref_PF1VWWFQUF"",""commissionRateInPaise"":7069}"
tx_z8gw8mr7dqn,MERCHANT_LEDGER,inv_XIQUKGH1KX,1288631,INR,2026-08-15,2026-08-19T00:04:23.251Z,MERCHANT_LEDGER: 12886.31 INR - PLATFORM_MAINTENANCE_FEE,"{""merchantIdentifier"":""MERCHANT_001"",""customerIdentifier"":""cust_N4AKZN2WJ3"",""productServiceIdentifier"":""prod_VC60NI6PZK"",""description"":""DIGITAL_GOODS_EBOOK_DOWNLOAD"",""referenceNumber"":""ref_I4BPPD8JIR"",""commissionRateInPaise"":38658}"
tx_9wrkwmaiqrt,MERCHANT_LEDGER,inv_G0IV4PZZOH,582465,INR,2026-08-02,2026-08-21T12:37:12.251Z,MERCHANT_LEDGER: 5824.65 INR - MONTHLY_SERVICE_SUBSCRIPTION,"{""merchantIdentifier"":""MERCHANT_001"",""customerIdentifier"":""cust_2DNBBE5C0T"",""productServiceIdentifier"":""prod_P73D51MZJK"",""description"":""MONTHLY_SERVICE_SUBSCRIPTION"",""referenceNumber"":""ref_HH0NKD6J02"",""commissionRateInPaise"":17473}"
tx_x51hh7tar8,MERCHANT_LEDGER,inv_EZ3ANS5QRG,1817397,INR,2026-06-25,2026-08-19T23:07:31.251Z,MERCHANT_LEDGER: 18173.97 INR - ANNUAL_PREMIUM_UPGRADE,"{""merchantIdentifier"":""MERCHANT_001"",""customerIdentifier"":""cust_DW9HQPQ1B6"",""productServiceIdentifier"":""prod_P5LYZYRLL5"",""description"":""REFUNDED_CUSTOMER_REQUEST"",""referenceNumber"":""ref_VCTHXZY4KE"",""commissionRateInPaise"":54521}"
tx_cb79k7vwub,MERCHANT_LEDGER,inv_5473KROMEE,1121504,INR,2026-08-18,2026-08-16T22:47:45.251Z,MERCHANT_LEDGER: 11215.04 INR - CHARGEBACK_CUSTOMER_DISPUTE,"{""merchantIdentifier"":""MERCHANT_001"",""customerIdentifier"":""cust_YC73Z1CG2A"",""productServiceIdentifier"":""prod_U1WEX3GDEL"",""description"":""CHARGEBACK_CUSTOMER_DISPUTE"",""referenceNumber"":""ref_HM1NT1TDGW"",""commissionRateInPaise"":33645}"
tx_liemn1ufn7f,MERCHANT_LEDGER,inv_Y6XVVEY6XY,382654,INR,2026-07-13,2026-08-13T21:20:32.251Z,MERCHANT_LEDGER: 3826.54 INR - REFUND_FOR_ORDER_INV_12345,"{""merchantIdentifier"":""MERCHANT_001"",""customerIdentifier"":""cust_GZ9O7M7G8F"",""productServiceIdentifier"":""prod_7DTKCVN82S"",""description"":""DIGITAL_GOODS_EBOOK_DOWNLOAD"",""referenceNumber"":""ref_Z4PJH48ZS8"",""commissionRateInPaise"":11479}"
tx_4eii8nhhsvi,MERCHANT_LEDGER,inv_Y7MEZ9EV5W,1266538,INR,2026-07-21,2026-08-22T08:58:27.251Z,MERCHANT_LEDGER: 12665.38 INR - REFUNDED_CUSTOMER_REQUEST,"{""merchantIdentifier"":""MERCHANT_001"",""customerIdentifier"":""cust_CHOIFAXD69"",""productServiceIdentifier"":""prod_SMY0TUATGW"",""description"":""ONLINE_SUBSCRIPTION_PURCHASE"",""referenceNumber"":""ref_TDESRJQ6AI"",""commissionRateInPaise"":37996}"
tx_92fo56i1mxh,MERCHANT_LEDGER,inv_WUPJAP5XYZ,1515634,INR,2026-08-03,2026-08-16T03:13:52.251Z,MERCHANT_LEDGER: 15156.34 INR - ONLINE_SUBSCRIPTION_PURCHASE,"{""merchantIdentifier"":""MERCHANT_001"",""customerIdentifier"":""cust_RV1BO48CNG"",""productServiceIdentifier"":""prod_GASQRH2VAA"",""description"":""MONTHLY_SERVICE_SUBSCRIPTION"",""referenceNumber"":""ref_74PXV5MZI2"",""commissionRateInPaise"":45469}"
tx_b0n3vkt5m3,MERCHANT_LEDGER,inv_1UWZ54FJEM,754930,INR,2026-08-18,2026-08-21T18:20:25.251Z,MERCHANT_LEDGER: 7549.3 INR - REFUND_FOR_ORDER_INV_12345,"{""merchantIdentifier"":""MERCHANT_001"",""customerIdentifier"":""cust_5ELE50QBH9"",""productServiceIdentifier"":""prod_9LJKWEGTOS"",""description"":""CHARITABLE_DONATION"",""referenceNumber"":""ref_9K39J2MJB7"",""commissionRateInPaise"":22647}"
tx_hh8ncr6vtvj,MERCHANT_LEDGER,inv_VYDPPHJB5Q,920852,INR,2026-07-24,2026-08-16T08:14:55.251Z,MERCHANT_LEDGER: 9208.52 INR - MONTHLY_SERVICE_SUBSCRIPTION,"{""merchantIdentifier"":""MERCHANT_001"",""customerIdentifier"":""cust_PL3G701O4Y"",""productServiceIdentifier"":""prod_R1VFU1SN0D"",""description"":""ONLINE_SUBSCRIPTION_PURCHASE"",""referenceNumber"":""ref_R46S80JA4R"",""commissionRateInPaise"":27625}"
tx_z3o4o507iob,MERCHANT_LEDGER,inv_F6UD91M28L,833481,INR,2026-08-15,2026-08-15T18:15:36.251Z,MERCHANT_LEDGER: 8334.81 INR - E_COMMERCE_ONE_TIME_SALE,"{""merchantIdentifier"":""MERCHANT_001"",""customerIdentifier"":""cust_L3Q54W1MH3"",""productServiceIdentifier"":""prod_2TZ4HVW3KV"",""description"":""CHARITABLE_DONATION"",""referenceNumber"":""ref_KY33RTBMA4"",""commissionRateInPaise"":25004}"
tx_fesr1zijfkc,MERCHANT_LEDGER,inv_FJUORK5WS7,1003906,INR,2026-08-03,2026-08-17T19:10:14.251Z,MERCHANT_LEDGER: 10039.06 INR - DIGITAL_GOODS_EBOOK_DOWNLOAD,"{""merchantIdentifier"":""MERCHANT_001"",""customerIdentifier"":""cust_1FWMDH0S85"",""productServiceIdentifier"":""prod_E4S3PKPRO3"",""description"":""REFUNDED_CUSTOMER_REQUEST"",""referenceNumber"":""ref_F14WW5DCVB"",""commissionRateInPaise"":30117}"
tx_uilrsp6espj,MERCHANT_LEDGER,inv_CRCVQ04XBO,1519729,INR,2026-07-05,2026-08-23T04:30:06.251Z,MERCHANT_LEDGER: 15197.29 INR - REFUND_FOR_ORDER_INV_12345,"{""merchantIdentifier"":""MERCHANT_001"",""customerIdentifier"":""cust_F6SW987ZWS"",""productServiceIdentifier"":""prod_VFLZRNBIPB"",""description"":""MONTHLY_SERVICE_SUBSCRIPTION"",""referenceNumber"":""ref_0GNLD0K8MS"",""commissionRateInPaise"":45591}"
tx_vu9s0fty8c,MERCHANT_LEDGER,inv_WMVCEJ2NLX,301374,INR,2026-07-07,2026-08-20T01:49:37.251Z,MERCHANT_LEDGER: 3013.74 INR - PLATFORM_MAINTENANCE_FEE,"{""merchantIdentifier"":""MERCHANT_001"",""customerIdentifier"":""cust_AOFIGKUGDV"",""productServiceIdentifier"":""prod_R33J5P3QQS"",""description"":""PLATFORM_MAINTENANCE_FEE"",""referenceNumber"":""ref_A7HIK3B3OM"",""commissionRateInPaise"":9041}"
tx_fjlhrjvxfcd,MERCHANT_LEDGER,inv_8EB6SBP38U,1711264,INR,2026-07-22,2026-08-20T10:01:52.251Z,MERCHANT_LEDGER: 17112.64 INR - SOFTWARE_LICENSE_RENEWAL,"{""merchantIdentifier"":""MERCHANT_001"",""customerIdentifier"":""cust_ESMMQTZ4VS"",""productServiceIdentifier"":""prod_3V5N05PFV9"",""description"":""COMMUNITY_MEMBERSHIP_FEE"",""referenceNumber"":""ref_FLIOTI64YX"",""commissionRateInPaise"":51337}"
tx_weqaxeefbel,MERCHANT_LEDGER,inv_I2P5G9T9EX,1980152,INR,2026-07-30,2026-08-22T13:12:04.251Z,MERCHANT_LEDGER: 19801.52 INR - CHARGEBACK_CUSTOMER_DISPUTE,"{""merchantIdentifier"":""MERCHANT_001"",""customerIdentifier"":""cust_JT0EWFA5RE"",""productServiceIdentifier"":""prod_Z17V7HY710"",""description"":""PLATFORM_MAINTENANCE_FEE"",""referenceNumber"":""ref_193B6F9TI9"",""commissionRateInPaise"":59404}"
tx_me3vddu8j3,MERCHANT_LEDGER,inv_L7BZWLGV11,1001457,INR,2026-08-17,2026-08-22T17:22:24.251Z,MERCHANT_LEDGER: 10014.57 INR - E_COMMERCE_ONE_TIME_SALE,"{""merchantIdentifier"":""MERCHANT_001"",""customerIdentifier"":""cust_2JTGM2EE4L"",""productServiceIdentifier"":""prod_DNGP9ITN0I"",""description"":""MONTHLY_SERVICE_SUBSCRIPTION"",""referenceNumber"":""ref_BSQA2GSKJI"",""commissionRateInPaise"":30043}"
tx_x92op4efzd,MERCHANT_LEDGER,inv_LRHZ7N1W32,1210958,INR,2026-08-01,2026-08-22T14:34:00.251Z,MERCHANT_LEDGER: 12109.58 INR - ANNUAL_PREMIUM_UPGRADE,"{""merchantIdentifier"":""MERCHANT_001"",""customerIdentifier"":""cust_TUIA9WQ7TO"",""productServiceIdentifier"":""prod_WEKNRMFD4Y"",""description"":""REFUND_FOR_ORDER_INV_12345"",""referenceNumber"":""ref_AQESP1E17G"",""commissionRateInPaise"":36328}"
tx_fntxtfd0q07,MERCHANT_LEDGER,inv_CWCUTYF4N,1485893,INR,2026-07-08,2026-08-22T00:58:49.251Z,MERCHANT_LEDGER: 14858.93 INR - PLATFORM_MAINTENANCE_FEE,"{""merchantIdentifier"":""MERCHANT_001"",""customerIdentifier"":""cust_4SXVMZJ1K4"",""productServiceIdentifier"":""prod_MCJCHIYQS1"",""description"":""MONTHLY_SERVICE_SUBSCRIPTION"",""referenceNumber"":""ref_AT9R00GXVQ"",""commissionRateInPaise"":44576}"
tx_73378op8abv,MERCHANT_LEDGER,inv_608KQ3Z016,407675,INR,2026-07-12,2026-08-15T16:35:17.251Z,MERCHANT_LEDGER: 4076.75 INR - REFUND_FOR_ORDER_INV_12345,"{""merchantIdentifier"":""MERCHANT_001"",""customerIdentifier"":""cust_K9K9PSRI3A"",""productServiceIdentifier"":""prod_Z5237O317H"",""description"":""ONLINE_SUBSCRIPTION_PURCHASE"",""referenceNumber"":""ref_TXIOYQD61"",""commissionRateInPaise"":12230}"
tx_nuha8qx9ln,MERCHANT_LEDGER,inv_8ERIXYJCFW,1651878,INR,2026-08-01,2026-08-17T06:05:16.251Z,MERCHANT_LEDGER: 16518.78 INR - CHARITABLE_DONATION,"{""merchantIdentifier"":""MERCHANT_001"",""customerIdentifier"":""cust_TWOZPXSY8S"",""productServiceIdentifier"":""prod_95LK1MHZFE"",""description"":""REFUNDED_CUSTOMER_REQUEST"",""referenceNumber"":""ref_ASK7UXES84"",""commissionRateInPaise"":49556}"
tx_hjzs4bza2pc,MERCHANT_LEDGER,inv_FYAMVJKWKZ,573465,INR,2026-07-23,2026-08-17T18:32:13.251Z,MERCHANT_LEDGER: 5734.65 INR - CHARITABLE_DONATION,"{""merchantIdentifier"":""MERCHANT_001"",""customerIdentifier"":""cust_8HQTQFHL6J"",""productServiceIdentifier"":""prod_FAXLZ74W4U"",""description"":""E_COMMERCE_ONE_TIME_SALE"",""referenceNumber"":""ref_X1B53AMEFV"",""commissionRateInPaise"":17203}"
tx_q9zipwb8ven,MERCHANT_LEDGER,inv_SVK2DJ27XM,680204,INR,2026-07-24,2026-08-16T03:15:45.251Z,MERCHANT_LEDGER: 6802.04 INR - CHARGEBACK_CUSTOMER_DISPUTE,"{""merchantIdentifier"":""MERCHANT_001"",""customerIdentifier"":""cust_9YT9ENCQ8Q"",""productServiceIdentifier"":""prod_FRJUMKW8RE"",""description"":""REFUND_FOR_ORDER_INV_12345"",""referenceNumber"":""ref_RISTAKC8XC"",""commissionRateInPaise"":20406}"
tx_96u0305z10l,MERCHANT_LEDGER,inv_TMUG9HL70Y,751999,INR,2026-07-22,2026-08-22T20:28:45.251Z,MERCHANT_LEDGER: 7519.99 INR - SOFTWARE_LICENSE_RENEWAL,"{""merchantIdentifier"":""MERCHANT_001"",""customerIdentifier"":""cust_5M9KMQT3OO"",""productServiceIdentifier"":""prod_2JYXOECRAP"",""description"":""ONLINE_SUBSCRIPTION_PURCHASE"",""referenceNumber"":""ref_VOUTF0BXA6"",""commissionRateInPaise"":22559}"
tx_hpofhgemh4,MERCHANT_LEDGER,inv_NUM6GGLQDE,903380,INR,2026-07-27,2026-08-23T03:39:40.251Z,MERCHANT_LEDGER: 9033.8 INR - CHARGEBACK_CUSTOMER_DISPUTE,"{""merchantIdentifier"":""MERCHANT_001"",""customerIdentifier"":""cust_GHQUXQVALD"",""productServiceIdentifier"":""prod_YYQL14R0AR"",""description"":""DIGITAL_GOODS_EBOOK_DOWNLOAD"",""referenceNumber"":""ref_QRAATQQ5N4"",""commissionRateInPaise"":27101}"
tx_qv48zz9xujc,MERCHANT_LEDGER,inv_8VYHDGWM0O,1496732,INR,2026-07-14,2026-08-20T06:56:05.251Z,MERCHANT_LEDGER: 14967.32 INR - CHARGEBACK_CUSTOMER_DISPUTE,"{""merchantIdentifier"":""MERCHANT_001"",""customerIdentifier"":""cust_TMWEPJT8A0"",""productServiceIdentifier"":""prod_LN0MTE2DN6"",""description"":""PLATFORM_MAINTENANCE_FEE"",""referenceNumber"":""ref_0CBBNBT6F5"",""commissionRateInPaise"":44901}"
tx_pbrztxmqipd,MERCHANT_LEDGER,inv_FNBY8SX7YV,1605076,INR,2026-08-20,2026-08-17T22:01:24.251Z,MERCHANT_LEDGER: 16050.76 INR - CHARGEBACK_CUSTOMER_DISPUTE,"{""merchantIdentifier"":""MERCHANT_001"",""customerIdentifier"":""cust_MFJQH775BF"",""productServiceIdentifier"":""prod_5NL54OJKA5"",""description"":""DIGITAL_GOODS_EBOOK_DOWNLOAD"",""referenceNumber"":""ref_Z7RJW3Z60O"",""commissionRateInPaise"":48152}"
tx_sl285l41qhh,MERCHANT_LEDGER,inv_NZCK76IMTK,1953976,INR,2026-08-13,2026-08-16T20:46:58.251Z,MERCHANT_LEDGER: 19539.76 INR - MONTHLY_SERVICE_SUBSCRIPTION,"{""merchantIdentifier"":""MERCHANT_001"",""customerIdentifier"":""cust_IEQOA98SNE"",""productServiceIdentifier"":""prod_W3MD2B5VFH"",""description"":""ONLINE_SUBSCRIPTION_PURCHASE"",""referenceNumber"":""ref_3W4QOVFNLI"",""commissionRateInPaise"":58619}"
tx_mylpifiwco,MERCHANT_LEDGER,inv_8MQP0C9NYS,1017769,INR,2026-08-17,2026-08-15T10:44:38.251Z,MERCHANT_LEDGER: 10177.69 INR - REFUNDED_CUSTOMER_REQUEST,"{""merchantIdentifier"":""MERCHANT_001"",""customerIdentifier"":""cust_KXT5E6OUX2"",""productServiceIdentifier"":""prod_1EBMWD3J1Y"",""description"":""REFUNDED_CUSTOMER_REQUEST"",""referenceNumber"":""ref_NI4PAZP5BU"",""commissionRateInPaise"":30533}"
tx_uyxplax87dq,MERCHANT_LEDGER,inv_17A5LHFC5K,1732246,INR,2026-07-22,2026-08-19T11:42:32.251Z,MERCHANT_LEDGER: 17322.46 INR - REFUND_FOR_ORDER_INV_12345,"{""merchantIdentifier"":""MERCHANT_001"",""customerIdentifier"":""cust_7QR1SQ20HD"",""productServiceIdentifier"":""prod_3C5YBIQB3D"",""description"":""ONLINE_SUBSCRIPTION_PURCHASE"",""referenceNumber"":""ref_UVS7L81I7"",""commissionRateInPaise"":51967}"
tx_91godwiaip,MERCHANT_LEDGER,inv_FU8K2TB41A,1178702,INR,2026-08-06,2026-08-14T12:01:22.251Z,MERCHANT_LEDGER: 11787.02 INR - SOFTWARE_LICENSE_RENEWAL,"{""merchantIdentifier"":""MERCHANT_001"",""customerIdentifier"":""cust_9WBUCHERU1"",""productServiceIdentifier"":""prod_QTWMV0C1T9"",""description"":""ONLINE_SUBSCRIPTION_PURCHASE"",""referenceNumber"":""ref_CQXGU5OKBP"",""commissionRateInPaise"":35361}"
tx_s2lnubcc2jd,MERCHANT_LEDGER,inv_LVZV2F13O3,668917,INR,2026-06-25,2026-08-14T06:16:46.251Z,MERCHANT_LEDGER: 6689.17 INR - SOFTWARE_LICENSE_RENEWAL,"{""merchantIdentifier"":""MERCHANT_001"",""customerIdentifier"":""cust_MLJ9LUM8LZ"",""productServiceIdentifier"":""prod_6UH5QE7LFP"",""description"":""ONLINE_SUBSCRIPTION_PURCHASE"",""referenceNumber"":""ref_JRL3UGCRM8"",""commissionRateInPaise"":20067}"
tx_caejm0pu5ci,MERCHANT_LEDGER,inv_RTF15AEL5H,457086,INR,2026-08-14,2026-08-21T03:10:55.251Z,MERCHANT_LEDGER: 4570.86 INR - SOFTWARE_LICENSE_RENEWAL,"{""merchantIdentifier"":""MERCHANT_001"",""customerIdentifier"":""cust_AECPVH0BPW"",""productServiceIdentifier"":""prod_QTI39IC161"",""description"":""CHARITABLE_DONATION"",""referenceNumber"":""ref_RSGO9UR1V0"",""commissionRateInPaise"":13712}"
tx_zp6pv24dgg,MERCHANT_LEDGER,inv_PO843YT0J8,1019813,INR,2026-08-01,2026-08-20T05:24:48.251Z,MERCHANT_LEDGER: 10198.13 INR - E_COMMERCE_ONE_TIME_SALE,"{""merchantIdentifier"":""MERCHANT_001"",""customerIdentifier"":""cust_MERFJ7QXOX"",""productServiceIdentifier"":""prod_5E06UYNB9D"",""description"":""REFUNDED_CUSTOMER_REQUEST"",""referenceNumber"":""ref_JEDHTMGJ2"",""commissionRateInPaise"":30594}"
tx_menzqi13qi8,MERCHANT_LEDGER,inv_6NSHBBXL3V,1642702,INR,2026-08-03,2026-08-17T10:06:06.251Z,MERCHANT_LEDGER: 16427.02 INR - REFUNDED_CUSTOMER_REQUEST,"{""merchantIdentifier"":""MERCHANT_001"",""customerIdentifier"":""cust_8TIXDZDJ8D"",""productServiceIdentifier"":""prod_C41AB441G3"",""description"":""ANNUAL_PREMIUM_UPGRADE"",""referenceNumber"":""ref_Q82C1TKS4J"",""commissionRateInPaise"":49281}"
tx_rxsivkine7l,MERCHANT_LEDGER,inv_WX1ZAB6PHS,994043,INR,2026-08-02,2026-08-16T18:29:09.251Z,MERCHANT_LEDGER: 9940.43 INR - PLATFORM_MAINTENANCE_FEE,"{""merchantIdentifier"":""MERCHANT_001"",""customerIdentifier"":""cust_X2XAF2XJXS"",""productServiceIdentifier"":""prod_TXKGTDX3I2"",""description"":""CHARGEBACK_CUSTOMER_DISPUTE"",""referenceNumber"":""ref_NJY0G1H17M"",""commissionRateInPaise"":29821}"
tx_zkvk5w67zn,MERCHANT_LEDGER,inv_G5JK5P1CF8,1609559,INR,2026-08-17,2026-08-16T13:36:12.251Z,MERCHANT_LEDGER: 16095.59 INR - PLATFORM_MAINTENANCE_FEE,"{""merchantIdentifier"":""MERCHANT_001"",""customerIdentifier"":""cust_N7VBEHS4C5"",""productServiceIdentifier"":""prod_3CK1V50L6V"",""description"":""PLATFORM_MAINTENANCE_FEE"",""referenceNumber"":""ref_VBY0X1LQWR"",""commissionRateInPaise"":48286}"
tx_ellu31npp7e,MERCHANT_LEDGER,inv_94WFHLR7Q9,1756685,INR,2026-06-30,2026-08-15T00:33:04.251Z,MERCHANT_LEDGER: 17566.85 INR - DIGITAL_GOODS_EBOOK_DOWNLOAD,"{""merchantIdentifier"":""MERCHANT_001"",""customerIdentifier"":""cust_QXEECIEHAJ"",""productServiceIdentifier"":""prod_8SR73UD855"",""description"":""MONTHLY_SERVICE_SUBSCRIPTION"",""referenceNumber"":""ref_ILSLSKTCUK"",""commissionRateInPaise"":52700}"
tx_s661i8l42dq,MERCHANT_LEDGER,inv_2LYBOMYFRK,497297,INR,2026-08-01,2026-08-17T02:18:49.251Z,MERCHANT_LEDGER: 4972.97 INR - CHARITABLE_DONATION,"{""merchantIdentifier"":""MERCHANT_001"",""customerIdentifier"":""cust_5QZ14QK71V"",""productServiceIdentifier"":""prod_U0XPE8KIFY"",""description"":""CHARITABLE_DONATION"",""referenceNumber"":""ref_4DSBDGVSNQ"",""commissionRateInPaise"":14918}"
tx_vwfgy9jraq,MERCHANT_LEDGER,inv_7RWLEINNKQ,880887,INR,2026-07-16,2026-08-18T09:22:44.251Z,MERCHANT_LEDGER: 8808.87 INR - MONTHLY_SERVICE_SUBSCRIPTION,"{""merchantIdentifier"":""MERCHANT_001"",""customerIdentifier"":""cust_0JYMI7Q9VQ"",""productServiceIdentifier"":""prod_OXJPVA0O1T"",""description"":""MONTHLY_SERVICE_SUBSCRIPTION"",""referenceNumber"":""ref_3DTYY3M6TT"",""commissionRateInPaise"":26426}"
tx_mvj8xcdnl8p,MERCHANT_LEDGER,inv_AI9V9O27NA,757376,INR,2026-07-12,2026-08-19T14:51:33.251Z,MERCHANT_LEDGER: 7573.76 INR - CHARGEBACK_CUSTOMER_DISPUTE,"{""merchantIdentifier"":""MERCHANT_001"",""customerIdentifier"":""cust_A1TPBGH0KA"",""productServiceIdentifier"":""prod_8352WGHLAP"",""description"":""PLATFORM_MAINTENANCE_FEE"",""referenceNumber"":""ref_SYL58USKHP"",""commissionRateInPaise"":22721}"
tx_mxibmxbhdei,MERCHANT_LEDGER,inv_DJ7AOZN5TO,1246557,INR,2026-06-27,2026-08-17T05:34:08.251Z,MERCHANT_LEDGER: 12465.57 INR - SOFTWARE_LICENSE_RENEWAL,"{""merchantIdentifier"":""MERCHANT_001"",""customerIdentifier"":""cust_UNGKNB3JAY"",""productServiceIdentifier"":""prod_QYNYXV0R3M"",""description"":""REFUND_FOR_ORDER_INV_12345"",""referenceNumber"":""ref_7Y2EYQ2MDI"",""commissionRateInPaise"":37396}"
tx_7rbokv2rp9c,MERCHANT_LEDGER,inv_MXKNB8ZFIA,1766240,INR,2026-07-18,2026-08-15T05:25:22.251Z,MERCHANT_LEDGER: 17662.4 INR - ONLINE_SUBSCRIPTION_PURCHASE,"{""merchantIdentifier"":""MERCHANT_001"",""customerIdentifier"":""cust_JT2R44OJQB"",""productServiceIdentifier"":""prod_OX8Z1YZ509"",""description"":""ONLINE_SUBSCRIPTION_PURCHASE"",""referenceNumber"":""ref_VU9ZENL09O"",""commissionRateInPaise"":52987}"
tx_8pabgisk5y7,MERCHANT_LEDGER,inv_U6L9AWNADP,1053101,INR,2026-06-28,2026-08-21T03:38:11.251Z,MERCHANT_LEDGER: 10531.01 INR - E_COMMERCE_ONE_TIME_SALE,"{""merchantIdentifier"":""MERCHANT_001"",""customerIdentifier"":""cust_B0VI1EF0MH"",""productServiceIdentifier"":""prod_PFUSIQBZ7G"",""description"":""SOFTWARE_LICENSE_RENEWAL"",""referenceNumber"":""ref_YEJXUZM24J"",""commissionRateInPaise"":31593}"
tx_vwzq31kvaps,MERCHANT_LEDGER,inv_EXTQISGABT,406578,INR,2026-07-28,2026-08-20T10:44:24.251Z,MERCHANT_LEDGER: 4065.78 INR - CHARITABLE_DONATION,"{""merchantIdentifier"":""MERCHANT_001"",""customerIdentifier"":""cust_D01KT271LD"",""productServiceIdentifier"":""prod_CVMQHE6242"",""description"":""ANNUAL_PREMIUM_UPGRADE"",""referenceNumber"":""ref_YDW9E5FKK4"",""commissionRateInPaise"":12197}"
tx_7ykqntt2emh,MERCHANT_LEDGER,inv_BTBN368PJZ,1315069,INR,2026-08-20,2026-08-16T02:13:30.251Z,MERCHANT_LEDGER: 13150.69 INR - CHARGEBACK_CUSTOMER_DISPUTE,"{""merchantIdentifier"":""MERCHANT_001"",""customerIdentifier"":""cust_55SXRDZV22"",""productServiceIdentifier"":""prod_TLSM718B6R"",""description"":""DIGITAL_GOODS_EBOOK_DOWNLOAD"",""referenceNumber"":""ref_ZHAAPDXITH"",""commissionRateInPaise"":39452}"
tx_ahv57i50eje,MERCHANT_LEDGER,inv_8WLS6CQ3F2,987437,INR,2026-08-13,2026-08-22T19:01:01.251Z,MERCHANT_LEDGER: 9874.37 INR - COMMUNITY_MEMBERSHIP_FEE,"{""merchantIdentifier"":""MERCHANT_001"",""customerIdentifier"":""cust_EQWDWKHDK"",""productServiceIdentifier"":""prod_GY7NB03KEF"",""description"":""SOFTWARE_LICENSE_RENEWAL"",""referenceNumber"":""ref_073YPB2Q7P"",""commissionRateInPaise"":29623}"
tx_u1pmrx93w39,MERCHANT_LEDGER,inv_519DVHL7SM,1679468,INR,2026-08-15,2026-08-20T06:40:40.251Z,MERCHANT_LEDGER: 16794.68 INR - COMMUNITY_MEMBERSHIP_FEE,"{""merchantIdentifier"":""MERCHANT_001"",""customerIdentifier"":""cust_VWW5A3OE5U"",""productServiceIdentifier"":""prod_DKP5YQU924"",""description"":""CHARGEBACK_CUSTOMER_DISPUTE"",""referenceNumber"":""ref_MVW02JRMPG"",""commissionRateInPaise"":50384}"
tx_ijascjfdqj,MERCHANT_LEDGER,inv_VKMBKKP4SW,1796822,INR,2026-08-18,2026-08-14T06:03:06.251Z,MERCHANT_LEDGER: 17968.22 INR - REFUNDED_CUSTOMER_REQUEST,"{""merchantIdentifier"":""MERCHANT_001"",""customerIdentifier"":""cust_4V0DSX0K1Q"",""productServiceIdentifier"":""prod_JZ0P3M2HC2"",""description"":""PLATFORM_MAINTENANCE_FEE"",""referenceNumber"":""ref_NIZUBEFYVF"",""commissionRateInPaise"":53904}"
tx_8od7s9drkf8,MERCHANT_LEDGER,inv_RR15R2HNO6,1486633,INR,2026-07-30,2026-08-23T04:04:39.251Z,MERCHANT_LEDGER: 14866.33 INR - ANNUAL_PREMIUM_UPGRADE,"{""merchantIdentifier"":""MERCHANT_001"",""customerIdentifier"":""cust_2O7HPEVEM7"",""productServiceIdentifier"":""prod_UXLRL4X049"",""description"":""E_COMMERCE_ONE_TIME_SALE"",""referenceNumber"":""ref_ADSKS5C7RK"",""commissionRateInPaise"":44598}"
tx_714ue8yq9qb,MERCHANT_LEDGER,inv_1RH7OTZTFD,1638657,INR,2026-07-23,2026-08-14T04:10:32.251Z,MERCHANT_LEDGER: 16386.57 INR - ANNUAL_PREMIUM_UPGRADE,"{""merchantIdentifier"":""MERCHANT_001"",""customerIdentifier"":""cust_JX0JAULKNJ"",""productServiceIdentifier"":""prod_3JBXJ3HI7F"",""description"":""CHARITABLE_DONATION"",""referenceNumber"":""ref_KQVF8QUJLD"",""commissionRateInPaise"":49159}"
tx_jbhbqhen4v9,MERCHANT_LEDGER,inv_JUQ6129HHR,1111276,INR,2026-08-08,2026-08-16T11:54:46.251Z,MERCHANT_LEDGER: 11112.76 INR - SOFTWARE_LICENSE_RENEWAL,"{""merchantIdentifier"":""MERCHANT_001"",""customerIdentifier"":""cust_7KJXLFILAI"",""productServiceIdentifier"":""prod_FWG8JDQCAM"",""description"":""MONTHLY_SERVICE_SUBSCRIPTION"",""referenceNumber"":""ref_X56D6MT9PW"",""commissionRateInPaise"":33338}"
tx_10dd8k6p4qmg,MERCHANT_LEDGER,inv_A69VQARGAW,1857237,INR,2026-07-29,2026-08-19T09:04:23.251Z,MERCHANT_LEDGER: 18572.37 INR - ONLINE_SUBSCRIPTION_PURCHASE,"{""merchantIdentifier"":""MERCHANT_001"",""customerIdentifier"":""cust_VJRY1YWUS1"",""productServiceIdentifier"":""prod_CDRD1M0CUB"",""description"":""ONLINE_SUBSCRIPTION_PURCHASE"",""referenceNumber"":""ref_CMB8SDN5NV"",""commissionRateInPaise"":55717}"
tx_lzj8nh2s19,MERCHANT_LEDGER,inv_LBCCY4VISV,495885,INR,2026-08-06,2026-08-16T09:07:40.251Z,MERCHANT_LEDGER: 4958.85 INR - DIGITAL_GOODS_EBOOK_DOWNLOAD,"{""merchantIdentifier"":""MERCHANT_001"",""customerIdentifier"":""cust_BG4HO9GT1F"",""productServiceIdentifier"":""prod_0MI5D6WKDO"",""description"":""ANNUAL_PREMIUM_UPGRADE"",""referenceNumber"":""ref_9IBP701NZ9"",""commissionRateInPaise"":14876}"
tx_4xavmiowzu5,MERCHANT_LEDGER,inv_HOB8OTFR02,1933973,INR,2026-07-08,2026-08-23T05:04:21.251Z,MERCHANT_LEDGER: 19339.73 INR - MONTHLY_SERVICE_SUBSCRIPTION,"{""merchantIdentifier"":""MERCHANT_001"",""customerIdentifier"":""cust_8QO4KNDGRM"",""productServiceIdentifier"":""prod_2GGXYYMBDB"",""description"":""REFUNDED_CUSTOMER_REQUEST"",""referenceNumber"":""ref_2FZSK9OQX6"",""commissionRateInPaise"":58019}"
tx_qd9f2rzw09n,MERCHANT_LEDGER,inv_50YS0NQ8BU,598444,INR,2026-08-22,2026-08-14T01:10:46.251Z,MERCHANT_LEDGER: 5984.44 INR - REFUND_FOR_ORDER_INV_12345,"{""merchantIdentifier"":""MERCHANT_001"",""customerIdentifier"":""cust_0P8GCV7NUE"",""productServiceIdentifier"":""prod_BJXPRFTK3K"",""description"":""ANNUAL_PREMIUM_UPGRADE"",""referenceNumber"":""ref_FRJNXUSQ9G"",""commissionRateInPaise"":17953}"
tx_iiol51n5kto,MERCHANT_LEDGER,inv_7SWH8Y7D5B,286224,INR,2026-06-25,2026-08-15T04:28:23.252Z,MERCHANT_LEDGER: 2862.24 INR - MONTHLY_SERVICE_SUBSCRIPTION,"{""merchantIdentifier"":""MERCHANT_001"",""customerIdentifier"":""cust_GEJ2PCPPV7"",""productServiceIdentifier"":""prod_7KRXJEUWVK"",""description"":""DIGITAL_GOODS_EBOOK_DOWNLOAD"",""referenceNumber"":""ref_ZQ68D3K6WJ"",""commissionRateInPaise"":8586}"
tx_ok15lbf1d4r,MERCHANT_LEDGER,inv_WRG7XPWQOG,198166,INR,2026-07-28,2026-08-20T17:12:41.252Z,MERCHANT_LEDGER: 1981.66 INR - DIGITAL_GOODS_EBOOK_DOWNLOAD,"{""merchantIdentifier"":""MERCHANT_001"",""customerIdentifier"":""cust_LSN80VL8BV"",""productServiceIdentifier"":""prod_W9PEPD2EOG"",""description"":""SOFTWARE_LICENSE_RENEWAL"",""referenceNumber"":""ref_TAUIVKH3OR"",""commissionRateInPaise"":5944}"
tx_ehnqfoymq24,MERCHANT_LEDGER,inv_D4FFZ8C9MX,706989,INR,2026-07-31,2026-08-22T16:12:43.252Z,MERCHANT_LEDGER: 7069.89 INR - MONTHLY_SERVICE_SUBSCRIPTION,"{""merchantIdentifier"":""MERCHANT_001"",""customerIdentifier"":""cust_EWVI1QMZ7E"",""productServiceIdentifier"":""prod_JEB48YIAY7"",""description"":""PLATFORM_MAINTENANCE_FEE"",""referenceNumber"":""ref_OT5ZV98DT7"",""commissionRateInPaise"":21209}"
tx_uy1l91q902m,MERCHANT_LEDGER,inv_6W9W3QN3P5,847377,INR,2026-08-10,2026-08-19T23:44:52.252Z,MERCHANT_LEDGER: 8473.77 INR - DIGITAL_GOODS_EBOOK_DOWNLOAD,"{""merchantIdentifier"":""MERCHANT_001"",""customerIdentifier"":""cust_LJRT86BW86"",""productServiceIdentifier"":""prod_1Y7ILRWQSO"",""description"":""ONLINE_SUBSCRIPTION_PURCHASE"",""referenceNumber"":""ref_0JO1ZG4PMN"",""commissionRateInPaise"":25421}"
tx_5udd6rx1pjc,MERCHANT_LEDGER,inv_N6TK641CLX,1463913,INR,2026-08-22,2026-08-17T02:17:08.252Z,MERCHANT_LEDGER: 14639.13 INR - REFUNDED_CUSTOMER_REQUEST,"{""merchantIdentifier"":""MERCHANT_001"",""customerIdentifier"":""cust_TKHDAT5MH5"",""productServiceIdentifier"":""prod_HNYGFV2WWM"",""description"":""E_COMMERCE_ONE_TIME_SALE"",""referenceNumber"":""ref_64KRMZKKDC"",""commissionRateInPaise"":43917}"
tx_7virkmeccyx,MERCHANT_LEDGER,inv_BX9DY44MX9,1687998,INR,2026-07-08,2026-08-15T15:39:20.252Z,MERCHANT_LEDGER: 16879.98 INR - MONTHLY_SERVICE_SUBSCRIPTION,"{""merchantIdentifier"":""MERCHANT_001"",""customerIdentifier"":""cust_YV3GDQUY53"",""productServiceIdentifier"":""prod_M6YM4P3LJR"",""description"":""COMMUNITY_MEMBERSHIP_FEE"",""referenceNumber"":""ref_7HNAFK3FT4"",""commissionRateInPaise"":50639}"
tx_qkzc7c24f1b,MERCHANT_LEDGER,inv_BL791EMN3B,142342,INR,2026-07-28,2026-08-22T12:42:56.252Z,MERCHANT_LEDGER: 1423.42 INR - PLATFORM_MAINTENANCE_FEE,"{""merchantIdentifier"":""MERCHANT_001"",""customerIdentifier"":""cust_JU6WR2BZ7C"",""productServiceIdentifier"":""prod_06XAUQFJF4"",""description"":""REFUND_FOR_ORDER_INV_12345"",""referenceNumber"":""ref_VVJZJOM41J"",""commissionRateInPaise"":4270}"
tx_qmttd9d0ijm,MERCHANT_LEDGER,inv_8K8XVFEI14,1304774,INR,2026-07-30,2026-08-20T08:34:19.252Z,MERCHANT_LEDGER: 13047.74 INR - DIGITAL_GOODS_EBOOK_DOWNLOAD,"{""merchantIdentifier"":""MERCHANT_001"",""customerIdentifier"":""cust_1RGNIE3J92"",""productServiceIdentifier"":""prod_DAEBT7L26Z"",""description"":""REFUNDED_CUSTOMER_REQUEST"",""referenceNumber"":""ref_XKGWCKSJ8S"",""commissionRateInPaise"":39143}"
tx_uho766liych,MERCHANT_LEDGER,inv_39U8SO5DSW,1416168,INR,2026-08-09,2026-08-17T02:29:04.252Z,MERCHANT_LEDGER: 14161.68 INR - E_COMMERCE_ONE_TIME_SALE,"{""merchantIdentifier"":""MERCHANT_001"",""customerIdentifier"":""cust_9WQTBXR12U"",""productServiceIdentifier"":""prod_AC5RJMDIZN"",""description"":""ANNUAL_PREMIUM_UPGRADE"",""referenceNumber"":""ref_TNE37X4BLO"",""commissionRateInPaise"":42485}"
tx_5hxqp38pa0u,MERCHANT_LEDGER,inv_BYRWMSOPKO,517071,INR,2026-08-03,2026-08-15T22:15:04.252Z,MERCHANT_LEDGER: 5170.71 INR - CHARGEBACK_CUSTOMER_DISPUTE,"{""merchantIdentifier"":""MERCHANT_001"",""customerIdentifier"":""cust_AWMQWXTG8N"",""productServiceIdentifier"":""prod_EUHTQ4WNIH"",""description"":""ONLINE_SUBSCRIPTION_PURCHASE"",""referenceNumber"":""ref_CSURR2VKQY"",""commissionRateInPaise"":15512}"
tx_l4xukwbty9,MERCHANT_LEDGER,inv_D3L37YY8LM,138175,INR,2026-08-06,2026-08-20T07:24:15.252Z,MERCHANT_LEDGER: 1381.75 INR - REFUNDED_CUSTOMER_REQUEST,"{""merchantIdentifier"":""MERCHANT_001"",""customerIdentifier"":""cust_ZBDAK5U2H3"",""productServiceIdentifier"":""prod_2JVQZMODPS"",""description"":""ANNUAL_PREMIUM_UPGRADE"",""referenceNumber"":""ref_M9JV08I2EB"",""commissionRateInPaise"":4145}"
tx_b75d40n1m6d,MERCHANT_LEDGER,inv_BDCJE5J56L,1988273,INR,2026-07-19,2026-08-23T14:00:05.252Z,MERCHANT_LEDGER: 19882.73 INR - E_COMMERCE_ONE_TIME_SALE,"{""merchantIdentifier"":""MERCHANT_001"",""customerIdentifier"":""cust_87L9LUS1LG"",""productServiceIdentifier"":""prod_BSMEQ5CRAB"",""description"":""CHARITABLE_DONATION"",""referenceNumber"":""ref_IVJZWGAC6D"",""commissionRateInPaise"":59648}"
tx_z4mc068147,MERCHANT_LEDGER,inv_DVFGWM2AXR,1196775,INR,2026-07-29,2026-08-15T19:02:15.252Z,MERCHANT_LEDGER: 11967.75 INR - CHARGEBACK_CUSTOMER_DISPUTE,"{""merchantIdentifier"":""MERCHANT_001"",""customerIdentifier"":""cust_67GJEJY17A"",""productServiceIdentifier"":""prod_DIFDUUVHES"",""description"":""REFUNDED_CUSTOMER_REQUEST"",""referenceNumber"":""ref_L4EMAGTRKS"",""commissionRateInPaise"":35903}"
tx_5p1r2833vpe,MERCHANT_LEDGER,inv_SZWPNKE8Q,247129,INR,2026-07-07,2026-08-14T22:22:13.252Z,MERCHANT_LEDGER: 2471.29 INR - COMMUNITY_MEMBERSHIP_FEE,"{""merchantIdentifier"":""MERCHANT_001"",""customerIdentifier"":""cust_B8INL7HG1I"",""productServiceIdentifier"":""prod_86WVIDGI3W"",""description"":""REFUND_FOR_ORDER_INV_12345"",""referenceNumber"":""ref_UV7F6TUAV6"",""commissionRateInPaise"":7413}"
tx_b3j3df71b5o,MERCHANT_LEDGER,inv_4H0X6KPPWN,1649603,INR,2026-07-22,2026-08-20T22:10:04.252Z,MERCHANT_LEDGER: 16496.03 INR - MONTHLY_SERVICE_SUBSCRIPTION,"{""merchantIdentifier"":""MERCHANT_001"",""customerIdentifier"":""cust_EJBRGP092S"",""productServiceIdentifier"":""prod_YQSFI37BFW"",""description"":""CHARGEBACK_CUSTOMER_DISPUTE"",""referenceNumber"":""ref_2E8R38L2NV"",""commissionRateInPaise"":49488}"
tx_nl0pn8drmk8,MERCHANT_LEDGER,inv_L1YYJJAQ9M,1658308,INR,2026-08-16,2026-08-23T05:43:21.252Z,MERCHANT_LEDGER: 16583.08 INR - CHARITABLE_DONATION,"{""merchantIdentifier"":""MERCHANT_001"",""customerIdentifier"":""cust_EIEO6KM9S7"",""productServiceIdentifier"":""prod_8STZYPK209"",""description"":""COMMUNITY_MEMBERSHIP_FEE"",""referenceNumber"":""ref_2PLFL6FTLW"",""commissionRateInPaise"":49749}"
tx_1569du87wnr,MERCHANT_LEDGER,inv_1UXBD9SQG2,1899010,INR,2026-07-23,2026-08-22T22:30:03.252Z,MERCHANT_LEDGER: 18990.1 INR - COMMUNITY_MEMBERSHIP_FEE,"{""merchantIdentifier"":""MERCHANT_001"",""customerIdentifier"":""cust_X7WTQC09HC"",""productServiceIdentifier"":""prod_USVXH2RKP6"",""description"":""COMMUNITY_MEMBERSHIP_FEE"",""referenceNumber"":""ref_KJ93ZRM0A2"",""commissionRateInPaise"":56970}"
tx_52ni6hyibt5,MERCHANT_LEDGER,inv_H70FH2E3XJ,301762,INR,2026-07-23,2026-08-20T09:55:51.252Z,MERCHANT_LEDGER: 3017.62 INR - E_COMMERCE_ONE_TIME_SALE,"{""merchantIdentifier"":""MERCHANT_001"",""customerIdentifier"":""cust_ESL0T00WKA"",""productServiceIdentifier"":""prod_S0QZAPNVL0"",""description"":""PLATFORM_MAINTENANCE_FEE"",""referenceNumber"":""ref_0HUIVFMIRL"",""commissionRateInPaise"":9052}"
tx_mf4jwl2c5dk,MERCHANT_LEDGER,inv_FTN3KN9Z08,1108327,INR,2026-07-20,2026-08-21T03:49:30.252Z,MERCHANT_LEDGER: 11083.27 INR - PLATFORM_MAINTENANCE_FEE,"{""merchantIdentifier"":""MERCHANT_001"",""customerIdentifier"":""cust_8NLG9D773C"",""productServiceIdentifier"":""prod_W2BTDW0RPW"",""description"":""CHARITABLE_DONATION"",""referenceNumber"":""ref_MPG9W7YP0D"",""commissionRateInPaise"":33249}"
tx_rdrcvt34c2m,MERCHANT_LEDGER,inv_XXJWWQK9XD,1044081,INR,2026-07-03,2026-08-14T03:50:44.252Z,MERCHANT_LEDGER: 10440.81 INR - ONLINE_SUBSCRIPTION_PURCHASE,"{""merchantIdentifier"":""MERCHANT_001"",""customerIdentifier"":""cust_ULHRMRYU67"",""productServiceIdentifier"":""prod_FQATFR00CG"",""description"":""REFUNDED_CUSTOMER_REQUEST"",""referenceNumber"":""ref_QC3CEA308A"",""commissionRateInPaise"":31322}"
tx_fvgwnp2z2pn,MERCHANT_LEDGER,inv_WSHP01ONNV,447130,INR,2026-08-11,2026-08-23T16:24:33.252Z,MERCHANT_LEDGER: 4471.3 INR - ONLINE_SUBSCRIPTION_PURCHASE,"{""merchantIdentifier"":""MERCHANT_001"",""customerIdentifier"":""cust_NK9DBQAZ2Z"",""productServiceIdentifier"":""prod_V0433BPKJW"",""description"":""DIGITAL_GOODS_EBOOK_DOWNLOAD"",""referenceNumber"":""ref_SAN94BBT5G"",""commissionRateInPaise"":13413}"
tx_arpe4fxb6pg,MERCHANT_LEDGER,inv_66LI5EAX07,1723581,INR,2026-07-09,2026-08-15T09:15:13.252Z,MERCHANT_LEDGER: 17235.81 INR - REFUND_FOR_ORDER_INV_12345,"{""merchantIdentifier"":""MERCHANT_001"",""customerIdentifier"":""cust_BREM3WWJ46"",""productServiceIdentifier"":""prod_ZA9VYHNYV2"",""description"":""SOFTWARE_LICENSE_RENEWAL"",""referenceNumber"":""ref_0BJHLVNHMX"",""commissionRateInPaise"":51707}"
tx_utajc9a1cwo,MERCHANT_LEDGER,inv_C3T3VOZARD,856477,INR,2026-08-18,2026-08-16T08:49:21.252Z,MERCHANT_LEDGER: 8564.77 INR - DIGITAL_GOODS_EBOOK_DOWNLOAD,"{""merchantIdentifier"":""MERCHANT_001"",""customerIdentifier"":""cust_O0454306Q6"",""productServiceIdentifier"":""prod_G5MIZF1BX1"",""description"":""SOFTWARE_LICENSE_RENEWAL"",""referenceNumber"":""ref_68AZ6MED0V"",""commissionRateInPaise"":25694}"
tx_tgceu202ht,MERCHANT_LEDGER,inv_VQMQK4FS18,1544670,INR,2026-08-22,2026-08-18T14:30:43.252Z,MERCHANT_LEDGER: 15446.7 INR - PLATFORM_MAINTENANCE_FEE,"{""merchantIdentifier"":""MERCHANT_001"",""customerIdentifier"":""cust_QYBH0XVCTN"",""productServiceIdentifier"":""prod_WWEI58DEUJ"",""description"":""CHARITABLE_DONATION"",""referenceNumber"":""ref_1NFQ8JW548"",""commissionRateInPaise"":46340}"
tx_pqxe27pg9f,MERCHANT_LEDGER,inv_T1ORDM8N82,734906,INR,2026-07-26,2026-08-15T20:16:04.252Z,MERCHANT_LEDGER: 7349.06 INR - SOFTWARE_LICENSE_RENEWAL,"{""merchantIdentifier"":""MERCHANT_001"",""customerIdentifier"":""cust_34RIWMS3Q1"",""productServiceIdentifier"":""prod_98HRXY6FEP"",""description"":""PLATFORM_MAINTENANCE_FEE"",""referenceNumber"":""ref_FB6W1IYE5O"",""commissionRateInPaise"":22047}"
tx_tl5n3qo8ih8,MERCHANT_LEDGER,inv_PUDP355LEI,401951,INR,2026-08-23,2026-08-18T00:45:02.252Z,MERCHANT_LEDGER: 4019.51 INR - REFUNDED_CUSTOMER_REQUEST,"{""merchantIdentifier"":""MERCHANT_001"",""customerIdentifier"":""cust_CUST211MON"",""productServiceIdentifier"":""prod_ABNIHJIS94"",""description"":""CHARITABLE_DONATION"",""referenceNumber"":""ref_10ISMHYUX2"",""commissionRateInPaise"":12058}"
tx_oobp6gugne,MERCHANT_LEDGER,inv_Q7TV5KHG3Z,274061,INR,2026-08-14,2026-08-17T17:52:47.252Z,MERCHANT_LEDGER: 2740.61 INR - E_COMMERCE_ONE_TIME_SALE,"{""merchantIdentifier"":""MERCHANT_001"",""customerIdentifier"":""cust_90RPN0PKC"",""productServiceIdentifier"":""prod_VH3WNFWCC1"",""description"":""ONLINE_SUBSCRIPTION_PURCHASE"",""referenceNumber"":""ref_VYMWKUKA6D"",""commissionRateInPaise"":8221}"
tx_iyo21zyoxn,MERCHANT_LEDGER,inv_5X5U3SEFRF,331627,INR,2026-08-05,2026-08-21T06:13:31.252Z,MERCHANT_LEDGER: 3316.27 INR - ONLINE_SUBSCRIPTION_PURCHASE,"{""merchantIdentifier"":""MERCHANT_001"",""customerIdentifier"":""cust_GZF44K7TOJ"",""productServiceIdentifier"":""prod_GLXWW7N9A6"",""description"":""ONLINE_SUBSCRIPTION_PURCHASE"",""referenceNumber"":""ref_6HAODDDXH0"",""commissionRateInPaise"":9948}"
tx_zvseyoe0dyr,MERCHANT_LEDGER,inv_GP92RVTRQR,1696830,INR,2026-07-01,2026-08-13T20:18:41.252Z,MERCHANT_LEDGER: 16968.3 INR - COMMUNITY_MEMBERSHIP_FEE,"{""merchantIdentifier"":""MERCHANT_001"",""customerIdentifier"":""cust_XMRXKMHQUG"",""productServiceIdentifier"":""prod_DMRYE02HD7"",""description"":""SOFTWARE_LICENSE_RENEWAL"",""referenceNumber"":""ref_8H56ZE00XQ"",""commissionRateInPaise"":50904}"
tx_4czuk3nb4ab,MERCHANT_LEDGER,inv_RNCCC5NDDF,926017,INR,2026-07-28,2026-08-21T06:28:12.252Z,MERCHANT_LEDGER: 9260.17 INR - REFUND_FOR_ORDER_INV_12345,"{""merchantIdentifier"":""MERCHANT_001"",""customerIdentifier"":""cust_HXAVET45C6"",""productServiceIdentifier"":""prod_IZMCQPBX5Y"",""description"":""MONTHLY_SERVICE_SUBSCRIPTION"",""referenceNumber"":""ref_YXNT4UO5HI"",""commissionRateInPaise"":27780}"
tx_a60wgghwt0b,MERCHANT_LEDGER,inv_BTB2HSCP9W,1332486,INR,2026-07-21,2026-08-22T13:42:54.252Z,MERCHANT_LEDGER: 13324.86 INR - ONLINE_SUBSCRIPTION_PURCHASE,"{""merchantIdentifier"":""MERCHANT_001"",""customerIdentifier"":""cust_XY6XCL6BHP"",""productServiceIdentifier"":""prod_MWEG0LKU5G"",""description"":""ONLINE_SUBSCRIPTION_PURCHASE"",""referenceNumber"":""ref_J8ZU8RLVXW"",""commissionRateInPaise"":39974}"
tx_qidjz65jvaf,MERCHANT_LEDGER,inv_D7DXC0NWAX,1534145,INR,2026-07-03,2026-08-14T02:53:38.252Z,MERCHANT_LEDGER: 15341.45 INR - SOFTWARE_LICENSE_RENEWAL,"{""merchantIdentifier"":""MERCHANT_001"",""customerIdentifier"":""cust_4DFBXXZAZB"",""productServiceIdentifier"":""prod_A0PRKNATC3"",""description"":""CHARGEBACK_CUSTOMER_DISPUTE"",""referenceNumber"":""ref_8D3R1LYCAD"",""commissionRateInPaise"":46024}"
tx_0zl84qeioc5,MERCHANT_LEDGER,inv_QRXPRMSUAS,1031484,INR,2026-07-12,2026-08-21T22:36:57.252Z,MERCHANT_LEDGER: 10314.84 INR - ONLINE_SUBSCRIPTION_PURCHASE,"{""merchantIdentifier"":""MERCHANT_001"",""customerIdentifier"":""cust_4YVI1RYGKA"",""productServiceIdentifier"":""prod_Q3PSMRML14"",""description"":""MONTHLY_SERVICE_SUBSCRIPTION"",""referenceNumber"":""ref_ETNX7X2913"",""commissionRateInPaise"":30944}"